2026-03-03 17:04:38,289 - Knowledge - INFO - Created shared MongoDB connection pool
2026-03-03 17:04:38,670 - Knowledge - INFO - Starting Knowledge Graph processing with 20 threads
2026-03-03 17:04:38,824 - Knowledge - INFO - Initial configuration: chunk_size=65536, max_cache_size=500
2026-03-03 17:04:39,010 - Knowledge - INFO - Knowledge Graph concurrency configuration: workers=20, max_batch_size=10, max_concurrent_llm_calls=50
2026-03-03 17:04:40,907 - Knowledge - INFO - 🔍 _load_persisted_knowledge called - checking for Redis optimization
2026-03-03 17:04:41,095 - Knowledge - WARNING - ❌ load_from_redis method not found - Redis support not attached
2026-03-03 17:04:41,246 - Knowledge - INFO - load persisted knowledge: begin
2026-03-03 17:04:41,448 - Knowledge - INFO - Loaded 0 files from persisted knowledge
2026-03-03 17:04:41,672 - Knowledge - INFO - load persisted knowledge: end
2026-03-03 17:04:41,827 - Knowledge - WARNING - No persisted knowledge found. Files will be queued during start()
2026-03-03 17:04:42,041 - Knowledge - INFO - Redis support added with prefix knowledge:b5857iz:
2026-03-03 17:04:51,176 - Knowledge - INFO - Starting knowledge initialization for ID: 0lc36Q-b5857iz
2026-03-03 17:04:51,357 - Knowledge - INFO - 🔍 Checking Redis for build_id: b5857iz
2026-03-03 17:04:51,550 - Knowledge - INFO - 🔍 Full session ID: 0lc36Q-b5857iz
2026-03-03 17:04:51,749 - Knowledge - INFO - 🔍 Redis prefix will be: knowledge:b5857iz:
2026-03-03 17:04:51,940 - Knowledge - INFO - 🔍 Using attached load_from_redis() method
2026-03-03 17:04:52,145 - Knowledge - INFO - 🔍 Attempting to load knowledge from Redis...
2026-03-03 17:04:52,348 - Knowledge - INFO - 🔍 Using derived instance_id for Redis lookup: b5857iz
2026-03-03 17:04:52,570 - Knowledge - WARNING - ❌ No Redis cache found
2026-03-03 17:04:52,768 - Knowledge - INFO - 📁 Loading knowledge from disk...
2026-03-03 17:04:53,044 - Knowledge - INFO - load persisted docinfo: begin
2026-03-03 17:04:53,230 - Knowledge - INFO - load persisted docinfo: end
2026-03-03 17:04:53,458 - Knowledge - INFO - 🔍 _load_persisted_knowledge called - checking for Redis optimization
2026-03-03 17:04:53,683 - Knowledge - INFO - ✅ load_from_redis method found - attempting Redis load
2026-03-03 17:04:53,852 - Knowledge - INFO - 🔍 Attempting to load knowledge from Redis...
2026-03-03 17:04:54,085 - Knowledge - INFO - 🔍 Using derived instance_id for Redis lookup: b5857iz
2026-03-03 17:04:54,266 - Knowledge - WARNING - ❌ No Redis cache found
2026-03-03 17:04:54,470 - Knowledge - INFO - ❌ Redis load returned False - falling back to file loading
2026-03-03 17:04:54,697 - Knowledge - INFO - load persisted knowledge: begin
2026-03-03 17:04:54,910 - Knowledge - INFO - Loaded 0 files from persisted knowledge
2026-03-03 17:04:55,093 - Knowledge - INFO - load persisted knowledge: end
2026-03-03 17:04:55,265 - Knowledge - INFO - 📁 Disk load complete in 2.31s
2026-03-03 17:04:55,503 - Knowledge - INFO - Populating ingest queue with source files...
2026-03-03 17:05:08,765 - Knowledge - INFO - Added 1167 files from /app/data/T0015/327978/b5857iz/shopizer-327978 to ingest queue
2026-03-03 17:05:08,949 - Knowledge - INFO - [WEBSOCKET] Sent: Type=progress_update, Size: 161, Duration: 0ms
2026-03-03 17:05:09,170 - Knowledge - INFO - Worker kw1 created using shared MongoDB connection pool
2026-03-03 17:05:09,362 - Knowledge - INFO - knowledge worker kw1 start
2026-03-03 17:05:09,363 - Knowledge - INFO - Worker kw2 created using shared MongoDB connection pool
2026-03-03 17:05:09,557 - Knowledge - INFO - [kw1] Queue=1167, InProgress=0, PendingWorkers=0/1, Completed=0/1167 (0.0%)
2026-03-03 17:05:09,643 - Knowledge - INFO - knowledge worker kw2 start
2026-03-03 17:05:09,644 - Knowledge - INFO - Worker kw3 created using shared MongoDB connection pool
2026-03-03 17:05:09,726 - Knowledge - INFO - Batch sizing: calculated=10, max_allowed=10, queue=1167, active_workers=0/2
2026-03-03 17:05:09,881 - Knowledge - INFO - [kw2] Queue=1167, InProgress=0, PendingWorkers=0/2, Completed=0/1167 (0.0%)
2026-03-03 17:05:10,316 - Knowledge - INFO - knowledge worker kw3 start
2026-03-03 17:05:10,316 - Knowledge - INFO - Worker kw4 created using shared MongoDB connection pool
2026-03-03 17:05:10,400 - Knowledge - INFO - Worker kw1 processing /app/data/T0015/327978/b5857iz/shopizer-327978/LICENSE.md
2026-03-03 17:05:10,475 - Knowledge - INFO - Batch sizing: calculated=10, max_allowed=10, queue=1167, active_workers=1/3
2026-03-03 17:05:10,602 - Knowledge - INFO - [kw3] Queue=1157, InProgress=0, PendingWorkers=1/3, Completed=0/1167 (0.0%)
2026-03-03 17:05:10,679 - Knowledge - INFO - knowledge worker kw4 start
2026-03-03 17:05:10,680 - Knowledge - INFO - Worker kw5 created using shared MongoDB connection pool
2026-03-03 17:05:10,765 - Knowledge - INFO - Fast-tracked /app/data/T0015/327978/b5857iz/shopizer-327978/LICENSE.md (ext=.md, size=26461)
2026-03-03 17:05:11,114 - Knowledge - INFO - Worker kw2 processing /app/data/T0015/327978/b5857iz/shopizer-327978/sm-core/src/test/java/com/salesmanager/test/search/IndexProductTestCase.java
2026-03-03 17:05:11,251 - Knowledge - INFO - Batch sizing: calculated=10, max_allowed=10, queue=1157, active_workers=2/4
2026-03-03 17:05:11,366 - Knowledge - INFO - [kw4] Queue=1147, InProgress=0, PendingWorkers=2/4, Completed=0/1167 (0.0%)
2026-03-03 17:05:11,498 - Knowledge - INFO - knowledge worker kw5 start
2026-03-03 17:05:11,498 - Knowledge - INFO - Worker kw6 created using shared MongoDB connection pool
2026-03-03 17:05:11,565 - Knowledge - INFO - Worker kw1 processing /app/data/T0015/327978/b5857iz/shopizer-327978/sm-core/src/test/java/com/salesmanager/test/email/EmailTestCase.java
2026-03-03 17:05:11,670 - Knowledge - INFO - Fast-tracked /app/data/T0015/327978/b5857iz/shopizer-327978/sm-core/src/test/java/com/salesmanager/test/search/IndexProductTestCase.java (ext=.java, size=5411)
2026-03-03 17:05:11,740 - Knowledge - INFO - Worker kw3 processing /app/data/T0015/327978/b5857iz/shopizer-327978/sm-core/src/test/java/com/salesmanager/test/tax/TaxTestCase.java
2026-03-03 17:05:11,840 - Knowledge - INFO - Batch sizing: calculated=10, max_allowed=10, queue=1147, active_workers=3/5
2026-03-03 17:05:11,929 - Knowledge - INFO - [kw5] Queue=1137, InProgress=0, PendingWorkers=3/5, Completed=0/1167 (0.0%)
2026-03-03 17:05:12,283 - Knowledge - INFO - knowledge worker kw6 start
2026-03-03 17:05:12,284 - Knowledge - INFO - Worker kw7 created using shared MongoDB connection pool
2026-03-03 17:05:12,364 - Knowledge - INFO - Fast-tracked /app/data/T0015/327978/b5857iz/shopizer-327978/sm-core/src/test/java/com/salesmanager/test/email/EmailTestCase.java (ext=.java, size=1915)
2026-03-03 17:05:12,441 - Knowledge - INFO - Worker kw2 processing /app/data/T0015/327978/b5857iz/shopizer-327978/sm-core/src/test/java/com/salesmanager/test/payment/PaymentTestCase.java
2026-03-03 17:05:12,526 - Knowledge - INFO - Fast-tracked /app/data/T0015/327978/b5857iz/shopizer-327978/sm-core/src/test/java/com/salesmanager/test/tax/TaxTestCase.java (ext=.java, size=8390)
2026-03-03 17:05:12,652 - Knowledge - INFO - Worker kw4 processing /app/data/T0015/327978/b5857iz/shopizer-327978/sm-core/src/test/resources/spring/test-datasource.xml
2026-03-03 17:05:12,742 - Knowledge - INFO - Batch sizing: calculated=10, max_allowed=10, queue=1137, active_workers=4/6
2026-03-03 17:05:12,829 - Knowledge - INFO - [kw6] Queue=1127, InProgress=0, PendingWorkers=4/6, Completed=0/1167 (0.0%)
2026-03-03 17:05:12,913 - Knowledge - INFO - knowledge worker kw7 start
2026-03-03 17:05:12,913 - Knowledge - INFO - Worker kw8 created using shared MongoDB connection pool
2026-03-03 17:05:13,016 - Knowledge - INFO - Worker kw1 processing /app/data/T0015/327978/b5857iz/shopizer-327978/sm-core/src/test/java/com/salesmanager/test/init/AbstractInitSalesManagerCore.java
2026-03-03 17:05:13,135 - Knowledge - INFO - Fast-tracked /app/data/T0015/327978/b5857iz/shopizer-327978/sm-core/src/test/java/com/salesmanager/test/payment/PaymentTestCase.java (ext=.java, size=3983)
2026-03-03 17:05:13,251 - Knowledge - INFO - Worker kw3 processing /app/data/T0015/327978/b5857iz/shopizer-327978/sm-core/src/test/java/com/salesmanager/test/content/WebsiteContentTestCase.java
2026-03-03 17:05:13,362 - Knowledge - INFO - Fast-tracked /app/data/T0015/327978/b5857iz/shopizer-327978/sm-core/src/test/resources/spring/test-datasource.xml (ext=.xml, size=666)
2026-03-03 17:05:13,473 - Knowledge - INFO - Worker kw5 processing /app/data/T0015/327978/b5857iz/shopizer-327978/sm-core/src/main/java/com/salesmanager/core/business/order/dao/orderproduct/OrderProductDownloadDaoImpl.java
2026-03-03 17:05:13,556 - Knowledge - INFO - Batch sizing: calculated=10, max_allowed=10, queue=1127, active_workers=5/7
2026-03-03 17:05:13,655 - Knowledge - INFO - [kw7] Queue=1117, InProgress=0, PendingWorkers=5/7, Completed=0/1167 (0.0%)
2026-03-03 17:05:13,745 - Knowledge - INFO - knowledge worker kw8 start
2026-03-03 17:05:13,746 - Knowledge - INFO - Worker kw9 created using shared MongoDB connection pool
2026-03-03 17:05:13,840 - Knowledge - INFO - Fast-tracked /app/data/T0015/327978/b5857iz/shopizer-327978/sm-core/src/test/java/com/salesmanager/test/init/AbstractInitSalesManagerCore.java (ext=.java, size=6895)
2026-03-03 17:05:13,923 - Knowledge - INFO - Worker kw2 processing /app/data/T0015/327978/b5857iz/shopizer-327978/sm-core/src/test/java/com/salesmanager/test/utils/ImportIntegrationModule.java
2026-03-03 17:05:14,056 - Knowledge - INFO - Fast-tracked /app/data/T0015/327978/b5857iz/shopizer-327978/sm-core/src/test/java/com/salesmanager/test/content/WebsiteContentTestCase.java (ext=.java, size=1506)
2026-03-03 17:05:14,144 - Knowledge - INFO - Worker kw4 processing /app/data/T0015/327978/b5857iz/shopizer-327978/sm-core/src/main/java/com/salesmanager/core/business/order/dao/OrderDao.java
2026-03-03 17:05:14,231 - Knowledge - INFO - Worker kw5 processing /app/data/T0015/327978/b5857iz/shopizer-327978/sm-core/src/main/java/com/salesmanager/core/business/order/service/OrderService.java
2026-03-03 17:05:14,320 - Knowledge - INFO - Worker kw6 processing /app/data/T0015/327978/b5857iz/shopizer-327978/sm-core/src/main/java/com/salesmanager/core/business/order/model/filehistory/FileHistory.java
2026-03-03 17:05:14,439 - Knowledge - INFO - Batch sizing: calculated=10, max_allowed=10, queue=1117, active_workers=6/8
2026-03-03 17:05:14,518 - Knowledge - INFO - [kw8] Queue=1107, InProgress=0, PendingWorkers=6/8, Completed=0/1167 (0.0%)
2026-03-03 17:05:14,619 - Knowledge - INFO - knowledge worker kw9 start
2026-03-03 17:05:14,619 - Knowledge - INFO - Worker kw10 created using shared MongoDB connection pool
2026-03-03 17:05:14,691 - Knowledge - INFO - Worker kw1 processing /app/data/T0015/327978/b5857iz/shopizer-327978/sm-core/src/test/java/com/salesmanager/test/order/InvoiceTestCase.java
2026-03-03 17:05:14,771 - Knowledge - INFO - Fast-tracked /app/data/T0015/327978/b5857iz/shopizer-327978/sm-core/src/test/java/com/salesmanager/test/utils/ImportIntegrationModule.java (ext=.java, size=2935)
2026-03-03 17:05:14,845 - Knowledge - INFO - Worker kw3 processing /app/data/T0015/327978/b5857iz/shopizer-327978/sm-core/src/test/java/com/salesmanager/test/content/ContentImagesTestCase.java
2026-03-03 17:05:14,983 - Knowledge - INFO - Fast-tracked /app/data/T0015/327978/b5857iz/shopizer-327978/sm-core/src/main/java/com/salesmanager/core/business/order/dao/OrderDao.java (ext=.java, size=532)
2026-03-03 17:05:15,098 - Knowledge - INFO - Worker kw5 processing /app/data/T0015/327978/b5857iz/shopizer-327978/sm-core/src/main/java/com/salesmanager/core/business/order/service/orderproduct/OrderProductDownloadServiceImpl.java
2026-03-03 17:05:15,169 - Knowledge - INFO - Worker kw6 processing /app/data/T0015/327978/b5857iz/shopizer-327978/sm-core/src/main/java/com/salesmanager/core/business/order/model/OrderTotalType.java
2026-03-03 17:05:15,291 - Knowledge - INFO - Worker kw7 processing /app/data/T0015/327978/b5857iz/shopizer-327978/sm-core/src/main/java/com/salesmanager/core/business/order/model/orderproduct/OrderProductAttribute.java
2026-03-03 17:05:15,363 - Knowledge - INFO - Batch sizing: calculated=10, max_allowed=10, queue=1107, active_workers=7/9
2026-03-03 17:05:15,448 - Knowledge - INFO - [kw9] Queue=1097, InProgress=0, PendingWorkers=7/9, Completed=0/1167 (0.0%)
2026-03-03 17:05:15,574 - Knowledge - INFO - knowledge worker kw10 start
2026-03-03 17:05:15,574 - Knowledge - INFO - Worker kw11 created using shared MongoDB connection pool
2026-03-03 17:05:15,654 - Knowledge - INFO - Fast-tracked /app/data/T0015/327978/b5857iz/shopizer-327978/sm-core/src/test/java/com/salesmanager/test/order/InvoiceTestCase.java (ext=.java, size=23722)
2026-03-03 17:05:15,749 - Knowledge - INFO - Worker kw2 processing /app/data/T0015/327978/b5857iz/shopizer-327978/sm-core/src/test/java/com/salesmanager/test/utils/UtilsTestCase.java
2026-03-03 17:05:15,838 - Knowledge - INFO - Fast-tracked /app/data/T0015/327978/b5857iz/shopizer-327978/sm-core/src/test/java/com/salesmanager/test/content/ContentImagesTestCase.java (ext=.java, size=7304)
2026-03-03 17:05:15,961 - Knowledge - INFO - Worker kw4 processing /app/data/T0015/327978/b5857iz/shopizer-327978/sm-core/src/main/java/com/salesmanager/core/business/order/dao/OrderTotalDao.java
2026-03-03 17:05:16,039 - Knowledge - INFO - Worker kw5 processing /app/data/T0015/327978/b5857iz/shopizer-327978/sm-core/src/main/java/com/salesmanager/core/business/order/service/orderproduct/OrderProductDownloadService.java
2026-03-03 17:05:16,151 - Knowledge - INFO - Fast-tracked /app/data/T0015/327978/b5857iz/shopizer-327978/sm-core/src/main/java/com/salesmanager/core/business/order/model/OrderTotalType.java (ext=.java, size=161)
2026-03-03 17:05:16,254 - Knowledge - INFO - Worker kw7 processing /app/data/T0015/327978/b5857iz/shopizer-327978/sm-core/src/main/java/com/salesmanager/core/business/order/model/orderproduct/OrderProductDownload.java
2026-03-03 17:05:16,332 - Knowledge - INFO - Worker kw8 processing /app/data/T0015/327978/b5857iz/shopizer-327978/sm-core/src/main/java/com/salesmanager/core/business/shipping/model/ShippingPackageType.java
2026-03-03 17:05:16,406 - Knowledge - INFO - Batch sizing: calculated=10, max_allowed=10, queue=1097, active_workers=8/10
2026-03-03 17:05:16,483 - Knowledge - INFO - [kw10] Queue=1087, InProgress=0, PendingWorkers=8/10, Completed=0/1167 (0.0%)
2026-03-03 17:05:16,565 - Knowledge - INFO - knowledge worker kw11 start
2026-03-03 17:05:16,565 - Knowledge - INFO - Worker kw12 created using shared MongoDB connection pool
2026-03-03 17:05:16,675 - Knowledge - INFO - Worker kw1 processing /app/data/T0015/327978/b5857iz/shopizer-327978/sm-core/src/test/java/com/salesmanager/test/order/OrderSalesManagerTestCase.java
2026-03-03 17:05:16,781 - Knowledge - INFO - Fast-tracked /app/data/T0015/327978/b5857iz/shopizer-327978/sm-core/src/test/java/com/salesmanager/test/utils/UtilsTestCase.java (ext=.java, size=1965)
2026-03-03 17:05:16,871 - Knowledge - INFO - Worker kw3 processing /app/data/T0015/327978/b5857iz/shopizer-327978/sm-core/src/test/java/com/salesmanager/test/content/StaticContentTestCase.java
2026-03-03 17:05:16,950 - Knowledge - INFO - Fast-tracked /app/data/T0015/327978/b5857iz/shopizer-327978/sm-core/src/main/java/com/salesmanager/core/business/order/dao/OrderTotalDao.java (ext=.java, size=280)
2026-03-03 17:05:17,071 - Knowledge - INFO - Fast-tracked /app/data/T0015/327978/b5857iz/shopizer-327978/sm-core/src/main/java/com/salesmanager/core/business/order/service/orderproduct/OrderProductDownloadService.java (ext=.java, size=536)
2026-03-03 17:05:17,158 - Knowledge - INFO - Worker kw6 processing /app/data/T0015/327978/b5857iz/shopizer-327978/sm-core/src/main/java/com/salesmanager/core/business/order/model/OrderSummary.java
2026-03-03 17:05:17,261 - Knowledge - INFO - Worker kw7 processing /app/data/T0015/327978/b5857iz/shopizer-327978/sm-core/src/main/java/com/salesmanager/core/business/order/model/orderproduct/OrderProduct.java
2026-03-03 17:05:17,377 - Knowledge - INFO - Fast-tracked /app/data/T0015/327978/b5857iz/shopizer-327978/sm-core/src/main/java/com/salesmanager/core/business/shipping/model/ShippingPackageType.java (ext=.java, size=106)
2026-03-03 17:05:17,450 - Knowledge - INFO - Worker kw9 processing /app/data/T0015/327978/b5857iz/shopizer-327978/sm-core/src/main/java/com/salesmanager/core/business/merchant/service/MerchantStoreService.java
2026-03-03 17:05:17,567 - Knowledge - INFO - Batch sizing: calculated=10, max_allowed=10, queue=1087, active_workers=9/11
2026-03-03 17:05:17,661 - Knowledge - INFO - [kw11] Queue=1077, InProgress=0, PendingWorkers=9/11, Completed=0/1167 (0.0%)
2026-03-03 17:05:17,744 - Knowledge - INFO - knowledge worker kw12 start
2026-03-03 17:05:17,744 - Knowledge - INFO - Worker kw13 created using shared MongoDB connection pool
2026-03-03 17:05:17,829 - Knowledge - INFO - Fast-tracked /app/data/T0015/327978/b5857iz/shopizer-327978/sm-core/src/test/java/com/salesmanager/test/order/OrderSalesManagerTestCase.java (ext=.java, size=19133)
2026-03-03 17:05:17,911 - Knowledge - INFO - Worker kw2 processing /app/data/T0015/327978/b5857iz/shopizer-327978/sm-core/src/test/java/com/salesmanager/test/utils/ExportSchema.java
2026-03-03 17:05:17,994 - Knowledge - INFO - Fast-tracked /app/data/T0015/327978/b5857iz/shopizer-327978/sm-core/src/test/java/com/salesmanager/test/content/StaticContentTestCase.java (ext=.java, size=6121)
2026-03-03 17:05:18,067 - Knowledge - INFO - Worker kw4 processing /app/data/T0015/327978/b5857iz/shopizer-327978/sm-core/src/main/java/com/salesmanager/core/business/order/dao/OrderDaoImpl.java
2026-03-03 17:05:18,158 - Knowledge - INFO - Worker kw5 processing /app/data/T0015/327978/b5857iz/shopizer-327978/sm-core/src/main/java/com/salesmanager/core/business/order/service/OrderServiceImpl.java
2026-03-03 17:05:18,242 - Knowledge - INFO - Fast-tracked /app/data/T0015/327978/b5857iz/shopizer-327978/sm-core/src/main/java/com/salesmanager/core/business/order/model/OrderSummary.java (ext=.java, size=1060)
2026-03-03 17:05:18,333 - Knowledge - INFO - Worker kw7 processing /app/data/T0015/327978/b5857iz/shopizer-327978/sm-core/src/main/java/com/salesmanager/core/business/order/model/OrderValueType.java
2026-03-03 17:05:18,423 - Knowledge - INFO - Worker kw8 processing /app/data/T0015/327978/b5857iz/shopizer-327978/sm-core/src/main/java/com/salesmanager/core/business/shipping/model/ShippingType.java
2026-03-03 17:05:18,525 - Knowledge - INFO - Fast-tracked /app/data/T0015/327978/b5857iz/shopizer-327978/sm-core/src/main/java/com/salesmanager/core/business/merchant/service/MerchantStoreService.java (ext=.java, size=798)
2026-03-03 17:05:18,636 - Knowledge - INFO - Worker kw10 processing /app/data/T0015/327978/b5857iz/shopizer-327978/sm-core/src/main/java/com/salesmanager/core/business/shoppingcart/service/ShoppingCartService.java
2026-03-03 17:05:18,721 - Knowledge - INFO - Batch sizing: calculated=10, max_allowed=10, queue=1077, active_workers=10/12
2026-03-03 17:05:18,800 - Knowledge - INFO - [kw12] Queue=1067, InProgress=0, PendingWorkers=10/12, Completed=0/1167 (0.0%)
2026-03-03 17:05:18,893 - Knowledge - INFO - knowledge worker kw13 start
2026-03-03 17:05:18,893 - Knowledge - INFO - Worker kw14 created using shared MongoDB connection pool
2026-03-03 17:05:18,979 - Knowledge - INFO - Worker kw1 processing /app/data/T0015/327978/b5857iz/shopizer-327978/sm-core/src/test/java/com/salesmanager/test/shipping/ShippingTestCase.java
2026-03-03 17:05:19,070 - Knowledge - INFO - Fast-tracked /app/data/T0015/327978/b5857iz/shopizer-327978/sm-core/src/test/java/com/salesmanager/test/utils/ExportSchema.java (ext=.java, size=1472)
2026-03-03 17:05:19,166 - Knowledge - INFO - Worker kw3 processing /app/data/T0015/327978/b5857iz/shopizer-327978/sm-core/src/test/java/com/salesmanager/test/catalog/ProductPriceTestCase.java
2026-03-03 17:05:19,245 - Knowledge - INFO - Worker kw4 processing /app/data/T0015/327978/b5857iz/shopizer-327978/sm-core/src/main/java/com/salesmanager/core/business/order/dao/OrderTotalDaoImpl.java
2026-03-03 17:05:19,343 - Knowledge - INFO - Worker kw5 processing /app/data/T0015/327978/b5857iz/shopizer-327978/sm-core/src/main/java/com/salesmanager/core/business/order/model/OrderTotal.java
2026-03-03 17:05:19,423 - Knowledge - INFO - Worker kw6 processing /app/data/T0015/327978/b5857iz/shopizer-327978/sm-core/src/main/java/com/salesmanager/core/business/order/model/OrderTotalSummary.java
2026-03-03 17:05:19,536 - Knowledge - INFO - Fast-tracked /app/data/T0015/327978/b5857iz/shopizer-327978/sm-core/src/main/java/com/salesmanager/core/business/order/model/OrderValueType.java (ext=.java, size=113)
2026-03-03 17:05:19,672 - Knowledge - INFO - Fast-tracked /app/data/T0015/327978/b5857iz/shopizer-327978/sm-core/src/main/java/com/salesmanager/core/business/shipping/model/ShippingType.java (ext=.java, size=120)
2026-03-03 17:05:19,761 - Knowledge - INFO - Worker kw9 processing /app/data/T0015/327978/b5857iz/shopizer-327978/sm-core/src/main/java/com/salesmanager/core/business/merchant/service/MerchantStoreServiceImpl.java
2026-03-03 17:05:19,845 - Knowledge - INFO - Worker kw10 processing /app/data/T0015/327978/b5857iz/shopizer-327978/sm-core/src/main/java/com/salesmanager/core/business/shoppingcart/model/ShoppingCart.java
2026-03-03 17:05:19,935 - Knowledge - INFO - Worker kw11 processing /app/data/T0015/327978/b5857iz/shopizer-327978/sm-core/src/main/java/com/salesmanager/core/business/customer/dao/attribute/CustomerOptionSetDaoImpl.java
2026-03-03 17:05:20,018 - Knowledge - INFO - Batch sizing: calculated=10, max_allowed=10, queue=1067, active_workers=11/13
2026-03-03 17:05:20,121 - Knowledge - INFO - [kw13] Queue=1057, InProgress=0, PendingWorkers=11/13, Completed=0/1167 (0.0%)
2026-03-03 17:05:20,246 - Knowledge - INFO - knowledge worker kw14 start
2026-03-03 17:05:20,247 - Knowledge - INFO - Worker kw15 created using shared MongoDB connection pool
2026-03-03 17:05:20,355 - Knowledge - INFO - Fast-tracked /app/data/T0015/327978/b5857iz/shopizer-327978/sm-core/src/test/java/com/salesmanager/test/shipping/ShippingTestCase.java (ext=.java, size=21606)
2026-03-03 17:05:20,444 - Knowledge - INFO - Worker kw2 processing /app/data/T0015/327978/b5857iz/shopizer-327978/sm-core/src/test/java/com/salesmanager/test/core/AbstractSalesManagerCoreTestCase.java
2026-03-03 17:05:20,528 - Knowledge - INFO - Fast-tracked /app/data/T0015/327978/b5857iz/shopizer-327978/sm-core/src/test/java/com/salesmanager/test/catalog/ProductPriceTestCase.java (ext=.java, size=1991)
2026-03-03 17:05:20,600 - Knowledge - INFO - Fast-tracked /app/data/T0015/327978/b5857iz/shopizer-327978/sm-core/src/main/java/com/salesmanager/core/business/order/dao/OrderTotalDaoImpl.java (ext=.java, size=445)
2026-03-03 17:05:20,726 - Knowledge - INFO - Worker kw5 processing /app/data/T0015/327978/b5857iz/shopizer-327978/sm-core/src/main/java/com/salesmanager/core/business/order/model/orderstatus/OrderStatus.java
2026-03-03 17:05:20,806 - Knowledge - INFO - Fast-tracked /app/data/T0015/327978/b5857iz/shopizer-327978/sm-core/src/main/java/com/salesmanager/core/business/order/model/OrderTotalSummary.java (ext=.java, size=1142)
2026-03-03 17:05:20,894 - Knowledge - INFO - Worker kw7 processing /app/data/T0015/327978/b5857iz/shopizer-327978/sm-core/src/main/java/com/salesmanager/core/business/order/model/OrderCriteria.java
2026-03-03 17:05:20,967 - Knowledge - INFO - Worker kw8 processing /app/data/T0015/327978/b5857iz/shopizer-327978/sm-core/src/main/java/com/salesmanager/core/business/shipping/model/PackageDetails.java
2026-03-03 17:05:21,061 - Knowledge - INFO - Worker kw9 processing /app/data/T0015/327978/b5857iz/shopizer-327978/sm-core/src/main/java/com/salesmanager/core/business/merchant/model/MerchantStore.java
2026-03-03 17:05:21,223 - Knowledge - INFO - Worker kw10 processing /app/data/T0015/327978/b5857iz/shopizer-327978/sm-core/src/main/java/com/salesmanager/core/business/shoppingcart/model/ShoppingCartItem.java
2026-03-03 17:05:21,344 - Knowledge - INFO - Worker kw11 processing /app/data/T0015/327978/b5857iz/shopizer-327978/sm-core/src/main/java/com/salesmanager/core/business/customer/dao/attribute/CustomerOptionSetDao.java
2026-03-03 17:05:21,426 - Knowledge - INFO - Worker kw12 processing /app/data/T0015/327978/b5857iz/shopizer-327978/sm-core/src/main/java/com/salesmanager/core/business/customer/service/attribute/CustomerAttributeServiceImpl.java
2026-03-03 17:05:21,489 - Knowledge - INFO - Batch sizing: calculated=10, max_allowed=10, queue=1057, active_workers=12/14
2026-03-03 17:05:21,607 - Knowledge - INFO - [kw14] Queue=1047, InProgress=0, PendingWorkers=12/14, Completed=0/1167 (0.0%)
2026-03-03 17:05:21,706 - Knowledge - INFO - knowledge worker kw15 start
2026-03-03 17:05:21,706 - Knowledge - INFO - Worker kw16 created using shared MongoDB connection pool
2026-03-03 17:05:21,824 - Knowledge - INFO - Worker kw1 processing /app/data/T0015/327978/b5857iz/shopizer-327978/sm-core/src/test/java/com/salesmanager/test/merchant/MerchantSalesManagerTestCase.java
2026-03-03 17:05:21,926 - Knowledge - INFO - Fast-tracked /app/data/T0015/327978/b5857iz/shopizer-327978/sm-core/src/test/java/com/salesmanager/test/core/AbstractSalesManagerCoreTestCase.java (ext=.java, size=6092)
2026-03-03 17:05:22,006 - Knowledge - INFO - Worker kw3 processing /app/data/T0015/327978/b5857iz/shopizer-327978/sm-core/src/test/java/com/salesmanager/test/catalog/SearchByProductAttributeTestCase.java
2026-03-03 17:05:22,097 - Knowledge - INFO - Worker kw4 processing /app/data/T0015/327978/b5857iz/shopizer-327978/sm-core/src/main/java/com/salesmanager/core/business/order/dao/orderaccount/OrderAccountDao.java
2026-03-03 17:05:22,195 - Knowledge - INFO - Fast-tracked /app/data/T0015/327978/b5857iz/shopizer-327978/sm-core/src/main/java/com/salesmanager/core/business/order/model/orderstatus/OrderStatus.java (ext=.java, size=330)
2026-03-03 17:05:22,274 - Knowledge - INFO - Worker kw6 processing /app/data/T0015/327978/b5857iz/shopizer-327978/sm-core/src/main/java/com/salesmanager/core/business/order/model/payment/CreditCard.java
2026-03-03 17:05:22,345 - Knowledge - INFO - Fast-tracked /app/data/T0015/327978/b5857iz/shopizer-327978/sm-core/src/main/java/com/salesmanager/core/business/order/model/OrderCriteria.java (ext=.java, size=778)
2026-03-03 17:05:22,426 - Knowledge - INFO - Fast-tracked /app/data/T0015/327978/b5857iz/shopizer-327978/sm-core/src/main/java/com/salesmanager/core/business/shipping/model/PackageDetails.java (ext=.java, size=1661)
2026-03-03 17:05:22,520 - Knowledge - INFO - Worker kw9 processing /app/data/T0015/327978/b5857iz/shopizer-327978/sm-core/src/main/java/com/salesmanager/core/business/shoppingcart/dao/ShoppingCartDaoImpl.java
2026-03-03 17:05:22,604 - Knowledge - INFO - Worker kw10 processing /app/data/T0015/327978/b5857iz/shopizer-327978/sm-core/src/main/java/com/salesmanager/core/business/shoppingcart/model/ShoppingCartAttributeItem.java
2026-03-03 17:05:22,706 - Knowledge - INFO - Fast-tracked /app/data/T0015/327978/b5857iz/shopizer-327978/sm-core/src/main/java/com/salesmanager/core/business/customer/dao/attribute/CustomerOptionSetDao.java (ext=.java, size=770)
2026-03-03 17:05:22,826 - Knowledge - INFO - Worker kw12 processing /app/data/T0015/327978/b5857iz/shopizer-327978/sm-core/src/main/java/com/salesmanager/core/business/customer/service/attribute/CustomerOptionValueServiceImpl.java
2026-03-03 17:05:22,935 - Knowledge - INFO - Worker kw13 processing /app/data/T0015/327978/b5857iz/shopizer-327978/sm-core/src/main/java/com/salesmanager/core/business/customer/model/attribute/CustomerOptionSet.java
2026-03-03 17:05:23,053 - Knowledge - INFO - Batch sizing: calculated=10, max_allowed=10, queue=1047, active_workers=13/15
2026-03-03 17:05:23,163 - Knowledge - INFO - [kw15] Queue=1037, InProgress=0, PendingWorkers=13/15, Completed=0/1167 (0.0%)
2026-03-03 17:05:23,240 - Knowledge - INFO - knowledge worker kw16 start
2026-03-03 17:05:23,241 - Knowledge - INFO - Worker kw17 created using shared MongoDB connection pool
2026-03-03 17:05:23,315 - Knowledge - INFO - Fast-tracked /app/data/T0015/327978/b5857iz/shopizer-327978/sm-core/src/test/java/com/salesmanager/test/merchant/MerchantSalesManagerTestCase.java (ext=.java, size=1434)
2026-03-03 17:05:23,391 - Knowledge - INFO - Worker kw2 processing /app/data/T0015/327978/b5857iz/shopizer-327978/sm-core/src/test/java/com/salesmanager/test/core/SalesManagerCoreTestExecutionListener.java
2026-03-03 17:05:23,488 - Knowledge - INFO - Fast-tracked /app/data/T0015/327978/b5857iz/shopizer-327978/sm-core/src/test/java/com/salesmanager/test/catalog/SearchByProductAttributeTestCase.java (ext=.java, size=15744)
2026-03-03 17:05:23,610 - Knowledge - INFO - Fast-tracked /app/data/T0015/327978/b5857iz/shopizer-327978/sm-core/src/main/java/com/salesmanager/core/business/order/dao/orderaccount/OrderAccountDao.java (ext=.java, size=315)
2026-03-03 17:05:23,698 - Knowledge - INFO - Worker kw5 processing /app/data/T0015/327978/b5857iz/shopizer-327978/sm-core/src/main/java/com/salesmanager/core/business/order/model/orderstatus/OrderStatusHistory.java
2026-03-03 17:05:23,780 - Knowledge - INFO - Fast-tracked /app/data/T0015/327978/b5857iz/shopizer-327978/sm-core/src/main/java/com/salesmanager/core/business/order/model/payment/CreditCard.java (ext=.java, size=1357)
2026-03-03 17:05:23,888 - Knowledge - INFO - Worker kw7 processing /app/data/T0015/327978/b5857iz/shopizer-327978/sm-core/src/main/java/com/salesmanager/core/business/shipping/service/ShippingServiceImpl.java
2026-03-03 17:05:23,964 - Knowledge - INFO - Worker kw8 processing /app/data/T0015/327978/b5857iz/shopizer-327978/sm-core/src/main/java/com/salesmanager/core/business/shipping/model/ShippingConfiguration.java
2026-03-03 17:05:24,128 - Knowledge - INFO - Worker kw9 processing /app/data/T0015/327978/b5857iz/shopizer-327978/sm-core/src/main/java/com/salesmanager/core/business/shoppingcart/dao/ShoppingCartDao.java
2026-03-03 17:05:24,234 - Knowledge - INFO - Worker kw10 processing /app/data/T0015/327978/b5857iz/shopizer-327978/sm-core/src/main/java/com/salesmanager/core/business/customer/dao/CustomerDAOImpl.java
2026-03-03 17:05:24,339 - Knowledge - INFO - Worker kw11 processing /app/data/T0015/327978/b5857iz/shopizer-327978/sm-core/src/main/java/com/salesmanager/core/business/customer/dao/attribute/CustomerOptionDao.java
2026-03-03 17:05:24,468 - Knowledge - INFO - Worker kw12 processing /app/data/T0015/327978/b5857iz/shopizer-327978/sm-core/src/main/java/com/salesmanager/core/business/customer/service/attribute/CustomerAttributeService.java
2026-03-03 17:05:24,571 - Knowledge - INFO - Worker kw13 processing /app/data/T0015/327978/b5857iz/shopizer-327978/sm-core/src/main/java/com/salesmanager/core/business/customer/model/attribute/CustomerOptionDescription.java
2026-03-03 17:05:24,679 - Knowledge - INFO - Worker kw14 processing /app/data/T0015/327978/b5857iz/shopizer-327978/sm-core/src/main/java/com/salesmanager/core/business/search/model/SearchKeywords.java
2026-03-03 17:05:24,762 - Knowledge - INFO - Batch sizing: calculated=10, max_allowed=10, queue=1037, active_workers=14/16
2026-03-03 17:05:24,891 - Knowledge - INFO - [kw16] Queue=1027, InProgress=0, PendingWorkers=14/16, Completed=0/1167 (0.0%)
2026-03-03 17:05:24,991 - Knowledge - INFO - knowledge worker kw17 start
2026-03-03 17:05:24,991 - Knowledge - INFO - Worker kw18 created using shared MongoDB connection pool
2026-03-03 17:05:25,067 - Knowledge - INFO - Worker kw1 processing /app/data/T0015/327978/b5857iz/shopizer-327978/sm-core/src/test/java/com/salesmanager/test/shoppingcart/ShoppingCartTestCase.java
2026-03-03 17:05:25,148 - Knowledge - INFO - Fast-tracked /app/data/T0015/327978/b5857iz/shopizer-327978/sm-core/src/test/java/com/salesmanager/test/core/SalesManagerCoreTestExecutionListener.java (ext=.java, size=902)
2026-03-03 17:05:25,226 - Knowledge - INFO - Worker kw3 processing /app/data/T0015/327978/b5857iz/shopizer-327978/sm-core/src/test/java/com/salesmanager/test/catalog/CatalogSalesManagerTestCase.java
2026-03-03 17:05:25,331 - Knowledge - INFO - Worker kw4 processing /app/data/T0015/327978/b5857iz/shopizer-327978/sm-core/src/main/java/com/salesmanager/core/business/order/dao/orderaccount/OrderAccountDaoImpl.java
2026-03-03 17:05:25,457 - Knowledge - INFO - Worker kw5 processing /app/data/T0015/327978/b5857iz/shopizer-327978/sm-core/src/main/java/com/salesmanager/core/business/order/model/OrderList.java
2026-03-03 17:05:25,572 - Knowledge - INFO - Worker kw6 processing /app/data/T0015/327978/b5857iz/shopizer-327978/sm-core/src/main/java/com/salesmanager/core/business/order/model/OrderType.java
2026-03-03 17:05:25,662 - Knowledge - INFO - Worker kw7 processing /app/data/T0015/327978/b5857iz/shopizer-327978/sm-core/src/main/java/com/salesmanager/core/business/shipping/service/ShippingService.java
2026-03-03 17:05:25,726 - Knowledge - INFO - Worker kw8 processing /app/data/T0015/327978/b5857iz/shopizer-327978/sm-core/src/main/java/com/salesmanager/core/business/shipping/model/ShippingBasisType.java
2026-03-03 17:05:25,831 - Knowledge - INFO - Fast-tracked /app/data/T0015/327978/b5857iz/shopizer-327978/sm-core/src/main/java/com/salesmanager/core/business/shoppingcart/dao/ShoppingCartDao.java (ext=.java, size=924)
2026-03-03 17:05:25,943 - Knowledge - INFO - Worker kw10 processing /app/data/T0015/327978/b5857iz/shopizer-327978/sm-core/src/main/java/com/salesmanager/core/business/customer/dao/attribute/CustomerOptionValueDao.java
2026-03-03 17:05:26,049 - Knowledge - INFO - Fast-tracked /app/data/T0015/327978/b5857iz/shopizer-327978/sm-core/src/main/java/com/salesmanager/core/business/customer/dao/attribute/CustomerOptionDao.java (ext=.java, size=864)
2026-03-03 17:05:26,146 - Knowledge - INFO - Fast-tracked /app/data/T0015/327978/b5857iz/shopizer-327978/sm-core/src/main/java/com/salesmanager/core/business/customer/service/attribute/CustomerAttributeService.java (ext=.java, size=989)
2026-03-03 17:05:26,230 - Knowledge - INFO - Fast-tracked /app/data/T0015/327978/b5857iz/shopizer-327978/sm-core/src/main/java/com/salesmanager/core/business/customer/model/attribute/CustomerOptionDescription.java (ext=.java, size=1548)
2026-03-03 17:05:26,311 - Knowledge - INFO - Fast-tracked /app/data/T0015/327978/b5857iz/shopizer-327978/sm-core/src/main/java/com/salesmanager/core/business/search/model/SearchKeywords.java (ext=.java, size=748)
2026-03-03 17:05:26,408 - Knowledge - INFO - Worker kw15 processing /app/data/T0015/327978/b5857iz/shopizer-327978/sm-core/src/main/java/com/salesmanager/core/business/payments/model/PaymentType.java
2026-03-03 17:05:26,544 - Knowledge - INFO - Batch sizing: calculated=10, max_allowed=10, queue=1027, active_workers=15/17
2026-03-03 17:05:26,622 - Knowledge - INFO - [kw17] Queue=1017, InProgress=0, PendingWorkers=15/17, Completed=0/1167 (0.0%)
2026-03-03 17:05:26,750 - Knowledge - INFO - knowledge worker kw18 start
2026-03-03 17:05:26,750 - Knowledge - INFO - Worker kw19 created using shared MongoDB connection pool
2026-03-03 17:05:26,822 - Knowledge - INFO - Fast-tracked /app/data/T0015/327978/b5857iz/shopizer-327978/sm-core/src/test/java/com/salesmanager/test/shoppingcart/ShoppingCartTestCase.java (ext=.java, size=16452)
2026-03-03 17:05:26,889 - Knowledge - INFO - Worker kw2 processing /app/data/T0015/327978/b5857iz/shopizer-327978/sm-core/src/test/java/com/salesmanager/test/isolated/IsolatedTestCase.java
2026-03-03 17:05:26,956 - Knowledge - INFO - Fast-tracked /app/data/T0015/327978/b5857iz/shopizer-327978/sm-core/src/test/java/com/salesmanager/test/catalog/CatalogSalesManagerTestCase.java (ext=.java, size=24221)
2026-03-03 17:05:27,045 - Knowledge - INFO - Fast-tracked /app/data/T0015/327978/b5857iz/shopizer-327978/sm-core/src/main/java/com/salesmanager/core/business/order/dao/orderaccount/OrderAccountDaoImpl.java (ext=.java, size=481)
2026-03-03 17:05:27,270 - Knowledge - INFO - Fast-tracked /app/data/T0015/327978/b5857iz/shopizer-327978/sm-core/src/main/java/com/salesmanager/core/business/order/model/OrderList.java (ext=.java, size=454)
2026-03-03 17:05:27,404 - Knowledge - INFO - Fast-tracked /app/data/T0015/327978/b5857iz/shopizer-327978/sm-core/src/main/java/com/salesmanager/core/business/order/model/OrderType.java (ext=.java, size=98)
2026-03-03 17:05:27,494 - Knowledge - INFO - Worker kw7 processing /app/data/T0015/327978/b5857iz/shopizer-327978/sm-core/src/main/java/com/salesmanager/core/business/shipping/model/ShippingSummary.java
2026-03-03 17:05:27,582 - Knowledge - INFO - Fast-tracked /app/data/T0015/327978/b5857iz/shopizer-327978/sm-core/src/main/java/com/salesmanager/core/business/shipping/model/ShippingBasisType.java (ext=.java, size=119)
2026-03-03 17:05:27,699 - Knowledge - INFO - Worker kw9 processing /app/data/T0015/327978/b5857iz/shopizer-327978/sm-core/src/main/java/com/salesmanager/core/business/shoppingcart/dao/ShoppingCartItemDao.java
2026-03-03 17:05:27,774 - Knowledge - INFO - Fast-tracked /app/data/T0015/327978/b5857iz/shopizer-327978/sm-core/src/main/java/com/salesmanager/core/business/customer/dao/attribute/CustomerOptionValueDao.java (ext=.java, size=650)
2026-03-03 17:05:27,894 - Knowledge - INFO - Worker kw11 processing /app/data/T0015/327978/b5857iz/shopizer-327978/sm-core/src/main/java/com/salesmanager/core/business/customer/dao/CustomerDAO.java
2026-03-03 17:05:27,975 - Knowledge - INFO - Worker kw12 processing /app/data/T0015/327978/b5857iz/shopizer-327978/sm-core/src/main/java/com/salesmanager/core/business/customer/service/CustomerServiceImpl.java
2026-03-03 17:05:28,048 - Knowledge - INFO - Worker kw13 processing /app/data/T0015/327978/b5857iz/shopizer-327978/sm-core/src/main/java/com/salesmanager/core/business/customer/model/Customer.java
2026-03-03 17:05:28,114 - Knowledge - INFO - Worker kw14 processing /app/data/T0015/327978/b5857iz/shopizer-327978/sm-core/src/main/java/com/salesmanager/core/business/search/model/SearchFacet.java
2026-03-03 17:05:28,234 - Knowledge - INFO - Fast-tracked /app/data/T0015/327978/b5857iz/shopizer-327978/sm-core/src/main/java/com/salesmanager/core/business/payments/model/PaymentType.java (ext=.java, size=137)
2026-03-03 17:05:28,330 - Knowledge - INFO - Worker kw16 processing /app/data/T0015/327978/b5857iz/shopizer-327978/sm-core/src/main/java/com/salesmanager/core/business/common/model/Description.java
2026-03-03 17:05:28,415 - Knowledge - INFO - Batch sizing: calculated=10, max_allowed=10, queue=1017, active_workers=16/18
2026-03-03 17:05:28,492 - Knowledge - INFO - [kw18] Queue=1007, InProgress=0, PendingWorkers=16/18, Completed=0/1167 (0.0%)
2026-03-03 17:05:28,589 - Knowledge - INFO - knowledge worker kw19 start
2026-03-03 17:05:28,590 - Knowledge - INFO - Worker kw20 created using shared MongoDB connection pool
2026-03-03 17:05:28,676 - Knowledge - INFO - Worker kw1 processing /app/data/T0015/327978/b5857iz/shopizer-327978/sm-core/src/test/java/com/salesmanager/test/customer/CustomerOptionsTestCase.java
2026-03-03 17:05:28,754 - Knowledge - INFO - Fast-tracked /app/data/T0015/327978/b5857iz/shopizer-327978/sm-core/src/test/java/com/salesmanager/test/isolated/IsolatedTestCase.java (ext=.java, size=51250)
2026-03-03 17:05:28,844 - Knowledge - INFO - Worker kw3 processing /app/data/T0015/327978/b5857iz/shopizer-327978/sm-core/src/test/java/com/salesmanager/test/catalog/ProductImagesTestCase.java
2026-03-03 17:05:28,965 - Knowledge - INFO - Worker kw4 processing /app/data/T0015/327978/b5857iz/shopizer-327978/sm-core/src/main/java/com/salesmanager/core/business/order/dao/orderproduct/OrderProductDao.java
2026-03-03 17:05:29,055 - Knowledge - INFO - Worker kw5 processing /app/data/T0015/327978/b5857iz/shopizer-327978/sm-core/src/main/java/com/salesmanager/core/business/order/model/Order.java
2026-03-03 17:05:29,156 - Knowledge - INFO - Worker kw6 processing /app/data/T0015/327978/b5857iz/shopizer-327978/sm-core/src/main/java/com/salesmanager/core/business/order/model/orderaccount/OrderAccountProduct.java
2026-03-03 17:05:29,232 - Knowledge - INFO - Fast-tracked /app/data/T0015/327978/b5857iz/shopizer-327978/sm-core/src/main/java/com/salesmanager/core/business/shipping/model/ShippingSummary.java (ext=.java, size=1484)
2026-03-03 17:05:29,305 - Knowledge - INFO - Worker kw8 processing /app/data/T0015/327978/b5857iz/shopizer-327978/sm-core/src/main/java/com/salesmanager/core/business/shipping/model/ShippingDescription.java
2026-03-03 17:05:29,416 - Knowledge - INFO - Fast-tracked /app/data/T0015/327978/b5857iz/shopizer-327978/sm-core/src/main/java/com/salesmanager/core/business/shoppingcart/dao/ShoppingCartItemDao.java (ext=.java, size=306)
2026-03-03 17:05:29,536 - Knowledge - INFO - Worker kw10 processing /app/data/T0015/327978/b5857iz/shopizer-327978/sm-core/src/main/java/com/salesmanager/core/business/customer/dao/attribute/CustomerAttributeDaoImpl.java
2026-03-03 17:05:29,646 - Knowledge - INFO - Fast-tracked /app/data/T0015/327978/b5857iz/shopizer-327978/sm-core/src/main/java/com/salesmanager/core/business/customer/dao/CustomerDAO.java (ext=.java, size=787)
2026-03-03 17:05:29,729 - Knowledge - INFO - Worker kw12 processing /app/data/T0015/327978/b5857iz/shopizer-327978/sm-core/src/main/java/com/salesmanager/core/business/customer/service/CustomerService.java
2026-03-03 17:05:29,838 - Knowledge - INFO - Worker kw13 processing /app/data/T0015/327978/b5857iz/shopizer-327978/sm-core/src/main/java/com/salesmanager/core/business/customer/model/CustomerList.java
2026-03-03 17:05:29,956 - Knowledge - INFO - Fast-tracked /app/data/T0015/327978/b5857iz/shopizer-327978/sm-core/src/main/java/com/salesmanager/core/business/search/model/SearchFacet.java (ext=.java, size=486)
2026-03-03 17:05:30,039 - Knowledge - INFO - Worker kw15 processing /app/data/T0015/327978/b5857iz/shopizer-327978/sm-core/src/main/java/com/salesmanager/core/business/payments/model/BasicPayment.java
2026-03-03 17:05:30,122 - Knowledge - INFO - Worker kw16 processing /app/data/T0015/327978/b5857iz/shopizer-327978/sm-core/src/main/java/com/salesmanager/core/business/common/model/CriteriaOrderBy.java
2026-03-03 17:05:30,200 - Knowledge - INFO - Worker kw17 processing /app/data/T0015/327978/b5857iz/shopizer-327978/sm-core/src/main/java/com/salesmanager/core/business/system/dao/MerchantConfigurationDaoImpl.java
2026-03-03 17:05:30,316 - Knowledge - INFO - Batch sizing: calculated=10, max_allowed=10, queue=1007, active_workers=17/19
2026-03-03 17:05:30,399 - Knowledge - INFO - [kw19] Queue=997, InProgress=0, PendingWorkers=17/19, Completed=0/1167 (0.0%)
2026-03-03 17:05:30,487 - Knowledge - INFO - knowledge worker kw20 start
2026-03-03 17:05:30,598 - Knowledge - INFO - Fast-tracked /app/data/T0015/327978/b5857iz/shopizer-327978/sm-core/src/test/java/com/salesmanager/test/customer/CustomerOptionsTestCase.java (ext=.java, size=7714)
2026-03-03 17:05:30,709 - Knowledge - INFO - Worker kw2 processing /app/data/T0015/327978/b5857iz/shopizer-327978/sm-core/src/test/java/com/salesmanager/test/isolated/TestSupportFactory.java
2026-03-03 17:05:30,834 - Knowledge - INFO - Fast-tracked /app/data/T0015/327978/b5857iz/shopizer-327978/sm-core/src/test/java/com/salesmanager/test/catalog/ProductImagesTestCase.java (ext=.java, size=7447)
2026-03-03 17:05:30,917 - Knowledge - INFO - Fast-tracked /app/data/T0015/327978/b5857iz/shopizer-327978/sm-core/src/main/java/com/salesmanager/core/business/order/dao/orderproduct/OrderProductDao.java (ext=.java, size=311)
2026-03-03 17:05:31,023 - Knowledge - INFO - Fast-tracked /app/data/T0015/327978/b5857iz/shopizer-327978/sm-core/src/main/java/com/salesmanager/core/business/order/dao/orderproduct/OrderProductDownloadDaoImpl.java (small file (2060 bytes))
2026-03-03 17:05:31,354 - Knowledge - INFO - Worker kw6 processing /app/data/T0015/327978/b5857iz/shopizer-327978/sm-core/src/main/java/com/salesmanager/core/business/order/model/orderaccount/OrderAccount.java
2026-03-03 17:05:31,441 - Knowledge - INFO - Worker kw7 processing /app/data/T0015/327978/b5857iz/shopizer-327978/sm-core/src/main/java/com/salesmanager/core/business/shipping/model/ShippingOptionPriceType.java
2026-03-03 17:05:31,519 - Knowledge - INFO - Fast-tracked /app/data/T0015/327978/b5857iz/shopizer-327978/sm-core/src/main/java/com/salesmanager/core/business/shipping/model/ShippingDescription.java (ext=.java, size=139)
2026-03-03 17:05:31,609 - Knowledge - INFO - Worker kw9 processing /app/data/T0015/327978/b5857iz/shopizer-327978/sm-core/src/main/java/com/salesmanager/core/business/shoppingcart/dao/ShoppingCartItemDaoImpl.java
2026-03-03 17:05:31,695 - Knowledge - INFO - Worker kw10 processing /app/data/T0015/327978/b5857iz/shopizer-327978/sm-core/src/main/java/com/salesmanager/core/business/customer/dao/attribute/CustomerAttributeDao.java
2026-03-03 17:05:31,797 - Knowledge - INFO - Worker kw11 processing /app/data/T0015/327978/b5857iz/shopizer-327978/sm-core/src/main/java/com/salesmanager/core/business/customer/CustomerRegistrationException.java
2026-03-03 17:05:31,887 - Knowledge - INFO - Fast-tracked /app/data/T0015/327978/b5857iz/shopizer-327978/sm-core/src/main/java/com/salesmanager/core/business/customer/service/CustomerService.java (ext=.java, size=1352)
2026-03-03 17:05:31,971 - Knowledge - INFO - Fast-tracked /app/data/T0015/327978/b5857iz/shopizer-327978/sm-core/src/main/java/com/salesmanager/core/business/customer/model/CustomerList.java (ext=.java, size=487)
2026-03-03 17:05:32,062 - Knowledge - INFO - Worker kw14 processing /app/data/T0015/327978/b5857iz/shopizer-327978/sm-core/src/main/java/com/salesmanager/core/business/search/model/IndexProduct.java
2026-03-03 17:05:32,162 - Knowledge - INFO - Fast-tracked /app/data/T0015/327978/b5857iz/shopizer-327978/sm-core/src/main/java/com/salesmanager/core/business/payments/model/BasicPayment.java (ext=.java, size=213)
2026-03-03 17:05:32,244 - Knowledge - INFO - Fast-tracked /app/data/T0015/327978/b5857iz/shopizer-327978/sm-core/src/main/java/com/salesmanager/core/business/common/model/CriteriaOrderBy.java (ext=.java, size=107)
2026-03-03 17:05:32,360 - Knowledge - INFO - Worker kw17 processing /app/data/T0015/327978/b5857iz/shopizer-327978/sm-core/src/main/java/com/salesmanager/core/business/system/dao/SystemNotificationDao.java
2026-03-03 17:05:32,478 - Knowledge - INFO - Worker kw18 processing /app/data/T0015/327978/b5857iz/shopizer-327978/sm-core/src/main/java/com/salesmanager/core/business/system/service/SystemConfigurationServiceImpl.java
2026-03-03 17:05:32,556 - Knowledge - INFO - Batch sizing: calculated=8, max_allowed=10, queue=997, active_workers=18/20
2026-03-03 17:05:32,644 - Knowledge - INFO - [kw20] Queue=987, InProgress=0, PendingWorkers=18/20, Completed=0/1167 (0.0%)
2026-03-03 17:05:32,739 - Knowledge - INFO - Worker kw1 processing /app/data/T0015/327978/b5857iz/shopizer-327978/sm-core/src/test/java/com/salesmanager/test/customer/CustomerSalesManagerTestCase.java
2026-03-03 17:05:32,822 - Knowledge - INFO - Fast-tracked /app/data/T0015/327978/b5857iz/shopizer-327978/sm-core/src/test/java/com/salesmanager/test/isolated/TestSupportFactory.java (ext=.java, size=8063)
2026-03-03 17:05:32,941 - Knowledge - INFO - Worker kw3 processing /app/data/T0015/327978/b5857iz/shopizer-327978/sm-core/src/test/resources/sql/create_schema.sql
2026-03-03 17:05:33,017 - Knowledge - INFO - Worker kw4 processing /app/data/T0015/327978/b5857iz/shopizer-327978/sm-core/src/main/java/com/salesmanager/core/business/order/dao/orderproduct/OrderProductDownloadDao.java
2026-03-03 17:05:33,226 - Knowledge - INFO - Worker kw6 processing /app/data/T0015/327978/b5857iz/shopizer-327978/sm-core/src/main/java/com/salesmanager/core/business/order/model/OrderChannel.java
2026-03-03 17:05:33,328 - Knowledge - INFO - Fast-tracked /app/data/T0015/327978/b5857iz/shopizer-327978/sm-core/src/main/java/com/salesmanager/core/business/shipping/model/ShippingOptionPriceType.java (ext=.java, size=127)
2026-03-03 17:05:33,420 - Knowledge - INFO - Worker kw8 processing /app/data/T0015/327978/b5857iz/shopizer-327978/sm-core/src/main/java/com/salesmanager/core/business/shipping/model/ShippingProduct.java
2026-03-03 17:05:33,499 - Knowledge - INFO - Fast-tracked /app/data/T0015/327978/b5857iz/shopizer-327978/sm-core/src/main/java/com/salesmanager/core/business/shoppingcart/dao/ShoppingCartItemDaoImpl.java (ext=.java, size=433)
2026-03-03 17:05:33,579 - Knowledge - INFO - Fast-tracked /app/data/T0015/327978/b5857iz/shopizer-327978/sm-core/src/main/java/com/salesmanager/core/business/customer/dao/attribute/CustomerAttributeDao.java (ext=.java, size=722)
2026-03-03 17:05:33,670 - Knowledge - INFO - Fast-tracked /app/data/T0015/327978/b5857iz/shopizer-327978/sm-core/src/main/java/com/salesmanager/core/business/customer/CustomerRegistrationException.java (ext=.java, size=649)
2026-03-03 17:05:33,744 - Knowledge - INFO - Worker kw12 processing /app/data/T0015/327978/b5857iz/shopizer-327978/sm-core/src/main/java/com/salesmanager/core/business/customer/model/attribute/CustomerOptionValue.java
2026-03-03 17:05:33,825 - Knowledge - INFO - Worker kw13 processing /app/data/T0015/327978/b5857iz/shopizer-327978/sm-core/src/main/java/com/salesmanager/core/business/customer/model/CustomerCriteria.java
2026-03-03 17:05:33,926 - Knowledge - INFO - Worker kw14 processing /app/data/T0015/327978/b5857iz/shopizer-327978/sm-core/src/main/java/com/salesmanager/core/business/search/model/SearchResponse.java
2026-03-03 17:05:34,012 - Knowledge - INFO - Worker kw15 processing /app/data/T0015/327978/b5857iz/shopizer-327978/sm-core/src/main/java/com/salesmanager/core/business/payments/model/TransactionType.java
2026-03-03 17:05:34,125 - Knowledge - INFO - Fast-tracked /app/data/T0015/327978/b5857iz/shopizer-327978/sm-core/src/main/java/com/salesmanager/core/business/order/service/orderproduct/OrderProductDownloadServiceImpl.java (small file (2044 bytes))
2026-03-03 17:05:34,130 - Knowledge - INFO - Worker kw16 processing /app/data/T0015/327978/b5857iz/shopizer-327978/sm-core/src/main/java/com/salesmanager/core/business/common/model/Address.java
2026-03-03 17:05:34,225 - Knowledge - INFO - Fast-tracked /app/data/T0015/327978/b5857iz/shopizer-327978/sm-core/src/main/java/com/salesmanager/core/business/system/dao/SystemNotificationDao.java (ext=.java, size=297)
2026-03-03 17:05:34,303 - Knowledge - INFO - Fast-tracked /app/data/T0015/327978/b5857iz/shopizer-327978/sm-core/src/main/java/com/salesmanager/core/business/system/service/SystemConfigurationServiceImpl.java (ext=.java, size=1141)
2026-03-03 17:05:34,395 - Knowledge - INFO - Worker kw19 processing /app/data/T0015/327978/b5857iz/shopizer-327978/sm-core/src/main/java/com/salesmanager/core/business/system/model/MerchantConfig.java
2026-03-03 17:05:34,470 - Knowledge - INFO - Batch sizing: calculated=8, max_allowed=10, queue=987, active_workers=19/20
2026-03-03 17:05:34,558 - Knowledge - INFO - Fast-tracked /app/data/T0015/327978/b5857iz/shopizer-327978/sm-core/src/test/java/com/salesmanager/test/customer/CustomerSalesManagerTestCase.java (ext=.java, size=2457)
2026-03-03 17:05:34,670 - Knowledge - INFO - Worker kw2 processing /app/data/T0015/327978/b5857iz/shopizer-327978/sm-core/src/test/java/com/salesmanager/test/manufacturer/ManufacturerTestCase.java
2026-03-03 17:05:34,784 - Knowledge - INFO - Fast-tracked /app/data/T0015/327978/b5857iz/shopizer-327978/sm-core/src/test/resources/sql/create_schema.sql (ext=.sql, size=41)
2026-03-03 17:05:34,864 - Knowledge - INFO - Fast-tracked /app/data/T0015/327978/b5857iz/shopizer-327978/sm-core/src/main/java/com/salesmanager/core/business/order/dao/orderproduct/OrderProductDownloadDao.java (ext=.java, size=420)
2026-03-03 17:05:34,982 - Knowledge - INFO - Fast-tracked /app/data/T0015/327978/b5857iz/shopizer-327978/sm-core/src/main/java/com/salesmanager/core/business/order/model/OrderChannel.java (ext=.java, size=100)
2026-03-03 17:05:35,056 - Knowledge - INFO - Worker kw7 processing /app/data/T0015/327978/b5857iz/shopizer-327978/sm-core/src/main/java/com/salesmanager/core/business/shipping/model/ShippingQuote.java
2026-03-03 17:05:35,137 - Knowledge - INFO - Fast-tracked /app/data/T0015/327978/b5857iz/shopizer-327978/sm-core/src/main/java/com/salesmanager/core/business/shipping/model/ShippingProduct.java (ext=.java, size=563)
2026-03-03 17:05:35,227 - Knowledge - INFO - Worker kw9 processing /app/data/T0015/327978/b5857iz/shopizer-327978/sm-core/src/main/java/com/salesmanager/core/business/shoppingcart/service/ShoppingCartCalculationServiceImpl.java
2026-03-03 17:05:35,346 - Knowledge - INFO - Worker kw10 processing /app/data/T0015/327978/b5857iz/shopizer-327978/sm-core/src/main/java/com/salesmanager/core/business/customer/dao/attribute/CustomerOptionValueDaoImpl.java
2026-03-03 17:05:35,442 - Knowledge - INFO - Worker kw11 processing /app/data/T0015/327978/b5857iz/shopizer-327978/sm-core/src/main/java/com/salesmanager/core/business/customer/service/attribute/CustomerOptionSetService.java
2026-03-03 17:05:35,554 - Knowledge - INFO - Worker kw12 processing /app/data/T0015/327978/b5857iz/shopizer-327978/sm-core/src/main/java/com/salesmanager/core/business/customer/model/attribute/CustomerOptionValueDescription.java
2026-03-03 17:05:35,628 - Knowledge - INFO - Fast-tracked /app/data/T0015/327978/b5857iz/shopizer-327978/sm-core/src/main/java/com/salesmanager/core/business/customer/model/CustomerCriteria.java (ext=.java, size=936)
2026-03-03 17:05:35,752 - Knowledge - INFO - Fast-tracked /app/data/T0015/327978/b5857iz/shopizer-327978/sm-core/src/main/java/com/salesmanager/core/business/search/model/SearchResponse.java (ext=.java, size=1021)
2026-03-03 17:05:35,839 - Knowledge - INFO - Fast-tracked /app/data/T0015/327978/b5857iz/shopizer-327978/sm-core/src/main/java/com/salesmanager/core/business/payments/model/TransactionType.java (ext=.java, size=150)
2026-03-03 17:05:36,033 - Knowledge - INFO - Fast-tracked /app/data/T0015/327978/b5857iz/shopizer-327978/sm-core/src/main/java/com/salesmanager/core/business/common/model/Address.java (ext=.java, size=1046)
2026-03-03 17:05:36,111 - Knowledge - INFO - Worker kw17 processing /app/data/T0015/327978/b5857iz/shopizer-327978/sm-core/src/main/java/com/salesmanager/core/business/system/dao/MerchantLogDao.java
2026-03-03 17:05:36,193 - Knowledge - INFO - Worker kw18 processing /app/data/T0015/327978/b5857iz/shopizer-327978/sm-core/src/main/java/com/salesmanager/core/business/system/service/SystemConfigurationService.java
2026-03-03 17:05:36,275 - Knowledge - INFO - Worker kw19 processing /app/data/T0015/327978/b5857iz/shopizer-327978/sm-core/src/main/java/com/salesmanager/core/business/system/model/MerchantLog.java
2026-03-03 17:05:36,353 - Knowledge - INFO - Worker kw20 processing /app/data/T0015/327978/b5857iz/shopizer-327978/sm-core/src/main/java/com/salesmanager/core/business/system/model/Module.java
2026-03-03 17:05:36,466 - Knowledge - INFO - Processing batch of 10 files
2026-03-03 17:05:36,551 - Knowledge - INFO - Fast-tracked /app/data/T0015/327978/b5857iz/shopizer-327978/sm-core/src/test/java/com/salesmanager/test/manufacturer/ManufacturerTestCase.java (ext=.java, size=2245)
2026-03-03 17:05:36,668 - Knowledge - INFO - Worker kw3 processing /app/data/T0015/327978/b5857iz/shopizer-327978/sm-core/src/test/resources/spring/test-spring-context.xml
2026-03-03 17:05:36,783 - Knowledge - INFO - Worker kw4 processing /app/data/T0015/327978/b5857iz/shopizer-327978/sm-core/src/main/java/com/salesmanager/core/business/order/dao/orderproduct/OrderProductDaoImpl.java
2026-03-03 17:05:36,866 - Knowledge - INFO - Worker kw6 processing /app/data/T0015/327978/b5857iz/shopizer-327978/sm-core/src/main/java/com/salesmanager/core/business/order/model/orderproduct/OrderProductPrice.java
2026-03-03 17:05:37,088 - Knowledge - INFO - Worker kw8 processing /app/data/T0015/327978/b5857iz/shopizer-327978/sm-core/src/main/java/com/salesmanager/core/business/shipping/model/ShippingOption.java
2026-03-03 17:05:37,166 - Knowledge - INFO - Worker kw9 processing /app/data/T0015/327978/b5857iz/shopizer-327978/sm-core/src/main/java/com/salesmanager/core/business/shoppingcart/service/ShoppingCartCalculationService.java
2026-03-03 17:05:37,271 - Knowledge - INFO - Worker kw10 processing /app/data/T0015/327978/b5857iz/shopizer-327978/sm-core/src/main/java/com/salesmanager/core/business/customer/dao/attribute/CustomerOptionDaoImpl.java
2026-03-03 17:05:37,395 - Knowledge - INFO - Fast-tracked /app/data/T0015/327978/b5857iz/shopizer-327978/sm-core/src/main/java/com/salesmanager/core/business/customer/service/attribute/CustomerOptionSetService.java (ext=.java, size=1164)
2026-03-03 17:05:37,479 - Knowledge - INFO - Fast-tracked /app/data/T0015/327978/b5857iz/shopizer-327978/sm-core/src/main/java/com/salesmanager/core/business/customer/model/attribute/CustomerOptionValueDescription.java (ext=.java, size=1129)
2026-03-03 17:05:37,554 - Knowledge - INFO - Worker kw13 processing /app/data/T0015/327978/b5857iz/shopizer-327978/sm-core/src/main/java/com/salesmanager/core/business/customer/model/CustomerGender.java
2026-03-03 17:05:37,668 - Knowledge - INFO - Worker kw14 processing /app/data/T0015/327978/b5857iz/shopizer-327978/sm-core/src/main/java/com/salesmanager/core/business/payments/dao/TransactionDaoImpl.java
2026-03-03 17:05:37,753 - Knowledge - INFO - Worker kw15 processing /app/data/T0015/327978/b5857iz/shopizer-327978/sm-core/src/main/java/com/salesmanager/core/business/payments/model/Transaction.java
2026-03-03 17:05:37,861 - Knowledge - INFO - Worker kw16 processing /app/data/T0015/327978/b5857iz/shopizer-327978/sm-core/src/main/java/com/salesmanager/core/business/common/model/Billing.java
2026-03-03 17:05:37,948 - Knowledge - INFO - Fast-tracked /app/data/T0015/327978/b5857iz/shopizer-327978/sm-core/src/main/java/com/salesmanager/core/business/system/dao/MerchantLogDao.java (ext=.java, size=427)
2026-03-03 17:05:38,043 - Knowledge - INFO - Fast-tracked /app/data/T0015/327978/b5857iz/shopizer-327978/sm-core/src/main/java/com/salesmanager/core/business/system/service/SystemConfigurationService.java (ext=.java, size=465)
2026-03-03 17:05:38,113 - Knowledge - INFO - Worker kw19 processing /app/data/T0015/327978/b5857iz/shopizer-327978/sm-core/src/main/java/com/salesmanager/core/business/system/model/SystemNotification.java
2026-03-03 17:05:38,195 - Knowledge - INFO - Fast-tracked /app/data/T0015/327978/b5857iz/shopizer-327978/sm-core/src/main/java/com/salesmanager/core/business/system/model/Module.java (ext=.java, size=106)
2026-03-03 17:05:38,270 - Knowledge - INFO - process ingested knowledge for /app/data/T0015/327978/b5857iz/shopizer-327978/LICENSE.md
2026-03-03 17:05:38,399 - Knowledge - INFO - Processing batch of 10 files
2026-03-03 17:05:38,417 - Knowledge - INFO - Fast-tracked /app/data/T0015/327978/b5857iz/shopizer-327978/sm-core/src/main/java/com/salesmanager/core/business/order/model/orderstatus/OrderStatusHistory.java (small file (2660 bytes))
2026-03-03 17:05:38,511 - Knowledge - INFO - Fast-tracked /app/data/T0015/327978/b5857iz/shopizer-327978/sm-core/src/test/resources/spring/test-spring-context.xml (ext=.xml, size=1866)
2026-03-03 17:05:38,599 - Knowledge - INFO - Fast-tracked /app/data/T0015/327978/b5857iz/shopizer-327978/sm-core/src/main/java/com/salesmanager/core/business/order/dao/orderproduct/OrderProductDaoImpl.java (ext=.java, size=482)
2026-03-03 17:05:38,611 - Knowledge - INFO - Fast-tracked /app/data/T0015/327978/b5857iz/shopizer-327978/sm-core/src/main/java/com/salesmanager/core/business/order/model/orderproduct/OrderProductDownload.java (small file (2387 bytes))
2026-03-03 17:05:38,788 - Knowledge - INFO - Worker kw8 processing /app/data/T0015/327978/b5857iz/shopizer-327978/sm-core/src/main/java/com/salesmanager/core/business/merchant/dao/MerchantStoreDaoImpl.java
2026-03-03 17:05:38,950 - Knowledge - INFO - Fast-tracked /app/data/T0015/327978/b5857iz/shopizer-327978/sm-core/src/main/java/com/salesmanager/core/business/shoppingcart/service/ShoppingCartCalculationService.java (ext=.java, size=1675)
2026-03-03 17:05:39,053 - Knowledge - INFO - Fast-tracked /app/data/T0015/327978/b5857iz/shopizer-327978/sm-core/src/main/java/com/salesmanager/core/business/shoppingcart/service/ShoppingCartService.java (small file (2576 bytes))
2026-03-03 17:05:39,159 - Knowledge - INFO - Worker kw11 processing /app/data/T0015/327978/b5857iz/shopizer-327978/sm-core/src/main/java/com/salesmanager/core/business/customer/service/attribute/CustomerOptionService.java
2026-03-03 17:05:39,248 - Knowledge - INFO - Worker kw12 processing /app/data/T0015/327978/b5857iz/shopizer-327978/sm-core/src/main/java/com/salesmanager/core/business/customer/model/attribute/CustomerAttribute.java
2026-03-03 17:05:39,336 - Knowledge - INFO - Fast-tracked /app/data/T0015/327978/b5857iz/shopizer-327978/sm-core/src/main/java/com/salesmanager/core/business/customer/model/CustomerGender.java (ext=.java, size=103)
2026-03-03 17:05:39,414 - Knowledge - INFO - Fast-tracked /app/data/T0015/327978/b5857iz/shopizer-327978/sm-core/src/main/java/com/salesmanager/core/business/payments/dao/TransactionDaoImpl.java (ext=.java, size=968)
2026-03-03 17:05:39,502 - Knowledge - INFO - Worker kw15 processing /app/data/T0015/327978/b5857iz/shopizer-327978/sm-core/src/main/java/com/salesmanager/core/business/payments/model/Payment.java
2026-03-03 17:05:39,640 - Knowledge - INFO - Worker kw16 processing /app/data/T0015/327978/b5857iz/shopizer-327978/sm-core/src/main/java/com/salesmanager/core/business/common/model/EntityList.java
2026-03-03 17:05:39,700 - Knowledge - INFO - Worker kw17 processing /app/data/T0015/327978/b5857iz/shopizer-327978/sm-core/src/main/java/com/salesmanager/core/business/system/dao/ModuleConfigurationDaoImpl.java
2026-03-03 17:05:39,812 - Knowledge - INFO - Worker kw18 processing /app/data/T0015/327978/b5857iz/shopizer-327978/sm-core/src/main/java/com/salesmanager/core/business/system/service/ModuleConfigurationServiceImpl.java
2026-03-03 17:05:39,892 - Knowledge - INFO - Worker kw19 processing /app/data/T0015/327978/b5857iz/shopizer-327978/sm-core/src/main/java/com/salesmanager/core/business/system/model/IntegrationConfiguration.java
2026-03-03 17:05:40,016 - Knowledge - INFO - Worker kw20 processing /app/data/T0015/327978/b5857iz/shopizer-327978/sm-core/src/main/java/com/salesmanager/core/business/system/model/Environment.java
2026-03-03 17:05:40,100 - Knowledge - INFO - process ingested knowledge for /app/data/T0015/327978/b5857iz/shopizer-327978/sm-core/src/test/java/com/salesmanager/test/email/EmailTestCase.java
2026-03-03 17:05:40,196 - Knowledge - INFO - process ingested knowledge for /app/data/T0015/327978/b5857iz/shopizer-327978/sm-core/src/test/java/com/salesmanager/test/search/IndexProductTestCase.java
2026-03-03 17:05:40,388 - Knowledge - INFO - Processing batch of 10 files
2026-03-03 17:05:40,675 - Knowledge - INFO - Worker kw8 processing /app/data/T0015/327978/b5857iz/shopizer-327978/sm-core/src/main/java/com/salesmanager/core/business/merchant/dao/MerchantStoreDao.java
2026-03-03 17:05:40,753 - Knowledge - INFO - Worker kw9 processing /app/data/T0015/327978/b5857iz/shopizer-327978/sm-core/src/main/java/com/salesmanager/core/business/shoppingcart/service/ShoppingCartServiceImpl.java
2026-03-03 17:05:40,915 - Knowledge - INFO - Fast-tracked /app/data/T0015/327978/b5857iz/shopizer-327978/sm-core/src/main/java/com/salesmanager/core/business/customer/service/attribute/CustomerOptionService.java (ext=.java, size=814)
2026-03-03 17:05:41,018 - Knowledge - INFO - Worker kw12 processing /app/data/T0015/327978/b5857iz/shopizer-327978/sm-core/src/main/java/com/salesmanager/core/business/customer/model/attribute/CustomerOptionType.java
2026-03-03 17:05:41,110 - Knowledge - INFO - Worker kw13 processing /app/data/T0015/327978/b5857iz/shopizer-327978/sm-core/src/main/java/com/salesmanager/core/business/customer/exception/CustomerNotFoundException.java
2026-03-03 17:05:41,203 - Knowledge - INFO - Worker kw14 processing /app/data/T0015/327978/b5857iz/shopizer-327978/sm-core/src/main/java/com/salesmanager/core/business/payments/dao/TransactionDao.java
2026-03-03 17:05:41,294 - Knowledge - INFO - Fast-tracked /app/data/T0015/327978/b5857iz/shopizer-327978/sm-core/src/main/java/com/salesmanager/core/business/payments/model/Payment.java (ext=.java, size=993)
2026-03-03 17:05:41,393 - Knowledge - INFO - Fast-tracked /app/data/T0015/327978/b5857iz/shopizer-327978/sm-core/src/main/java/com/salesmanager/core/business/common/model/EntityList.java (ext=.java, size=405)
2026-03-03 17:05:41,511 - Knowledge - INFO - Fast-tracked /app/data/T0015/327978/b5857iz/shopizer-327978/sm-core/src/main/java/com/salesmanager/core/business/system/dao/ModuleConfigurationDaoImpl.java (ext=.java, size=1328)
2026-03-03 17:05:41,616 - Knowledge - INFO - Worker kw18 processing /app/data/T0015/327978/b5857iz/shopizer-327978/sm-core/src/main/java/com/salesmanager/core/business/system/service/EmailService.java
2026-03-03 17:05:41,728 - Knowledge - INFO - Worker kw19 processing /app/data/T0015/327978/b5857iz/shopizer-327978/sm-core/src/main/java/com/salesmanager/core/business/system/model/MerchantConfigurationType.java
2026-03-03 17:05:41,854 - Knowledge - INFO - Fast-tracked /app/data/T0015/327978/b5857iz/shopizer-327978/sm-core/src/main/java/com/salesmanager/core/business/system/model/Environment.java (ext=.java, size=103)
2026-03-03 17:05:41,951 - Knowledge - INFO - process ingested knowledge for /app/data/T0015/327978/b5857iz/shopizer-327978/sm-core/src/test/java/com/salesmanager/test/init/AbstractInitSalesManagerCore.java
2026-03-03 17:05:42,039 - Knowledge - INFO - process ingested knowledge for /app/data/T0015/327978/b5857iz/shopizer-327978/sm-core/src/test/java/com/salesmanager/test/payment/PaymentTestCase.java
2026-03-03 17:05:42,127 - Knowledge - INFO - process ingested knowledge for /app/data/T0015/327978/b5857iz/shopizer-327978/sm-core/src/test/java/com/salesmanager/test/tax/TaxTestCase.java
2026-03-03 17:05:42,244 - Knowledge - INFO - Fast-tracked /app/data/T0015/327978/b5857iz/shopizer-327978/sm-core/src/main/java/com/salesmanager/core/business/merchant/dao/MerchantStoreDao.java (ext=.java, size=719)
2026-03-03 17:05:42,404 - Knowledge - INFO - Worker kw11 processing /app/data/T0015/327978/b5857iz/shopizer-327978/sm-core/src/main/java/com/salesmanager/core/business/customer/service/attribute/CustomerOptionSetServiceImpl.java
2026-03-03 17:05:42,526 - Knowledge - INFO - Fast-tracked /app/data/T0015/327978/b5857iz/shopizer-327978/sm-core/src/main/java/com/salesmanager/core/business/customer/model/attribute/CustomerOptionType.java (ext=.java, size=142)
2026-03-03 17:05:42,608 - Knowledge - INFO - Fast-tracked /app/data/T0015/327978/b5857iz/shopizer-327978/sm-core/src/main/java/com/salesmanager/core/business/customer/exception/CustomerNotFoundException.java (ext=.java, size=504)
2026-03-03 17:05:42,690 - Knowledge - INFO - Fast-tracked /app/data/T0015/327978/b5857iz/shopizer-327978/sm-core/src/main/java/com/salesmanager/core/business/payments/dao/TransactionDao.java (ext=.java, size=410)
2026-03-03 17:05:42,771 - Knowledge - INFO - Worker kw15 processing /app/data/T0015/327978/b5857iz/shopizer-327978/sm-core/src/main/java/com/salesmanager/core/business/payments/model/PaypalPayment.java
2026-03-03 17:05:42,860 - Knowledge - INFO - Worker kw16 processing /app/data/T0015/327978/b5857iz/shopizer-327978/sm-core/src/main/java/com/salesmanager/core/business/common/model/Criteria.java
2026-03-03 17:05:42,941 - Knowledge - INFO - Worker kw17 processing /app/data/T0015/327978/b5857iz/shopizer-327978/sm-core/src/main/java/com/salesmanager/core/business/system/dao/SystemNotificationDaoImpl.java
2026-03-03 17:05:43,024 - Knowledge - INFO - Fast-tracked /app/data/T0015/327978/b5857iz/shopizer-327978/sm-core/src/main/java/com/salesmanager/core/business/system/service/EmailService.java (ext=.java, size=656)
2026-03-03 17:05:43,118 - Knowledge - INFO - Fast-tracked /app/data/T0015/327978/b5857iz/shopizer-327978/sm-core/src/main/java/com/salesmanager/core/business/system/model/MerchantConfigurationType.java (ext=.java, size=137)
2026-03-03 17:05:43,198 - Knowledge - INFO - Worker kw20 processing /app/data/T0015/327978/b5857iz/shopizer-327978/sm-core/src/main/java/com/salesmanager/core/business/system/model/SystemConfiguration.java
2026-03-03 17:05:43,279 - Knowledge - INFO - process ingested knowledge for /app/data/T0015/327978/b5857iz/shopizer-327978/sm-core/src/test/java/com/salesmanager/test/order/InvoiceTestCase.java
2026-03-03 17:05:43,388 - Knowledge - INFO - process ingested knowledge for /app/data/T0015/327978/b5857iz/shopizer-327978/sm-core/src/test/java/com/salesmanager/test/utils/ImportIntegrationModule.java
2026-03-03 17:05:43,498 - Knowledge - INFO - process ingested knowledge for /app/data/T0015/327978/b5857iz/shopizer-327978/sm-core/src/test/java/com/salesmanager/test/content/WebsiteContentTestCase.java
2026-03-03 17:05:43,692 - Knowledge - INFO - Worker kw11 processing /app/data/T0015/327978/b5857iz/shopizer-327978/sm-core/src/main/java/com/salesmanager/core/business/customer/service/attribute/CustomerOptionServiceImpl.java
2026-03-03 17:05:43,773 - Knowledge - INFO - Worker kw12 processing /app/data/T0015/327978/b5857iz/shopizer-327978/sm-core/src/main/java/com/salesmanager/core/business/customer/model/attribute/CustomerOption.java
2026-03-03 17:05:43,862 - Knowledge - INFO - Worker kw13 processing /app/data/T0015/327978/b5857iz/shopizer-327978/sm-core/src/main/java/com/salesmanager/core/business/search/service/SearchServiceImpl.java
2026-03-03 17:05:43,976 - Knowledge - INFO - Worker kw14 processing /app/data/T0015/327978/b5857iz/shopizer-327978/sm-core/src/main/java/com/salesmanager/core/business/payments/service/PaymentServiceImpl.java
2026-03-03 17:05:44,068 - Knowledge - INFO - Fast-tracked /app/data/T0015/327978/b5857iz/shopizer-327978/sm-core/src/main/java/com/salesmanager/core/business/payments/model/PaypalPayment.java (ext=.java, size=646)
2026-03-03 17:05:44,181 - Knowledge - INFO - Fast-tracked /app/data/T0015/327978/b5857iz/shopizer-327978/sm-core/src/main/java/com/salesmanager/core/business/common/model/Criteria.java (ext=.java, size=727)
2026-03-03 17:05:44,269 - Knowledge - INFO - Fast-tracked /app/data/T0015/327978/b5857iz/shopizer-327978/sm-core/src/main/java/com/salesmanager/core/business/system/dao/SystemNotificationDaoImpl.java (ext=.java, size=430)
2026-03-03 17:05:44,401 - Knowledge - INFO - Worker kw18 processing /app/data/T0015/327978/b5857iz/shopizer-327978/sm-core/src/main/java/com/salesmanager/core/business/system/service/MerchantLogService.java
2026-03-03 17:05:44,474 - Knowledge - INFO - Worker kw19 processing /app/data/T0015/327978/b5857iz/shopizer-327978/sm-core/src/main/java/com/salesmanager/core/business/system/model/ModuleConfig.java
2026-03-03 17:05:44,588 - Knowledge - INFO - Worker kw20 processing /app/data/T0015/327978/b5857iz/shopizer-327978/sm-core/src/main/java/com/salesmanager/core/business/system/model/CustomIntegrationConfiguration.java
2026-03-03 17:05:44,694 - Knowledge - INFO - process ingested knowledge for /app/data/T0015/327978/b5857iz/shopizer-327978/sm-core/src/test/java/com/salesmanager/test/order/OrderSalesManagerTestCase.java
2026-03-03 17:05:44,859 - Knowledge - INFO - process ingested knowledge for /app/data/T0015/327978/b5857iz/shopizer-327978/sm-core/src/test/java/com/salesmanager/test/utils/UtilsTestCase.java
2026-03-03 17:05:44,959 - Knowledge - INFO - process ingested knowledge for /app/data/T0015/327978/b5857iz/shopizer-327978/sm-core/src/test/java/com/salesmanager/test/content/ContentImagesTestCase.java
2026-03-03 17:05:45,068 - Knowledge - INFO - Worker kw11 processing /app/data/T0015/327978/b5857iz/shopizer-327978/sm-core/src/main/java/com/salesmanager/core/business/customer/service/attribute/CustomerOptionValueService.java
2026-03-03 17:05:45,181 - Knowledge - INFO - Fast-tracked /app/data/T0015/327978/b5857iz/shopizer-327978/sm-core/src/main/java/com/salesmanager/core/business/customer/service/attribute/CustomerAttributeServiceImpl.java (small file (2320 bytes))
2026-03-03 17:05:45,269 - Knowledge - INFO - Worker kw13 processing /app/data/T0015/327978/b5857iz/shopizer-327978/sm-core/src/main/java/com/salesmanager/core/business/search/service/SearchService.java
2026-03-03 17:05:45,345 - Knowledge - INFO - Worker kw14 processing /app/data/T0015/327978/b5857iz/shopizer-327978/sm-core/src/main/java/com/salesmanager/core/business/payments/service/TransactionServiceImpl.java
2026-03-03 17:05:45,449 - Knowledge - INFO - Worker kw15 processing /app/data/T0015/327978/b5857iz/shopizer-327978/sm-core/src/main/java/com/salesmanager/core/business/payments/model/CreditCardPayment.java
2026-03-03 17:05:45,541 - Knowledge - INFO - Worker kw16 processing /app/data/T0015/327978/b5857iz/shopizer-327978/sm-core/src/main/java/com/salesmanager/core/business/common/model/audit/AuditSection.java
2026-03-03 17:05:45,648 - Knowledge - INFO - Worker kw17 processing /app/data/T0015/327978/b5857iz/shopizer-327978/sm-core/src/main/java/com/salesmanager/core/business/system/dao/ModuleConfigurationDao.java
2026-03-03 17:05:45,729 - Knowledge - INFO - Fast-tracked /app/data/T0015/327978/b5857iz/shopizer-327978/sm-core/src/main/java/com/salesmanager/core/business/system/service/MerchantLogService.java (ext=.java, size=301)
2026-03-03 17:05:45,854 - Knowledge - INFO - Fast-tracked /app/data/T0015/327978/b5857iz/shopizer-327978/sm-core/src/main/java/com/salesmanager/core/business/system/model/ModuleConfig.java (ext=.java, size=1069)
2026-03-03 17:05:46,002 - Knowledge - INFO - Fast-tracked /app/data/T0015/327978/b5857iz/shopizer-327978/sm-core/src/main/java/com/salesmanager/core/business/system/model/CustomIntegrationConfiguration.java (ext=.java, size=306)
2026-03-03 17:05:46,076 - Knowledge - INFO - process ingested knowledge for /app/data/T0015/327978/b5857iz/shopizer-327978/sm-core/src/test/java/com/salesmanager/test/shipping/ShippingTestCase.java
2026-03-03 17:05:46,214 - Knowledge - INFO - process ingested knowledge for /app/data/T0015/327978/b5857iz/shopizer-327978/sm-core/src/test/java/com/salesmanager/test/utils/ExportSchema.java
2026-03-03 17:05:46,353 - Knowledge - INFO - process ingested knowledge for /app/data/T0015/327978/b5857iz/shopizer-327978/sm-core/src/test/java/com/salesmanager/test/content/StaticContentTestCase.java
2026-03-03 17:05:46,463 - Knowledge - INFO - Fast-tracked /app/data/T0015/327978/b5857iz/shopizer-327978/sm-core/src/main/java/com/salesmanager/core/business/customer/service/attribute/CustomerOptionValueService.java (ext=.java, size=846)
2026-03-03 17:05:46,539 - Knowledge - INFO - Fast-tracked /app/data/T0015/327978/b5857iz/shopizer-327978/sm-core/src/main/java/com/salesmanager/core/business/customer/service/attribute/CustomerOptionValueServiceImpl.java (small file (2868 bytes))
2026-03-03 17:05:46,627 - Knowledge - INFO - Fast-tracked /app/data/T0015/327978/b5857iz/shopizer-327978/sm-core/src/main/java/com/salesmanager/core/business/search/service/SearchService.java (ext=.java, size=1796)
2026-03-03 17:05:46,776 - Knowledge - INFO - Worker kw14 processing /app/data/T0015/327978/b5857iz/shopizer-327978/sm-core/src/main/java/com/salesmanager/core/business/payments/service/TransactionService.java
2026-03-03 17:05:46,883 - Knowledge - INFO - Fast-tracked /app/data/T0015/327978/b5857iz/shopizer-327978/sm-core/src/main/java/com/salesmanager/core/business/payments/model/CreditCardPayment.java (ext=.java, size=1495)
2026-03-03 17:05:46,985 - Knowledge - INFO - Fast-tracked /app/data/T0015/327978/b5857iz/shopizer-327978/sm-core/src/main/java/com/salesmanager/core/business/common/model/audit/AuditSection.java (ext=.java, size=1320)
2026-03-03 17:05:47,133 - Knowledge - INFO - Fast-tracked /app/data/T0015/327978/b5857iz/shopizer-327978/sm-core/src/main/java/com/salesmanager/core/business/system/dao/ModuleConfigurationDao.java (ext=.java, size=436)
2026-03-03 17:05:47,218 - Knowledge - INFO - Worker kw18 processing /app/data/T0015/327978/b5857iz/shopizer-327978/sm-core/src/main/java/com/salesmanager/core/business/system/service/MerchantConfigurationServiceImpl.java
2026-03-03 17:05:47,333 - Knowledge - INFO - Worker kw19 processing /app/data/T0015/327978/b5857iz/shopizer-327978/sm-core/src/main/java/com/salesmanager/core/business/system/model/IntegrationModule.java
2026-03-03 17:05:47,413 - Knowledge - INFO - Worker kw20 processing /app/data/T0015/327978/b5857iz/shopizer-327978/sm-core/src/main/java/com/salesmanager/core/business/generic/dao/SalesManagerEntityDao.java
2026-03-03 17:05:47,479 - Knowledge - INFO - process ingested knowledge for /app/data/T0015/327978/b5857iz/shopizer-327978/sm-core/src/test/java/com/salesmanager/test/merchant/MerchantSalesManagerTestCase.java
2026-03-03 17:05:47,615 - Knowledge - INFO - process ingested knowledge for /app/data/T0015/327978/b5857iz/shopizer-327978/sm-core/src/test/java/com/salesmanager/test/core/AbstractSalesManagerCoreTestCase.java
2026-03-03 17:05:47,718 - Knowledge - INFO - process ingested knowledge for /app/data/T0015/327978/b5857iz/shopizer-327978/sm-core/src/test/java/com/salesmanager/test/catalog/ProductPriceTestCase.java
2026-03-03 17:05:48,023 - Knowledge - INFO - Worker kw13 processing /app/data/T0015/327978/b5857iz/shopizer-327978/sm-core/src/main/java/com/salesmanager/core/business/search/model/SearchEntry.java
2026-03-03 17:05:48,121 - Knowledge - INFO - Fast-tracked /app/data/T0015/327978/b5857iz/shopizer-327978/sm-core/src/main/java/com/salesmanager/core/business/payments/service/TransactionService.java (ext=.java, size=855)
2026-03-03 17:05:48,211 - Knowledge - INFO - Worker kw15 processing /app/data/T0015/327978/b5857iz/shopizer-327978/sm-core/src/main/java/com/salesmanager/core/business/payments/model/CreditCardType.java
2026-03-03 17:05:48,323 - Knowledge - INFO - Worker kw16 processing /app/data/T0015/327978/b5857iz/shopizer-327978/sm-core/src/main/java/com/salesmanager/core/business/common/model/audit/AuditListener.java
2026-03-03 17:05:48,433 - Knowledge - INFO - Worker kw17 processing /app/data/T0015/327978/b5857iz/shopizer-327978/sm-core/src/main/java/com/salesmanager/core/business/system/dao/MerchantLogDaoImpl.java
2026-03-03 17:05:48,516 - Knowledge - INFO - Worker kw18 processing /app/data/T0015/327978/b5857iz/shopizer-327978/sm-core/src/main/java/com/salesmanager/core/business/system/service/MerchantConfigurationService.java
2026-03-03 17:05:48,632 - Knowledge - INFO - Worker kw19 processing /app/data/T0015/327978/b5857iz/shopizer-327978/sm-core/src/main/java/com/salesmanager/core/business/system/model/MerchantConfiguration.java
2026-03-03 17:05:48,708 - Knowledge - INFO - Worker kw20 processing /app/data/T0015/327978/b5857iz/shopizer-327978/sm-core/src/main/java/com/salesmanager/core/business/generic/dao/SalesManagerEntityDaoImpl.java
2026-03-03 17:05:48,782 - Knowledge - INFO - process ingested knowledge for /app/data/T0015/327978/b5857iz/shopizer-327978/sm-core/src/test/java/com/salesmanager/test/shoppingcart/ShoppingCartTestCase.java
2026-03-03 17:05:48,865 - Knowledge - INFO - process ingested knowledge for /app/data/T0015/327978/b5857iz/shopizer-327978/sm-core/src/test/java/com/salesmanager/test/core/SalesManagerCoreTestExecutionListener.java
2026-03-03 17:05:49,070 - Knowledge - INFO - process ingested knowledge for /app/data/T0015/327978/b5857iz/shopizer-327978/sm-core/src/test/java/com/salesmanager/test/catalog/SearchByProductAttributeTestCase.java
2026-03-03 17:05:49,195 - Knowledge - INFO - Fast-tracked /app/data/T0015/327978/b5857iz/shopizer-327978/sm-core/src/main/java/com/salesmanager/core/business/search/model/SearchEntry.java (ext=.java, size=549)
2026-03-03 17:05:49,356 - Knowledge - INFO - Worker kw14 processing /app/data/T0015/327978/b5857iz/shopizer-327978/sm-core/src/main/java/com/salesmanager/core/business/payments/service/PaymentService.java
2026-03-03 17:05:49,665 - Knowledge - INFO - Fast-tracked /app/data/T0015/327978/b5857iz/shopizer-327978/sm-core/src/main/java/com/salesmanager/core/business/payments/model/CreditCardType.java (ext=.java, size=140)
2026-03-03 17:05:49,954 - Knowledge - INFO - Fast-tracked /app/data/T0015/327978/b5857iz/shopizer-327978/sm-core/src/main/java/com/salesmanager/core/business/common/model/audit/AuditListener.java (ext=.java, size=574)
2026-03-03 17:05:49,988 - Knowledge - INFO - Fast-tracked /app/data/T0015/327978/b5857iz/shopizer-327978/sm-core/src/main/java/com/salesmanager/core/business/shipping/model/ShippingOption.java (small file (2458 bytes))
2026-03-03 17:05:50,152 - Knowledge - INFO - Fast-tracked /app/data/T0015/327978/b5857iz/shopizer-327978/sm-core/src/main/java/com/salesmanager/core/business/system/dao/MerchantLogDaoImpl.java (ext=.java, size=905)
2026-03-03 17:05:50,228 - Knowledge - INFO - Fast-tracked /app/data/T0015/327978/b5857iz/shopizer-327978/sm-core/src/main/java/com/salesmanager/core/business/system/service/MerchantConfigurationService.java (ext=.java, size=1225)
2026-03-03 17:05:50,505 - Knowledge - INFO - Worker kw20 processing /app/data/T0015/327978/b5857iz/shopizer-327978/sm-core/src/main/java/com/salesmanager/core/business/generic/dao/SalesManagerJpaDaoSupport.java
2026-03-03 17:05:50,609 - Knowledge - INFO - process ingested knowledge for /app/data/T0015/327978/b5857iz/shopizer-327978/sm-core/src/test/java/com/salesmanager/test/customer/CustomerOptionsTestCase.java
2026-03-03 17:05:50,749 - Knowledge - INFO - process ingested knowledge for /app/data/T0015/327978/b5857iz/shopizer-327978/sm-core/src/test/java/com/salesmanager/test/isolated/IsolatedTestCase.java
2026-03-03 17:05:50,901 - Knowledge - INFO - process ingested knowledge for /app/data/T0015/327978/b5857iz/shopizer-327978/sm-core/src/test/java/com/salesmanager/test/catalog/CatalogSalesManagerTestCase.java
2026-03-03 17:05:51,188 - Knowledge - INFO - Fast-tracked /app/data/T0015/327978/b5857iz/shopizer-327978/sm-core/src/main/java/com/salesmanager/core/business/customer/model/attribute/CustomerOptionSet.java (small file (2319 bytes))
2026-03-03 17:05:51,331 - Knowledge - INFO - Worker kw15 processing /app/data/T0015/327978/b5857iz/shopizer-327978/sm-core/src/main/java/com/salesmanager/core/business/payments/model/PaymentMethod.java
2026-03-03 17:05:51,331 - Knowledge - INFO - Fast-tracked /app/data/T0015/327978/b5857iz/shopizer-327978/sm-core/src/main/java/com/salesmanager/core/business/search/model/IndexProduct.java (small file (2821 bytes))
2026-03-03 17:05:51,501 - Knowledge - INFO - Worker kw16 processing /app/data/T0015/327978/b5857iz/shopizer-327978/sm-core/src/main/java/com/salesmanager/core/business/common/model/audit/Auditable.java
2026-03-03 17:05:51,756 - Knowledge - INFO - Worker kw17 processing /app/data/T0015/327978/b5857iz/shopizer-327978/sm-core/src/main/java/com/salesmanager/core/business/system/dao/MerchantConfigurationDao.java
2026-03-03 17:05:51,861 - Knowledge - INFO - Worker kw18 processing /app/data/T0015/327978/b5857iz/shopizer-327978/sm-core/src/main/java/com/salesmanager/core/business/system/service/EmailServiceImpl.java
2026-03-03 17:05:52,132 - Knowledge - INFO - process ingested knowledge for /app/data/T0015/327978/b5857iz/shopizer-327978/sm-core/src/test/java/com/salesmanager/test/customer/CustomerSalesManagerTestCase.java
2026-03-03 17:05:52,143 - Knowledge - INFO - Worker kw20 processing /app/data/T0015/327978/b5857iz/shopizer-327978/sm-core/src/main/java/com/salesmanager/core/business/generic/util/EntityManagerUtils.java
2026-03-03 17:05:52,261 - Knowledge - INFO - process ingested knowledge for /app/data/T0015/327978/b5857iz/shopizer-327978/sm-core/src/test/java/com/salesmanager/test/isolated/TestSupportFactory.java
2026-03-03 17:05:52,361 - Knowledge - INFO - process ingested knowledge for /app/data/T0015/327978/b5857iz/shopizer-327978/sm-core/src/test/java/com/salesmanager/test/catalog/ProductImagesTestCase.java
2026-03-03 17:05:52,682 - Knowledge - INFO - Fast-tracked /app/data/T0015/327978/b5857iz/shopizer-327978/sm-core/src/main/java/com/salesmanager/core/business/payments/model/PaymentMethod.java (ext=.java, size=1534)
2026-03-03 17:05:52,904 - Knowledge - INFO - Fast-tracked /app/data/T0015/327978/b5857iz/shopizer-327978/sm-core/src/main/java/com/salesmanager/core/business/common/model/audit/Auditable.java (ext=.java, size=171)
2026-03-03 17:05:53,018 - Knowledge - INFO - Fast-tracked /app/data/T0015/327978/b5857iz/shopizer-327978/sm-core/src/main/java/com/salesmanager/core/business/system/dao/MerchantConfigurationDao.java (ext=.java, size=740)
2026-03-03 17:05:53,166 - Knowledge - INFO - Worker kw18 processing /app/data/T0015/327978/b5857iz/shopizer-327978/sm-core/src/main/java/com/salesmanager/core/business/system/service/MerchantLogServiceImpl.java
2026-03-03 17:05:53,471 - Knowledge - INFO - Fast-tracked /app/data/T0015/327978/b5857iz/shopizer-327978/sm-core/src/main/java/com/salesmanager/core/business/generic/util/EntityManagerUtils.java (ext=.java, size=1835)
2026-03-03 17:05:53,841 - Knowledge - INFO - Worker kw15 processing /app/data/T0015/327978/b5857iz/shopizer-327978/sm-core/src/main/java/com/salesmanager/core/business/common/model/Delivery.java
2026-03-03 17:05:53,849 - Knowledge - INFO - [LLM_CALL] Completed: OrderDaoImpl.java:chunk1, Duration: 13371ms, PromptTokens: 3586, CompletionTokens: 582, Cost: $0.00059
2026-03-03 17:05:53,850 - Knowledge - INFO - process ingested knowledge for /app/data/T0015/327978/b5857iz/shopizer-327978/sm-core/src/test/java/com/salesmanager/test/manufacturer/ManufacturerTestCase.java
2026-03-03 17:05:53,868 - Knowledge - INFO - process ingested knowledge for /app/data/T0015/327978/b5857iz/shopizer-327978/sm-core/src/test/resources/sql/create_schema.sql
2026-03-03 17:05:54,024 - Knowledge - INFO - Worker kw16 processing /app/data/T0015/327978/b5857iz/shopizer-327978/sm-core/src/main/java/com/salesmanager/core/business/common/model/OrderTotalItem.java
2026-03-03 17:05:54,145 - Knowledge - INFO - Worker kw17 processing /app/data/T0015/327978/b5857iz/shopizer-327978/sm-core/src/main/java/com/salesmanager/core/business/system/dao/SystemConfigurationDao.java
2026-03-03 17:05:54,255 - Knowledge - INFO - Fast-tracked /app/data/T0015/327978/b5857iz/shopizer-327978/sm-core/src/main/java/com/salesmanager/core/business/system/service/MerchantLogServiceImpl.java (ext=.java, size=927)
2026-03-03 17:05:54,474 - Knowledge - INFO - Fast-tracked /app/data/T0015/327978/b5857iz/shopizer-327978/sm-core/src/main/java/com/salesmanager/core/business/system/model/SystemConfiguration.java (small file (2110 bytes))
2026-03-03 17:05:54,618 - Knowledge - INFO - done ingest for /app/data/T0015/327978/b5857iz/shopizer-327978/sm-core/src/main/java/com/salesmanager/core/business/order/dao/OrderDaoImpl.java
2026-03-03 17:05:54,619 - Knowledge - INFO - [LLM_CALL] Completed: OrderTotal.java:chunk1, Duration: 17775ms, PromptTokens: 2440, CompletionTokens: 746, Cost: $0.00054
2026-03-03 17:05:54,731 - Knowledge - INFO - Fast-tracked /app/data/T0015/327978/b5857iz/shopizer-327978/sm-core/src/main/java/com/salesmanager/core/business/customer/service/attribute/CustomerOptionSetServiceImpl.java (small file (2579 bytes))
2026-03-03 17:05:54,997 - Knowledge - INFO - Fast-tracked /app/data/T0015/327978/b5857iz/shopizer-327978/sm-core/src/main/java/com/salesmanager/core/business/common/model/OrderTotalItem.java (ext=.java, size=591)
2026-03-03 17:05:55,001 - Knowledge - INFO - process ingested knowledge for /app/data/T0015/327978/b5857iz/shopizer-327978/sm-core/src/test/resources/spring/test-spring-context.xml
2026-03-03 17:05:55,073 - Knowledge - INFO - Fast-tracked /app/data/T0015/327978/b5857iz/shopizer-327978/sm-core/src/main/java/com/salesmanager/core/business/system/dao/SystemConfigurationDao.java (ext=.java, size=300)
2026-03-03 17:05:55,160 - Knowledge - INFO - Worker kw18 processing /app/data/T0015/327978/b5857iz/shopizer-327978/sm-core/src/main/java/com/salesmanager/core/business/system/service/ModuleConfigurationService.java
2026-03-03 17:05:55,266 - Knowledge - INFO - Fast-tracked /app/data/T0015/327978/b5857iz/shopizer-327978/sm-core/src/main/java/com/salesmanager/core/business/generic/dao/SalesManagerEntityDao.java (small file (2158 bytes))
2026-03-03 17:05:55,451 - Knowledge - INFO - done ingest for /app/data/T0015/327978/b5857iz/shopizer-327978/sm-core/src/main/java/com/salesmanager/core/business/order/model/OrderTotal.java
2026-03-03 17:05:55,628 - Knowledge - INFO - Fast-tracked /app/data/T0015/327978/b5857iz/shopizer-327978/sm-core/src/main/java/com/salesmanager/core/business/customer/service/attribute/CustomerOptionServiceImpl.java (small file (2701 bytes))
2026-03-03 17:05:55,729 - Knowledge - INFO - Fast-tracked /app/data/T0015/327978/b5857iz/shopizer-327978/sm-core/src/main/java/com/salesmanager/core/business/common/model/Description.java (small file (2814 bytes))
2026-03-03 17:05:55,926 - Knowledge - INFO - Worker kw17 processing /app/data/T0015/327978/b5857iz/shopizer-327978/sm-core/src/main/java/com/salesmanager/core/business/system/dao/SystemConfigurationDaoImpl.java
2026-03-03 17:05:55,994 - Knowledge - INFO - Processing batch of 10 files
2026-03-03 17:05:56,075 - Knowledge - INFO - Fast-tracked /app/data/T0015/327978/b5857iz/shopizer-327978/sm-core/src/main/java/com/salesmanager/core/business/system/service/ModuleConfigurationService.java (ext=.java, size=459)
2026-03-03 17:05:56,335 - Knowledge - INFO - Fast-tracked /app/data/T0015/327978/b5857iz/shopizer-327978/sm-core/src/main/java/com/salesmanager/core/business/generic/dao/SalesManagerEntityDaoImpl.java (small file (2480 bytes))
2026-03-03 17:05:56,650 - Knowledge - INFO - Fast-tracked /app/data/T0015/327978/b5857iz/shopizer-327978/sm-core/src/main/java/com/salesmanager/core/business/common/model/Billing.java (small file (2657 bytes))
2026-03-03 17:05:56,807 - Knowledge - INFO - Fast-tracked /app/data/T0015/327978/b5857iz/shopizer-327978/sm-core/src/main/java/com/salesmanager/core/business/system/dao/SystemConfigurationDaoImpl.java (ext=.java, size=435)
2026-03-03 17:05:56,933 - Knowledge - INFO - process ingested knowledge for /app/data/T0015/327978/b5857iz/shopizer-327978/sm-core/src/test/resources/spring/test-datasource.xml
2026-03-03 17:05:57,410 - Knowledge - INFO - Fast-tracked /app/data/T0015/327978/b5857iz/shopizer-327978/sm-core/src/main/java/com/salesmanager/core/business/system/dao/MerchantConfigurationDaoImpl.java (small file (2340 bytes))
2026-03-03 17:05:58,480 - Knowledge - INFO - process ingested knowledge for /app/data/T0015/327978/b5857iz/shopizer-327978/sm-core/src/main/java/com/salesmanager/core/business/order/dao/OrderDao.java
2026-03-03 17:05:59,270 - Knowledge - INFO - process ingested knowledge for /app/data/T0015/327978/b5857iz/shopizer-327978/sm-core/src/main/java/com/salesmanager/core/business/order/dao/OrderTotalDao.java
2026-03-03 17:05:59,626 - Knowledge - INFO - Fast-tracked /app/data/T0015/327978/b5857iz/shopizer-327978/sm-core/src/main/java/com/salesmanager/core/business/system/model/MerchantLog.java (small file (2355 bytes))
2026-03-03 17:06:00,231 - Knowledge - INFO - [LLM_CALL] Completed: OrderService.java:chunk1, Duration: 27092ms, PromptTokens: 2354, CompletionTokens: 865, Cost: $0.00058
2026-03-03 17:06:00,309 - Knowledge - INFO - process ingested knowledge for /app/data/T0015/327978/b5857iz/shopizer-327978/sm-core/src/main/java/com/salesmanager/core/business/order/dao/OrderDaoImpl.java
2026-03-03 17:06:00,496 - Knowledge - INFO - done ingest for /app/data/T0015/327978/b5857iz/shopizer-327978/sm-core/src/main/java/com/salesmanager/core/business/order/service/OrderService.java
2026-03-03 17:06:00,943 - Knowledge - INFO - [WEBSOCKET] Sent: Type=progress_update, Size: 293, Duration: 0ms
2026-03-03 17:06:01,256 - Knowledge - INFO - Processing batch of 10 files
2026-03-03 17:06:01,262 - Knowledge - INFO - Processing batch of 10 files
2026-03-03 17:06:01,291 - Knowledge - INFO - [WEBSOCKET] Sent: Type=unknown, Size: ?, Duration: 348ms
2026-03-03 17:06:01,390 - Knowledge - INFO - process ingested knowledge for /app/data/T0015/327978/b5857iz/shopizer-327978/sm-core/src/main/java/com/salesmanager/core/business/order/dao/OrderTotalDaoImpl.java
2026-03-03 17:06:01,492 - Knowledge - INFO - process ingested knowledge for /app/data/T0015/327978/b5857iz/shopizer-327978/sm-core/src/main/java/com/salesmanager/core/business/common/model/Description.java
2026-03-03 17:06:01,652 - Knowledge - INFO - process ingested knowledge for /app/data/T0015/327978/b5857iz/shopizer-327978/sm-core/src/main/java/com/salesmanager/core/business/system/dao/MerchantConfigurationDaoImpl.java
2026-03-03 17:06:01,780 - Knowledge - INFO - Progress: 4.3% | Files: 60/1167 | Rate: 0.73 files/sec | Queue: 971
2026-03-03 17:06:02,138 - Knowledge - INFO - [kw2] Queue=971, InProgress=0, PendingWorkers=20/20, Completed=60/1167 (5.1%)
2026-03-03 17:06:02,148 - Knowledge - INFO - process ingested knowledge for /app/data/T0015/327978/b5857iz/shopizer-327978/sm-core/src/main/java/com/salesmanager/core/business/order/dao/orderaccount/OrderAccountDao.java
2026-03-03 17:06:02,154 - Knowledge - INFO - process ingested knowledge for /app/data/T0015/327978/b5857iz/shopizer-327978/sm-core/src/main/java/com/salesmanager/core/business/common/model/CriteriaOrderBy.java
2026-03-03 17:06:02,164 - Knowledge - INFO - process ingested knowledge for /app/data/T0015/327978/b5857iz/shopizer-327978/sm-core/src/main/java/com/salesmanager/core/business/system/dao/SystemNotificationDao.java
2026-03-03 17:06:02,188 - Knowledge - INFO - [LLM_CALL] Completed: OrderServiceImpl.java:chunk1, Duration: 26243ms, PromptTokens: 8474, CompletionTokens: 1170, Cost: $0.00132
2026-03-03 17:06:02,356 - Knowledge - INFO - [kw1] Queue=971, InProgress=0, PendingWorkers=20/20, Completed=60/1167 (5.1%)
2026-03-03 17:06:02,477 - Knowledge - INFO - Batch sizing: calculated=8, max_allowed=10, queue=971, active_workers=20/20
2026-03-03 17:06:02,722 - Knowledge - INFO - process ingested knowledge for /app/data/T0015/327978/b5857iz/shopizer-327978/sm-core/src/main/java/com/salesmanager/core/business/order/dao/orderaccount/OrderAccountDaoImpl.java
2026-03-03 17:06:02,722 - Knowledge - INFO - process ingested knowledge for /app/data/T0015/327978/b5857iz/shopizer-327978/sm-core/src/main/java/com/salesmanager/core/business/common/model/Address.java
2026-03-03 17:06:02,841 - Knowledge - INFO - process ingested knowledge for /app/data/T0015/327978/b5857iz/shopizer-327978/sm-core/src/main/java/com/salesmanager/core/business/system/dao/MerchantLogDao.java
2026-03-03 17:06:02,935 - Knowledge - INFO - done ingest for /app/data/T0015/327978/b5857iz/shopizer-327978/sm-core/src/main/java/com/salesmanager/core/business/order/service/OrderServiceImpl.java
2026-03-03 17:06:02,936 - Knowledge - INFO - [kw3] Queue=971, InProgress=0, PendingWorkers=20/20, Completed=60/1167 (5.1%)
2026-03-03 17:06:03,078 - Knowledge - INFO - Batch sizing: calculated=8, max_allowed=10, queue=971, active_workers=20/20
2026-03-03 17:06:03,151 - Knowledge - INFO - Async storing batch of 10 embeddings
2026-03-03 17:06:03,270 - Knowledge - INFO - process ingested knowledge for /app/data/T0015/327978/b5857iz/shopizer-327978/sm-core/src/main/java/com/salesmanager/core/business/order/dao/orderproduct/OrderProductDao.java
2026-03-03 17:06:03,362 - Knowledge - INFO - process ingested knowledge for /app/data/T0015/327978/b5857iz/shopizer-327978/sm-core/src/main/java/com/salesmanager/core/business/common/model/Billing.java
2026-03-03 17:06:03,452 - Knowledge - INFO - process ingested knowledge for /app/data/T0015/327978/b5857iz/shopizer-327978/sm-core/src/main/java/com/salesmanager/core/business/system/dao/ModuleConfigurationDaoImpl.java
2026-03-03 17:06:03,699 - Knowledge - INFO - Batch sizing: calculated=8, max_allowed=10, queue=971, active_workers=20/20
2026-03-03 17:06:03,845 - Knowledge - INFO - Async storing batch of 10 embeddings
2026-03-03 17:06:04,038 - Knowledge - INFO - Worker kw2 processing /app/data/T0015/327978/b5857iz/shopizer-327978/sm-core/src/main/java/com/salesmanager/core/business/generic/util/GenericEntityUtils.java
2026-03-03 17:06:04,111 - Knowledge - INFO - process ingested knowledge for /app/data/T0015/327978/b5857iz/shopizer-327978/sm-core/src/main/java/com/salesmanager/core/business/order/dao/orderproduct/OrderProductDownloadDao.java
2026-03-03 17:06:04,314 - Knowledge - INFO - process ingested knowledge for /app/data/T0015/327978/b5857iz/shopizer-327978/sm-core/src/main/java/com/salesmanager/core/business/common/model/EntityList.java
2026-03-03 17:06:04,558 - Knowledge - INFO - process ingested knowledge for /app/data/T0015/327978/b5857iz/shopizer-327978/sm-core/src/main/java/com/salesmanager/core/business/system/dao/SystemNotificationDaoImpl.java
2026-03-03 17:06:04,711 - Knowledge - INFO - Async storing batch of 10 embeddings
2026-03-03 17:06:04,855 - Knowledge - INFO - Worker kw1 processing /app/data/T0015/327978/b5857iz/shopizer-327978/sm-core/src/main/java/com/salesmanager/core/business/tax/dao/taxrate/TaxRateDaoImpl.java
2026-03-03 17:06:05,002 - Knowledge - INFO - Fast-tracked /app/data/T0015/327978/b5857iz/shopizer-327978/sm-core/src/main/java/com/salesmanager/core/business/generic/util/GenericEntityUtils.java (ext=.java, size=1197)
2026-03-03 17:06:05,073 - Knowledge - INFO - process ingested knowledge for /app/data/T0015/327978/b5857iz/shopizer-327978/sm-core/src/main/java/com/salesmanager/core/business/order/dao/orderproduct/OrderProductDaoImpl.java
2026-03-03 17:06:05,111 - Knowledge - INFO - [LLM_CALL] Completed: CustomerOptionSetDaoImpl.java:chunk1, Duration: 17311ms, PromptTokens: 3488, CompletionTokens: 584, Cost: $0.00058
2026-03-03 17:06:05,224 - Knowledge - INFO - process ingested knowledge for /app/data/T0015/327978/b5857iz/shopizer-327978/sm-core/src/main/java/com/salesmanager/core/business/common/model/Criteria.java
2026-03-03 17:06:05,331 - Knowledge - INFO - process ingested knowledge for /app/data/T0015/327978/b5857iz/shopizer-327978/sm-core/src/main/java/com/salesmanager/core/business/system/dao/ModuleConfigurationDao.java
2026-03-03 17:06:05,461 - Knowledge - INFO - Worker kw3 processing /app/data/T0015/327978/b5857iz/shopizer-327978/sm-core/src/main/java/com/salesmanager/core/business/tax/service/TaxService.java
2026-03-03 17:06:05,578 - Knowledge - INFO - Worker kw1 processing /app/data/T0015/327978/b5857iz/shopizer-327978/sm-core/src/main/java/com/salesmanager/core/business/tax/dao/taxclass/TaxClassDaoImpl.java
2026-03-03 17:06:05,685 - Knowledge - INFO - Worker kw2 processing /app/data/T0015/327978/b5857iz/shopizer-327978/sm-core/src/main/java/com/salesmanager/core/business/generic/service/TransactionalAspectAwareService.java
2026-03-03 17:06:05,958 - Knowledge - INFO - done ingest for /app/data/T0015/327978/b5857iz/shopizer-327978/sm-core/src/main/java/com/salesmanager/core/business/customer/dao/attribute/CustomerOptionSetDaoImpl.java
2026-03-03 17:06:05,966 - Knowledge - INFO - [LLM_CALL] Completed: Order.java:chunk1, Duration: 25688ms, PromptTokens: 4590, CompletionTokens: 1534, Cost: $0.00107
2026-03-03 17:06:06,150 - Knowledge - INFO - process ingested knowledge for /app/data/T0015/327978/b5857iz/shopizer-327978/sm-core/src/main/java/com/salesmanager/core/business/common/model/audit/AuditSection.java
2026-03-03 17:06:06,530 - Knowledge - INFO - Fast-tracked /app/data/T0015/327978/b5857iz/shopizer-327978/sm-core/src/main/java/com/salesmanager/core/business/tax/service/TaxService.java (ext=.java, size=1421)
2026-03-03 17:06:06,625 - Knowledge - INFO - Worker kw1 processing /app/data/T0015/327978/b5857iz/shopizer-327978/sm-core/src/main/java/com/salesmanager/core/business/tax/dao/taxclass/TaxClassDao.java
2026-03-03 17:06:06,661 - Knowledge - INFO - process ingested knowledge for /app/data/T0015/327978/b5857iz/shopizer-327978/sm-core/src/main/java/com/salesmanager/core/business/system/dao/MerchantLogDaoImpl.java
2026-03-03 17:06:06,758 - Knowledge - INFO - Fast-tracked /app/data/T0015/327978/b5857iz/shopizer-327978/sm-core/src/main/java/com/salesmanager/core/business/generic/service/TransactionalAspectAwareService.java (ext=.java, size=432)
2026-03-03 17:06:07,014 - Knowledge - INFO - done ingest for /app/data/T0015/327978/b5857iz/shopizer-327978/sm-core/src/main/java/com/salesmanager/core/business/order/model/Order.java
2026-03-03 17:06:07,170 - Knowledge - INFO - process ingested knowledge for /app/data/T0015/327978/b5857iz/shopizer-327978/sm-core/src/main/java/com/salesmanager/core/business/common/model/audit/AuditListener.java
2026-03-03 17:06:07,194 - Knowledge - INFO - Processing batch of 10 files
2026-03-03 17:06:07,250 - Knowledge - INFO - Worker kw3 processing /app/data/T0015/327978/b5857iz/shopizer-327978/sm-core/src/main/java/com/salesmanager/core/business/tax/model/TaxItem.java
2026-03-03 17:06:07,413 - Knowledge - INFO - Fast-tracked /app/data/T0015/327978/b5857iz/shopizer-327978/sm-core/src/main/java/com/salesmanager/core/business/tax/dao/taxclass/TaxClassDao.java (ext=.java, size=531)
2026-03-03 17:06:07,665 - Knowledge - INFO - process ingested knowledge for /app/data/T0015/327978/b5857iz/shopizer-327978/sm-core/src/main/java/com/salesmanager/core/business/system/dao/MerchantConfigurationDao.java
2026-03-03 17:06:07,695 - Knowledge - INFO - Worker kw2 processing /app/data/T0015/327978/b5857iz/shopizer-327978/sm-core/src/main/java/com/salesmanager/core/business/generic/service/SalesManagerEntityService.java
2026-03-03 17:06:08,119 - Knowledge - INFO - process ingested knowledge for /app/data/T0015/327978/b5857iz/shopizer-327978/sm-core/src/main/java/com/salesmanager/core/business/customer/dao/attribute/CustomerOptionSetDaoImpl.java
2026-03-03 17:06:08,233 - Knowledge - INFO - Processing batch of 10 files
2026-03-03 17:06:08,235 - Knowledge - INFO - process ingested knowledge for /app/data/T0015/327978/b5857iz/shopizer-327978/sm-core/src/main/java/com/salesmanager/core/business/common/model/audit/Auditable.java
2026-03-03 17:06:08,340 - Knowledge - INFO - Fast-tracked /app/data/T0015/327978/b5857iz/shopizer-327978/sm-core/src/main/java/com/salesmanager/core/business/tax/model/TaxItem.java (ext=.java, size=625)
2026-03-03 17:06:08,422 - Knowledge - INFO - Worker kw1 processing /app/data/T0015/327978/b5857iz/shopizer-327978/sm-core/src/main/java/com/salesmanager/core/business/tax/service/TaxServiceImpl.java
2026-03-03 17:06:08,565 - Knowledge - INFO - [LLM_CALL] Completed: MerchantStoreDaoImpl.java:chunk1, Duration: 16903ms, PromptTokens: 2872, CompletionTokens: 515, Cost: $0.00049
2026-03-03 17:06:08,568 - Knowledge - INFO - process ingested knowledge for /app/data/T0015/327978/b5857iz/shopizer-327978/sm-core/src/main/java/com/salesmanager/core/business/system/dao/SystemConfigurationDao.java
2026-03-03 17:06:08,622 - Knowledge - INFO - Worker kw2 processing /app/data/T0015/327978/b5857iz/shopizer-327978/sm-core/src/main/java/com/salesmanager/core/business/generic/service/SalesManagerEntityServiceImpl.java
2026-03-03 17:06:08,891 - Knowledge - INFO - process ingested knowledge for /app/data/T0015/327978/b5857iz/shopizer-327978/sm-core/src/main/java/com/salesmanager/core/business/order/dao/orderproduct/OrderProductDownloadDaoImpl.java
2026-03-03 17:06:08,913 - Knowledge - INFO - process ingested knowledge for /app/data/T0015/327978/b5857iz/shopizer-327978/sm-core/src/main/java/com/salesmanager/core/business/customer/dao/attribute/CustomerOptionSetDao.java
2026-03-03 17:06:09,033 - Knowledge - INFO - process ingested knowledge for /app/data/T0015/327978/b5857iz/shopizer-327978/sm-core/src/main/java/com/salesmanager/core/business/common/model/OrderTotalItem.java
2026-03-03 17:06:09,119 - Knowledge - INFO - Worker kw3 processing /app/data/T0015/327978/b5857iz/shopizer-327978/sm-core/src/main/java/com/salesmanager/core/business/tax/model/TaxBasisCalculation.java
2026-03-03 17:06:09,227 - Knowledge - INFO - Worker kw1 processing /app/data/T0015/327978/b5857iz/shopizer-327978/sm-core/src/main/java/com/salesmanager/core/business/tax/service/TaxClassService.java
2026-03-03 17:06:09,331 - Knowledge - INFO - Fast-tracked /app/data/T0015/327978/b5857iz/shopizer-327978/sm-core/src/main/java/com/salesmanager/core/business/shipping/model/ShippingQuote.java (small file (2820 bytes))
2026-03-03 17:06:09,335 - Knowledge - INFO - done ingest for /app/data/T0015/327978/b5857iz/shopizer-327978/sm-core/src/main/java/com/salesmanager/core/business/merchant/dao/MerchantStoreDaoImpl.java
2026-03-03 17:06:09,336 - Knowledge - INFO - [LLM_CALL] Completed: FileHistory.java:chunk1, Duration: 30652ms, PromptTokens: 2294, CompletionTokens: 665, Cost: $0.00050
2026-03-03 17:06:09,438 - Knowledge - INFO - process ingested knowledge for /app/data/T0015/327978/b5857iz/shopizer-327978/sm-core/src/main/java/com/salesmanager/core/business/system/dao/SystemConfigurationDaoImpl.java
2026-03-03 17:06:09,543 - Knowledge - INFO - Worker kw2 processing /app/data/T0015/327978/b5857iz/shopizer-327978/sm-core/src/main/java/com/salesmanager/core/business/generic/model/SalesManagerEntity.java
2026-03-03 17:06:09,660 - Knowledge - INFO - process ingested knowledge for /app/data/T0015/327978/b5857iz/shopizer-327978/sm-core/src/main/java/com/salesmanager/core/business/order/service/OrderService.java
2026-03-03 17:06:09,773 - Knowledge - INFO - process ingested knowledge for /app/data/T0015/327978/b5857iz/shopizer-327978/sm-core/src/main/java/com/salesmanager/core/business/customer/dao/attribute/CustomerOptionDao.java
2026-03-03 17:06:09,847 - Knowledge - INFO - Fast-tracked /app/data/T0015/327978/b5857iz/shopizer-327978/sm-core/src/main/java/com/salesmanager/core/business/common/model/Delivery.java (small file (2594 bytes))
2026-03-03 17:06:09,989 - Knowledge - INFO - Fast-tracked /app/data/T0015/327978/b5857iz/shopizer-327978/sm-core/src/main/java/com/salesmanager/core/business/tax/model/TaxBasisCalculation.java (ext=.java, size=144)
2026-03-03 17:06:10,097 - Knowledge - INFO - Fast-tracked /app/data/T0015/327978/b5857iz/shopizer-327978/sm-core/src/main/java/com/salesmanager/core/business/tax/service/TaxClassService.java (ext=.java, size=680)
2026-03-03 17:06:10,404 - Knowledge - INFO - done ingest for /app/data/T0015/327978/b5857iz/shopizer-327978/sm-core/src/main/java/com/salesmanager/core/business/order/model/filehistory/FileHistory.java
2026-03-03 17:06:10,634 - Knowledge - INFO - Worker kw2 processing /app/data/T0015/327978/b5857iz/shopizer-327978/sm-core/src/main/java/com/salesmanager/core/business/generic/exception/ServiceException.java
2026-03-03 17:06:10,671 - Knowledge - INFO - [WEBSOCKET] Sent: Type=progress_update, Size: 293, Duration: 0ms
2026-03-03 17:06:10,779 - Knowledge - INFO - process ingested knowledge for /app/data/T0015/327978/b5857iz/shopizer-327978/sm-core/src/main/java/com/salesmanager/core/business/order/service/orderproduct/OrderProductDownloadServiceImpl.java
2026-03-03 17:06:10,874 - Knowledge - INFO - process ingested knowledge for /app/data/T0015/327978/b5857iz/shopizer-327978/sm-core/src/main/java/com/salesmanager/core/business/customer/dao/CustomerDAO.java
2026-03-03 17:06:10,989 - Knowledge - INFO - Worker kw3 processing /app/data/T0015/327978/b5857iz/shopizer-327978/sm-core/src/main/java/com/salesmanager/core/business/tax/model/taxrate/TaxRate.java
2026-03-03 17:06:11,116 - Knowledge - INFO - Worker kw1 processing /app/data/T0015/327978/b5857iz/shopizer-327978/sm-core/src/main/java/com/salesmanager/core/business/tax/service/TaxRateServiceImpl.java
2026-03-03 17:06:11,395 - Knowledge - INFO - Fast-tracked /app/data/T0015/327978/b5857iz/shopizer-327978/sm-core/src/main/java/com/salesmanager/core/business/generic/exception/ServiceException.java (ext=.java, size=1520)
2026-03-03 17:06:11,495 - Knowledge - INFO - [WEBSOCKET] Sent: Type=unknown, Size: ?, Duration: 824ms
2026-03-03 17:06:11,822 - Knowledge - INFO - process ingested knowledge for /app/data/T0015/327978/b5857iz/shopizer-327978/sm-core/src/main/java/com/salesmanager/core/business/order/service/orderproduct/OrderProductDownloadService.java
2026-03-03 17:06:11,824 - Knowledge - INFO - process ingested knowledge for /app/data/T0015/327978/b5857iz/shopizer-327978/sm-core/src/main/java/com/salesmanager/core/business/customer/CustomerRegistrationException.java
2026-03-03 17:06:12,025 - Knowledge - INFO - Worker kw3 processing /app/data/T0015/327978/b5857iz/shopizer-327978/sm-core/src/main/java/com/salesmanager/core/business/tax/model/taxrate/TaxRateDescription.java
2026-03-03 17:06:12,140 - Knowledge - INFO - Worker kw1 processing /app/data/T0015/327978/b5857iz/shopizer-327978/sm-core/src/main/java/com/salesmanager/core/business/tax/service/TaxRateService.java
2026-03-03 17:06:12,227 - Knowledge - INFO - Worker kw2 processing /app/data/T0015/327978/b5857iz/shopizer-327978/sm-core/src/main/java/com/salesmanager/core/business/generic/exception/ConversionException.java
2026-03-03 17:06:12,352 - Knowledge - INFO - Progress: 6.9% | Files: 80/1167 | Rate: 0.87 files/sec | Queue: 947
2026-03-03 17:06:12,974 - Knowledge - INFO - Fast-tracked /app/data/T0015/327978/b5857iz/shopizer-327978/sm-core/src/main/java/com/salesmanager/core/business/tax/model/taxrate/TaxRateDescription.java (ext=.java, size=1505)
2026-03-03 17:06:13,043 - Knowledge - INFO - Fast-tracked /app/data/T0015/327978/b5857iz/shopizer-327978/sm-core/src/main/java/com/salesmanager/core/business/tax/service/TaxRateService.java (ext=.java, size=1338)
2026-03-03 17:06:13,124 - Knowledge - INFO - process ingested knowledge for /app/data/T0015/327978/b5857iz/shopizer-327978/sm-core/src/main/java/com/salesmanager/core/business/order/service/OrderServiceImpl.java
2026-03-03 17:06:13,191 - Knowledge - INFO - Fast-tracked /app/data/T0015/327978/b5857iz/shopizer-327978/sm-core/src/main/java/com/salesmanager/core/business/generic/exception/ConversionException.java (ext=.java, size=511)
2026-03-03 17:06:13,434 - Knowledge - INFO - process ingested knowledge for /app/data/T0015/327978/b5857iz/shopizer-327978/sm-core/src/main/java/com/salesmanager/core/business/customer/service/attribute/CustomerOptionSetService.java
2026-03-03 17:06:13,450 - Knowledge - INFO - [kw16] Queue=947, InProgress=0, PendingWorkers=20/20, Completed=80/1167 (6.9%)
2026-03-03 17:06:13,450 - Knowledge - INFO - [kw4] Queue=947, InProgress=0, PendingWorkers=20/20, Completed=80/1167 (6.9%)
2026-03-03 17:06:13,532 - Knowledge - INFO - Worker kw3 processing /app/data/T0015/327978/b5857iz/shopizer-327978/sm-core/src/main/java/com/salesmanager/core/business/tax/model/TaxConfiguration.java
2026-03-03 17:06:13,604 - Knowledge - INFO - Worker kw1 processing /app/data/T0015/327978/b5857iz/shopizer-327978/sm-core/src/main/java/com/salesmanager/core/business/tax/service/TaxClassServiceImpl.java
2026-03-03 17:06:13,976 - Knowledge - INFO - process ingested knowledge for /app/data/T0015/327978/b5857iz/shopizer-327978/sm-core/src/main/java/com/salesmanager/core/business/order/model/OrderTotal.java
2026-03-03 17:06:13,993 - Knowledge - INFO - Fast-tracked /app/data/T0015/327978/b5857iz/shopizer-327978/sm-core/src/main/java/com/salesmanager/core/business/customer/model/attribute/CustomerAttribute.java (small file (2620 bytes))
2026-03-03 17:06:14,031 - Knowledge - INFO - Worker kw2 processing /app/data/T0015/327978/b5857iz/shopizer-327978/sm-core/src/main/java/com/salesmanager/core/business/tax/dao/taxrate/TaxRateDao.java
2026-03-03 17:06:14,200 - Knowledge - INFO - process ingested knowledge for /app/data/T0015/327978/b5857iz/shopizer-327978/sm-core/src/main/java/com/salesmanager/core/business/customer/service/attribute/CustomerOptionService.java
2026-03-03 17:06:14,323 - Knowledge - INFO - Batch sizing: calculated=8, max_allowed=10, queue=947, active_workers=20/20
2026-03-03 17:06:14,488 - Knowledge - INFO - Batch sizing: calculated=8, max_allowed=10, queue=947, active_workers=20/20
2026-03-03 17:06:14,655 - Knowledge - INFO - Fast-tracked /app/data/T0015/327978/b5857iz/shopizer-327978/sm-core/src/main/java/com/salesmanager/core/business/tax/model/TaxConfiguration.java (ext=.java, size=1699)
2026-03-03 17:06:14,762 - Knowledge - INFO - Fast-tracked /app/data/T0015/327978/b5857iz/shopizer-327978/sm-core/src/main/java/com/salesmanager/core/business/tax/service/TaxClassServiceImpl.java (ext=.java, size=1515)
2026-03-03 17:06:15,165 - Knowledge - INFO - process ingested knowledge for /app/data/T0015/327978/b5857iz/shopizer-327978/sm-core/src/main/java/com/salesmanager/core/business/order/model/orderstatus/OrderStatus.java
2026-03-03 17:06:15,296 - Knowledge - INFO - [kw17] Queue=947, InProgress=0, PendingWorkers=20/20, Completed=80/1167 (6.9%)
2026-03-03 17:06:15,297 - Knowledge - INFO - Fast-tracked /app/data/T0015/327978/b5857iz/shopizer-327978/sm-core/src/main/java/com/salesmanager/core/business/tax/dao/taxrate/TaxRateDao.java (ext=.java, size=1140)
2026-03-03 17:06:15,368 - Knowledge - INFO - process ingested knowledge for /app/data/T0015/327978/b5857iz/shopizer-327978/sm-core/src/main/java/com/salesmanager/core/business/customer/service/attribute/CustomerOptionSetServiceImpl.java
2026-03-03 17:06:15,471 - Knowledge - INFO - Async storing batch of 10 embeddings
2026-03-03 17:06:15,779 - Knowledge - INFO - Async storing batch of 10 embeddings
2026-03-03 17:06:15,897 - Knowledge - INFO - Worker kw3 processing /app/data/T0015/327978/b5857iz/shopizer-327978/sm-core/src/main/java/com/salesmanager/core/business/tax/model/taxclass/TaxClass.java
2026-03-03 17:06:16,084 - Knowledge - INFO - Async storage completed for 10 embeddings
2026-03-03 17:06:16,280 - Knowledge - INFO - process ingested knowledge for /app/data/T0015/327978/b5857iz/shopizer-327978/sm-core/src/main/java/com/salesmanager/core/business/order/model/orderstatus/OrderStatusHistory.java
2026-03-03 17:06:16,414 - Knowledge - INFO - Batch sizing: calculated=8, max_allowed=10, queue=947, active_workers=20/20
2026-03-03 17:06:16,601 - Knowledge - INFO - Async storage completed for 10 embeddings
2026-03-03 17:06:16,839 - Knowledge - INFO - process ingested knowledge for /app/data/T0015/327978/b5857iz/shopizer-327978/sm-core/src/main/java/com/salesmanager/core/business/customer/service/attribute/CustomerOptionServiceImpl.java
2026-03-03 17:06:16,943 - Knowledge - INFO - Worker kw16 processing /app/data/T0015/327978/b5857iz/shopizer-327978/sm-core/src/main/java/com/salesmanager/core/business/content/dao/ContentDao.java
2026-03-03 17:06:17,129 - Knowledge - INFO - Worker kw4 processing /app/data/T0015/327978/b5857iz/shopizer-327978/sm-core/src/main/java/com/salesmanager/core/business/content/model/StaticContentFile.java
2026-03-03 17:06:17,218 - Knowledge - INFO - [LLM_CALL] Completed: OrderAccountProduct.java:chunk1, Duration: 37576ms, PromptTokens: 3116, CompletionTokens: 863, Cost: $0.00066
2026-03-03 17:06:17,290 - Knowledge - INFO - Worker kw3 processing /app/data/T0015/327978/b5857iz/shopizer-327978/sm-core/src/main/java/com/salesmanager/core/business/content/dao/ContentDaoImpl.java
2026-03-03 17:06:17,547 - Knowledge - INFO - process ingested knowledge for /app/data/T0015/327978/b5857iz/shopizer-327978/sm-core/src/main/java/com/salesmanager/core/business/order/model/OrderList.java
2026-03-03 17:06:17,983 - Knowledge - INFO - process ingested knowledge for /app/data/T0015/327978/b5857iz/shopizer-327978/sm-core/src/main/java/com/salesmanager/core/business/customer/service/attribute/CustomerOptionValueService.java
2026-03-03 17:06:17,989 - Knowledge - INFO - Fast-tracked /app/data/T0015/327978/b5857iz/shopizer-327978/sm-core/src/main/java/com/salesmanager/core/business/generic/service/SalesManagerEntityService.java (small file (2005 bytes))
2026-03-03 17:06:18,157 - Knowledge - INFO - Fast-tracked /app/data/T0015/327978/b5857iz/shopizer-327978/sm-core/src/main/java/com/salesmanager/core/business/content/dao/ContentDao.java (ext=.java, size=1743)
2026-03-03 17:06:18,306 - Knowledge - INFO - Fast-tracked /app/data/T0015/327978/b5857iz/shopizer-327978/sm-core/src/main/java/com/salesmanager/core/business/content/model/StaticContentFile.java (ext=.java, size=376)
2026-03-03 17:06:18,427 - Knowledge - INFO - done ingest for /app/data/T0015/327978/b5857iz/shopizer-327978/sm-core/src/main/java/com/salesmanager/core/business/order/model/orderaccount/OrderAccountProduct.java
2026-03-03 17:06:18,436 - Knowledge - INFO - Async storing batch of 10 embeddings
2026-03-03 17:06:18,579 - Knowledge - INFO - Async storage completed for 10 embeddings
2026-03-03 17:06:18,651 - Knowledge - INFO - process ingested knowledge for /app/data/T0015/327978/b5857iz/shopizer-327978/sm-core/src/main/java/com/salesmanager/core/business/order/model/Order.java
2026-03-03 17:06:18,980 - Knowledge - INFO - Fast-tracked /app/data/T0015/327978/b5857iz/shopizer-327978/sm-core/src/main/java/com/salesmanager/core/business/generic/service/SalesManagerEntityServiceImpl.java (small file (2800 bytes))
2026-03-03 17:06:19,089 - Knowledge - INFO - Worker kw16 processing /app/data/T0015/327978/b5857iz/shopizer-327978/sm-core/src/main/java/com/salesmanager/core/business/content/service/ContentService.java
2026-03-03 17:06:19,219 - Knowledge - INFO - Worker kw4 processing /app/data/T0015/327978/b5857iz/shopizer-327978/sm-core/src/main/java/com/salesmanager/core/business/content/model/InputContentFile.java
2026-03-03 17:06:19,631 - Knowledge - INFO - Worker kw17 processing /app/data/T0015/327978/b5857iz/shopizer-327978/sm-core/src/main/java/com/salesmanager/core/business/catalog/category/service/CategoryService.java
2026-03-03 17:06:19,978 - Knowledge - INFO - Fast-tracked /app/data/T0015/327978/b5857iz/shopizer-327978/sm-core/src/main/java/com/salesmanager/core/business/system/service/EmailServiceImpl.java (small file (2243 bytes))
2026-03-03 17:06:20,080 - Knowledge - INFO - Fast-tracked /app/data/T0015/327978/b5857iz/shopizer-327978/sm-core/src/main/java/com/salesmanager/core/business/generic/model/SalesManagerEntity.java (small file (2268 bytes))
2026-03-03 17:06:20,166 - Knowledge - INFO - Worker kw16 processing /app/data/T0015/327978/b5857iz/shopizer-327978/sm-core/src/main/java/com/salesmanager/core/business/content/service/ContentServiceImpl.java
2026-03-03 17:06:20,281 - Knowledge - INFO - Fast-tracked /app/data/T0015/327978/b5857iz/shopizer-327978/sm-core/src/main/java/com/salesmanager/core/business/content/model/InputContentFile.java (ext=.java, size=482)
2026-03-03 17:06:20,446 - Knowledge - INFO - Worker kw17 processing /app/data/T0015/327978/b5857iz/shopizer-327978/sm-core/src/main/java/com/salesmanager/core/business/catalog/category/model/CategoryDescription.java
2026-03-03 17:06:20,717 - Knowledge - INFO - [LLM_CALL] Completed: Transaction.java:chunk1, Duration: 26099ms, PromptTokens: 2756, CompletionTokens: 792, Cost: $0.00059
2026-03-03 17:06:20,807 - Knowledge - INFO - Worker kw16 processing /app/data/T0015/327978/b5857iz/shopizer-327978/sm-core/src/main/java/com/salesmanager/core/business/content/model/ContentPosition.java
2026-03-03 17:06:20,970 - Knowledge - INFO - Worker kw4 processing /app/data/T0015/327978/b5857iz/shopizer-327978/sm-core/src/main/java/com/salesmanager/core/business/content/model/Content.java
2026-03-03 17:06:21,061 - Knowledge - INFO - Worker kw17 processing /app/data/T0015/327978/b5857iz/shopizer-327978/sm-core/src/main/java/com/salesmanager/core/business/catalog/category/model/Category.java
2026-03-03 17:06:21,198 - Knowledge - INFO - done ingest for /app/data/T0015/327978/b5857iz/shopizer-327978/sm-core/src/main/java/com/salesmanager/core/business/payments/model/Transaction.java
2026-03-03 17:06:21,203 - Knowledge - INFO - [LLM_CALL] Completed: ShippingConfiguration.java:chunk1, Duration: 37587ms, PromptTokens: 4518, CompletionTokens: 1506, Cost: $0.00105
2026-03-03 17:06:21,430 - Knowledge - INFO - Fast-tracked /app/data/T0015/327978/b5857iz/shopizer-327978/sm-core/src/main/java/com/salesmanager/core/business/content/model/ContentPosition.java (ext=.java, size=110)
2026-03-03 17:06:21,467 - Knowledge - INFO - Worker kw4 processing /app/data/T0015/327978/b5857iz/shopizer-327978/sm-core/src/main/java/com/salesmanager/core/business/content/model/ContentFile.java
2026-03-03 17:06:21,733 - Knowledge - INFO - Worker kw17 processing /app/data/T0015/327978/b5857iz/shopizer-327978/sm-core/src/main/java/com/salesmanager/core/business/catalog/product/dao/file/DigitalProductDaoImpl.java
2026-03-03 17:06:21,927 - Knowledge - INFO - done ingest for /app/data/T0015/327978/b5857iz/shopizer-327978/sm-core/src/main/java/com/salesmanager/core/business/shipping/model/ShippingConfiguration.java
2026-03-03 17:06:22,046 - Knowledge - INFO - Worker kw16 processing /app/data/T0015/327978/b5857iz/shopizer-327978/sm-core/src/main/java/com/salesmanager/core/business/content/model/OutputContentFile.java
2026-03-03 17:06:22,256 - Knowledge - INFO - Fast-tracked /app/data/T0015/327978/b5857iz/shopizer-327978/sm-core/src/main/java/com/salesmanager/core/business/content/model/ContentFile.java (ext=.java, size=429)
2026-03-03 17:06:22,386 - Knowledge - INFO - Worker kw17 processing /app/data/T0015/327978/b5857iz/shopizer-327978/sm-core/src/main/java/com/salesmanager/core/business/catalog/product/dao/file/DigitalProductDao.java
2026-03-03 17:06:22,480 - Knowledge - INFO - [LLM_CALL] Completed: SalesManagerJpaDaoSupport.java:chunk1, Duration: 25309ms, PromptTokens: 4090, CompletionTokens: 886, Cost: $0.00076
2026-03-03 17:06:22,689 - Knowledge - INFO - Fast-tracked /app/data/T0015/327978/b5857iz/shopizer-327978/sm-core/src/main/java/com/salesmanager/core/business/content/model/OutputContentFile.java (ext=.java, size=654)
2026-03-03 17:06:22,808 - Knowledge - INFO - Worker kw4 processing /app/data/T0015/327978/b5857iz/shopizer-327978/sm-core/src/main/java/com/salesmanager/core/business/content/model/ContentDescription.java
2026-03-03 17:06:23,005 - Knowledge - INFO - Fast-tracked /app/data/T0015/327978/b5857iz/shopizer-327978/sm-core/src/main/java/com/salesmanager/core/business/catalog/product/dao/file/DigitalProductDao.java (ext=.java, size=520)
2026-03-03 17:06:23,042 - Knowledge - INFO - done ingest for /app/data/T0015/327978/b5857iz/shopizer-327978/sm-core/src/main/java/com/salesmanager/core/business/generic/dao/SalesManagerJpaDaoSupport.java
2026-03-03 17:06:23,056 - Knowledge - INFO - Processing batch of 8 files
2026-03-03 17:06:23,129 - Knowledge - INFO - Worker kw16 processing /app/data/T0015/327978/b5857iz/shopizer-327978/sm-core/src/main/java/com/salesmanager/core/business/content/model/ImageContentFile.java
2026-03-03 17:06:23,169 - Knowledge - INFO - [LLM_CALL] Completed: OrderProductPrice.java:chunk1, Duration: 36168ms, PromptTokens: 2388, CompletionTokens: 870, Cost: $0.00059
2026-03-03 17:06:23,225 - Knowledge - INFO - Worker kw4 processing /app/data/T0015/327978/b5857iz/shopizer-327978/sm-core/src/main/java/com/salesmanager/core/business/catalog/category/dao/CategoryDaoImpl.java
2026-03-03 17:06:23,390 - Knowledge - INFO - Worker kw17 processing /app/data/T0015/327978/b5857iz/shopizer-327978/sm-core/src/main/java/com/salesmanager/core/business/catalog/product/dao/attribute/ProductOptionDaoImpl.java
2026-03-03 17:06:23,665 - Knowledge - INFO - process ingested knowledge for /app/data/T0015/327978/b5857iz/shopizer-327978/sm-core/src/main/java/com/salesmanager/core/business/generic/util/GenericEntityUtils.java
2026-03-03 17:06:23,826 - Knowledge - INFO - Fast-tracked /app/data/T0015/327978/b5857iz/shopizer-327978/sm-core/src/main/java/com/salesmanager/core/business/content/model/ImageContentFile.java (ext=.java, size=504)
2026-03-03 17:06:23,955 - Knowledge - INFO - done ingest for /app/data/T0015/327978/b5857iz/shopizer-327978/sm-core/src/main/java/com/salesmanager/core/business/order/model/orderproduct/OrderProductPrice.java
2026-03-03 17:06:24,108 - Knowledge - INFO - Worker kw4 processing /app/data/T0015/327978/b5857iz/shopizer-327978/sm-core/src/main/java/com/salesmanager/core/business/catalog/category/dao/CategoryDao.java
2026-03-03 17:06:24,249 - Knowledge - INFO - Worker kw17 processing /app/data/T0015/327978/b5857iz/shopizer-327978/sm-core/src/main/java/com/salesmanager/core/business/catalog/product/dao/attribute/ProductOptionDao.java
2026-03-03 17:06:24,364 - Knowledge - INFO - Processing batch of 10 files
2026-03-03 17:06:24,422 - Knowledge - INFO - Processing batch of 10 files
2026-03-03 17:06:24,539 - Knowledge - INFO - Worker kw16 processing /app/data/T0015/327978/b5857iz/shopizer-327978/sm-core/src/main/java/com/salesmanager/core/business/content/model/ContentType.java
2026-03-03 17:06:25,196 - Knowledge - INFO - Fast-tracked /app/data/T0015/327978/b5857iz/shopizer-327978/sm-core/src/main/java/com/salesmanager/core/business/catalog/category/dao/CategoryDao.java (ext=.java, size=1690)
2026-03-03 17:06:25,311 - Knowledge - INFO - Fast-tracked /app/data/T0015/327978/b5857iz/shopizer-327978/sm-core/src/main/java/com/salesmanager/core/business/catalog/product/dao/attribute/ProductOptionDao.java (ext=.java, size=1024)
2026-03-03 17:06:25,424 - Knowledge - INFO - process ingested knowledge for /app/data/T0015/327978/b5857iz/shopizer-327978/sm-core/src/main/java/com/salesmanager/core/business/generic/service/TransactionalAspectAwareService.java
2026-03-03 17:06:25,435 - Knowledge - INFO - process ingested knowledge for /app/data/T0015/327978/b5857iz/shopizer-327978/sm-core/src/main/java/com/salesmanager/core/business/shipping/model/ShippingPackageType.java
2026-03-03 17:06:25,606 - Knowledge - INFO - process ingested knowledge for /app/data/T0015/327978/b5857iz/shopizer-327978/sm-core/src/main/java/com/salesmanager/core/business/payments/model/PaymentType.java
2026-03-03 17:06:25,810 - Knowledge - INFO - Fast-tracked /app/data/T0015/327978/b5857iz/shopizer-327978/sm-core/src/main/java/com/salesmanager/core/business/content/model/ContentType.java (ext=.java, size=113)
2026-03-03 17:06:25,951 - Knowledge - INFO - Worker kw4 processing /app/data/T0015/327978/b5857iz/shopizer-327978/sm-core/src/main/java/com/salesmanager/core/business/catalog/category/service/CategoryServiceImpl.java
2026-03-03 17:06:26,179 - Knowledge - INFO - Worker kw17 processing /app/data/T0015/327978/b5857iz/shopizer-327978/sm-core/src/main/java/com/salesmanager/core/business/catalog/product/dao/attribute/ProductAttributeDao.java
2026-03-03 17:06:26,268 - Knowledge - INFO - Processing batch of 8 files
2026-03-03 17:06:26,605 - Knowledge - INFO - [LLM_CALL] Completed: OrderAccount.java:chunk1, Duration: 45590ms, PromptTokens: 2184, CompletionTokens: 582, Cost: $0.00045
2026-03-03 17:06:26,782 - Knowledge - INFO - Worker kw16 processing /app/data/T0015/327978/b5857iz/shopizer-327978/sm-core/src/main/java/com/salesmanager/core/business/content/model/FileContentType.java
2026-03-03 17:06:26,812 - Knowledge - INFO - process ingested knowledge for /app/data/T0015/327978/b5857iz/shopizer-327978/sm-core/src/main/java/com/salesmanager/core/business/generic/service/SalesManagerEntityService.java
2026-03-03 17:06:27,164 - Knowledge - INFO - Fast-tracked /app/data/T0015/327978/b5857iz/shopizer-327978/sm-core/src/main/java/com/salesmanager/core/business/catalog/product/dao/attribute/ProductAttributeDao.java (ext=.java, size=894)
2026-03-03 17:06:27,261 - Knowledge - INFO - process ingested knowledge for /app/data/T0015/327978/b5857iz/shopizer-327978/sm-core/src/main/java/com/salesmanager/core/business/payments/model/BasicPayment.java
2026-03-03 17:06:27,274 - Knowledge - INFO - process ingested knowledge for /app/data/T0015/327978/b5857iz/shopizer-327978/sm-core/src/main/java/com/salesmanager/core/business/shipping/model/ShippingType.java
2026-03-03 17:06:27,301 - Knowledge - INFO - process ingested knowledge for /app/data/T0015/327978/b5857iz/shopizer-327978/sm-core/src/main/java/com/salesmanager/core/business/system/model/Module.java
2026-03-03 17:06:27,436 - Knowledge - INFO - done ingest for /app/data/T0015/327978/b5857iz/shopizer-327978/sm-core/src/main/java/com/salesmanager/core/business/order/model/orderaccount/OrderAccount.java
2026-03-03 17:06:27,579 - Knowledge - INFO - Fast-tracked /app/data/T0015/327978/b5857iz/shopizer-327978/sm-core/src/main/java/com/salesmanager/core/business/content/model/FileContentType.java (ext=.java, size=638)
2026-03-03 17:06:27,808 - Knowledge - INFO - [WEBSOCKET] Sent: Type=progress_update, Size: 294, Duration: 0ms
2026-03-03 17:06:27,808 - Knowledge - INFO - process ingested knowledge for /app/data/T0015/327978/b5857iz/shopizer-327978/sm-core/src/main/java/com/salesmanager/core/business/generic/service/SalesManagerEntityServiceImpl.java
2026-03-03 17:06:27,915 - Knowledge - INFO - Async storage completed for 10 embeddings
2026-03-03 17:06:28,350 - Knowledge - INFO - process ingested knowledge for /app/data/T0015/327978/b5857iz/shopizer-327978/sm-core/src/main/java/com/salesmanager/core/business/payments/model/TransactionType.java
2026-03-03 17:06:28,356 - Knowledge - INFO - process ingested knowledge for /app/data/T0015/327978/b5857iz/shopizer-327978/sm-core/src/main/java/com/salesmanager/core/business/shipping/model/PackageDetails.java
2026-03-03 17:06:28,372 - Knowledge - INFO - process ingested knowledge for /app/data/T0015/327978/b5857iz/shopizer-327978/sm-core/src/main/java/com/salesmanager/core/business/system/model/Environment.java
2026-03-03 17:06:28,619 - Knowledge - INFO - Async storage completed for 10 embeddings
2026-03-03 17:06:28,739 - Knowledge - INFO - Processing batch of 10 files
2026-03-03 17:06:28,756 - Knowledge - INFO - [WEBSOCKET] Sent: Type=unknown, Size: ?, Duration: 948ms
2026-03-03 17:06:28,867 - Knowledge - INFO - process ingested knowledge for /app/data/T0015/327978/b5857iz/shopizer-327978/sm-core/src/main/java/com/salesmanager/core/business/generic/model/SalesManagerEntity.java
2026-03-03 17:06:29,097 - Knowledge - INFO - process ingested knowledge for /app/data/T0015/327978/b5857iz/shopizer-327978/sm-core/src/main/java/com/salesmanager/core/business/payments/model/Transaction.java
2026-03-03 17:06:29,198 - Knowledge - INFO - process ingested knowledge for /app/data/T0015/327978/b5857iz/shopizer-327978/sm-core/src/main/java/com/salesmanager/core/business/shipping/model/ShippingConfiguration.java
2026-03-03 17:06:29,396 - Knowledge - INFO - process ingested knowledge for /app/data/T0015/327978/b5857iz/shopizer-327978/sm-core/src/main/java/com/salesmanager/core/business/system/model/SystemConfiguration.java
2026-03-03 17:06:29,578 - Knowledge - INFO - process ingested knowledge for /app/data/T0015/327978/b5857iz/shopizer-327978/sm-core/src/main/java/com/salesmanager/core/business/order/model/filehistory/FileHistory.java
2026-03-03 17:06:29,669 - Knowledge - INFO - Fast-tracked /app/data/T0015/327978/b5857iz/shopizer-327978/sm-core/src/main/java/com/salesmanager/core/business/tax/dao/taxclass/TaxClassDaoImpl.java (small file (1972 bytes))
2026-03-03 17:06:29,777 - Knowledge - INFO - Progress: 9.9% | Files: 126/1167 | Rate: 1.15 files/sec | Queue: 923
2026-03-03 17:06:29,808 - Knowledge - INFO - [kw5] Queue=923, InProgress=0, PendingWorkers=20/20, Completed=126/1167 (10.8%)
2026-03-03 17:06:29,903 - Knowledge - INFO - process ingested knowledge for /app/data/T0015/327978/b5857iz/shopizer-327978/sm-core/src/main/java/com/salesmanager/core/business/generic/exception/ServiceException.java
2026-03-03 17:06:30,042 - Knowledge - INFO - process ingested knowledge for /app/data/T0015/327978/b5857iz/shopizer-327978/sm-core/src/main/java/com/salesmanager/core/business/payments/model/Payment.java
2026-03-03 17:06:30,172 - Knowledge - INFO - process ingested knowledge for /app/data/T0015/327978/b5857iz/shopizer-327978/sm-core/src/main/java/com/salesmanager/core/business/shipping/model/ShippingBasisType.java
2026-03-03 17:06:30,285 - Knowledge - INFO - process ingested knowledge for /app/data/T0015/327978/b5857iz/shopizer-327978/sm-core/src/main/java/com/salesmanager/core/business/system/model/CustomIntegrationConfiguration.java
2026-03-03 17:06:30,317 - Knowledge - INFO - [LLM_CALL] Completed: MerchantConfigurationServiceImpl.java:chunk1, Duration: 19797ms, PromptTokens: 2228, CompletionTokens: 629, Cost: $0.00047
2026-03-03 17:06:30,448 - Knowledge - INFO - process ingested knowledge for /app/data/T0015/327978/b5857iz/shopizer-327978/sm-core/src/main/java/com/salesmanager/core/business/order/model/OrderTotalType.java
2026-03-03 17:06:30,787 - Knowledge - INFO - [kw11] Queue=923, InProgress=0, PendingWorkers=20/20, Completed=126/1167 (10.8%)
2026-03-03 17:06:30,915 - Knowledge - INFO - Batch sizing: calculated=8, max_allowed=10, queue=923, active_workers=20/20
2026-03-03 17:06:31,064 - Knowledge - INFO - process ingested knowledge for /app/data/T0015/327978/b5857iz/shopizer-327978/sm-core/src/main/java/com/salesmanager/core/business/generic/exception/ConversionException.java
2026-03-03 17:06:31,174 - Knowledge - INFO - process ingested knowledge for /app/data/T0015/327978/b5857iz/shopizer-327978/sm-core/src/main/java/com/salesmanager/core/business/payments/model/PaypalPayment.java
2026-03-03 17:06:31,271 - Knowledge - INFO - process ingested knowledge for /app/data/T0015/327978/b5857iz/shopizer-327978/sm-core/src/main/java/com/salesmanager/core/business/shipping/model/ShippingDescription.java
2026-03-03 17:06:31,430 - Knowledge - INFO - process ingested knowledge for /app/data/T0015/327978/b5857iz/shopizer-327978/sm-core/src/main/java/com/salesmanager/core/business/generic/dao/SalesManagerEntityDao.java
2026-03-03 17:06:31,567 - Knowledge - INFO - done ingest for /app/data/T0015/327978/b5857iz/shopizer-327978/sm-core/src/main/java/com/salesmanager/core/business/system/service/MerchantConfigurationServiceImpl.java
2026-03-03 17:06:31,748 - Knowledge - INFO - process ingested knowledge for /app/data/T0015/327978/b5857iz/shopizer-327978/sm-core/src/main/java/com/salesmanager/core/business/order/model/OrderSummary.java
2026-03-03 17:06:31,935 - Knowledge - INFO - Batch sizing: calculated=8, max_allowed=10, queue=923, active_workers=20/20
2026-03-03 17:06:32,020 - Knowledge - INFO - Async storing batch of 10 embeddings
2026-03-03 17:06:32,269 - Knowledge - INFO - process ingested knowledge for /app/data/T0015/327978/b5857iz/shopizer-327978/sm-core/src/main/java/com/salesmanager/core/business/tax/dao/taxrate/TaxRateDao.java
2026-03-03 17:06:32,347 - Knowledge - INFO - [LLM_CALL] Completed: OrderProductAttribute.java:chunk1, Duration: 55375ms, PromptTokens: 2364, CompletionTokens: 722, Cost: $0.00053
2026-03-03 17:06:32,356 - Knowledge - INFO - process ingested knowledge for /app/data/T0015/327978/b5857iz/shopizer-327978/sm-core/src/main/java/com/salesmanager/core/business/payments/model/CreditCardPayment.java
2026-03-03 17:06:32,498 - Knowledge - INFO - process ingested knowledge for /app/data/T0015/327978/b5857iz/shopizer-327978/sm-core/src/main/java/com/salesmanager/core/business/shipping/model/ShippingProduct.java
2026-03-03 17:06:32,637 - Knowledge - INFO - process ingested knowledge for /app/data/T0015/327978/b5857iz/shopizer-327978/sm-core/src/main/java/com/salesmanager/core/business/generic/dao/SalesManagerEntityDaoImpl.java
2026-03-03 17:06:32,898 - Knowledge - INFO - process ingested knowledge for /app/data/T0015/327978/b5857iz/shopizer-327978/sm-core/src/main/java/com/salesmanager/core/business/order/model/OrderTotalSummary.java
2026-03-03 17:06:33,102 - Knowledge - INFO - Worker kw5 processing /app/data/T0015/327978/b5857iz/shopizer-327978/sm-core/src/main/java/com/salesmanager/core/business/catalog/product/dao/attribute/ProductOptionValueDaoImpl.java
2026-03-03 17:06:33,386 - Knowledge - INFO - done ingest for /app/data/T0015/327978/b5857iz/shopizer-327978/sm-core/src/main/java/com/salesmanager/core/business/order/model/orderproduct/OrderProductAttribute.java
2026-03-03 17:06:33,405 - Knowledge - INFO - Async storing batch of 10 embeddings
2026-03-03 17:06:33,405 - Knowledge - INFO - [LLM_CALL] Completed: SearchServiceImpl.java:chunk1, Duration: 24070ms, PromptTokens: 5566, CompletionTokens: 636, Cost: $0.00081
2026-03-03 17:06:33,572 - Knowledge - INFO - process ingested knowledge for /app/data/T0015/327978/b5857iz/shopizer-327978/sm-core/src/main/java/com/salesmanager/core/business/payments/model/CreditCardType.java
2026-03-03 17:06:33,706 - Knowledge - INFO - process ingested knowledge for /app/data/T0015/327978/b5857iz/shopizer-327978/sm-core/src/main/java/com/salesmanager/core/business/shipping/model/ShippingOption.java
2026-03-03 17:06:34,089 - Knowledge - INFO - Worker kw5 processing /app/data/T0015/327978/b5857iz/shopizer-327978/sm-core/src/main/java/com/salesmanager/core/business/catalog/product/dao/attribute/ProductAttributeDaoImpl.java
2026-03-03 17:06:34,275 - Knowledge - INFO - process ingested knowledge for /app/data/T0015/327978/b5857iz/shopizer-327978/sm-core/src/main/java/com/salesmanager/core/business/order/model/payment/CreditCard.java
2026-03-03 17:06:34,281 - Knowledge - INFO - process ingested knowledge for /app/data/T0015/327978/b5857iz/shopizer-327978/sm-core/src/main/java/com/salesmanager/core/business/generic/dao/SalesManagerJpaDaoSupport.java
2026-03-03 17:06:34,405 - Knowledge - INFO - Worker kw11 processing /app/data/T0015/327978/b5857iz/shopizer-327978/sm-core/src/main/java/com/salesmanager/core/business/catalog/product/dao/type/ProductTypeDao.java
2026-03-03 17:06:34,550 - Knowledge - INFO - done ingest for /app/data/T0015/327978/b5857iz/shopizer-327978/sm-core/src/main/java/com/salesmanager/core/business/search/service/SearchServiceImpl.java
2026-03-03 17:06:35,005 - Knowledge - INFO - Worker kw5 processing /app/data/T0015/327978/b5857iz/shopizer-327978/sm-core/src/main/java/com/salesmanager/core/business/catalog/product/dao/attribute/ProductOptionValueDao.java
2026-03-03 17:06:35,005 - Knowledge - INFO - process ingested knowledge for /app/data/T0015/327978/b5857iz/shopizer-327978/sm-core/src/main/java/com/salesmanager/core/business/payments/model/PaymentMethod.java
2026-03-03 17:06:35,049 - Knowledge - INFO - process ingested knowledge for /app/data/T0015/327978/b5857iz/shopizer-327978/sm-core/src/main/java/com/salesmanager/core/business/merchant/dao/MerchantStoreDaoImpl.java
2026-03-03 17:06:35,104 - Knowledge - INFO - process ingested knowledge for /app/data/T0015/327978/b5857iz/shopizer-327978/sm-core/src/main/java/com/salesmanager/core/business/order/model/OrderType.java
2026-03-03 17:06:35,151 - Knowledge - INFO - [LLM_CALL] Completed: ModuleConfigurationServiceImpl.java:chunk1, Duration: 38055ms, PromptTokens: 2538, CompletionTokens: 559, Cost: $0.00048
2026-03-03 17:06:35,627 - Knowledge - INFO - Fast-tracked /app/data/T0015/327978/b5857iz/shopizer-327978/sm-core/src/main/java/com/salesmanager/core/business/catalog/product/dao/type/ProductTypeDao.java (ext=.java, size=304)
2026-03-03 17:06:35,642 - Knowledge - INFO - process ingested knowledge for /app/data/T0015/327978/b5857iz/shopizer-327978/sm-core/src/main/java/com/salesmanager/core/business/generic/util/EntityManagerUtils.java
2026-03-03 17:06:36,237 - Knowledge - INFO - Fast-tracked /app/data/T0015/327978/b5857iz/shopizer-327978/sm-core/src/main/java/com/salesmanager/core/business/catalog/product/dao/attribute/ProductOptionValueDao.java (ext=.java, size=904)
2026-03-03 17:06:36,368 - Knowledge - INFO - process ingested knowledge for /app/data/T0015/327978/b5857iz/shopizer-327978/sm-core/src/main/java/com/salesmanager/core/business/common/model/Delivery.java
2026-03-03 17:06:36,410 - Knowledge - INFO - process ingested knowledge for /app/data/T0015/327978/b5857iz/shopizer-327978/sm-core/src/main/java/com/salesmanager/core/business/merchant/dao/MerchantStoreDao.java
2026-03-03 17:06:36,712 - Knowledge - INFO - done ingest for /app/data/T0015/327978/b5857iz/shopizer-327978/sm-core/src/main/java/com/salesmanager/core/business/system/service/ModuleConfigurationServiceImpl.java
2026-03-03 17:06:36,794 - Knowledge - INFO - Worker kw11 processing /app/data/T0015/327978/b5857iz/shopizer-327978/sm-core/src/main/java/com/salesmanager/core/business/catalog/product/dao/ProductDao.java
2026-03-03 17:06:37,027 - Knowledge - INFO - process ingested knowledge for /app/data/T0015/327978/b5857iz/shopizer-327978/sm-core/src/main/java/com/salesmanager/core/business/order/model/orderaccount/OrderAccountProduct.java
2026-03-03 17:06:37,190 - Knowledge - INFO - Worker kw5 processing /app/data/T0015/327978/b5857iz/shopizer-327978/sm-core/src/main/java/com/salesmanager/core/business/catalog/product/dao/review/ProductReviewDaoImpl.java
2026-03-03 17:06:37,493 - Knowledge - INFO - [LLM_CALL] Completed: ShippingService.java:chunk1, Duration: 41724ms, PromptTokens: 3448, CompletionTokens: 869, Cost: $0.00069
2026-03-03 17:06:37,903 - Knowledge - INFO - Fast-tracked /app/data/T0015/327978/b5857iz/shopizer-327978/sm-core/src/main/java/com/salesmanager/core/business/catalog/product/dao/ProductDao.java (ext=.java, size=1630)
2026-03-03 17:06:38,337 - Knowledge - INFO - Worker kw5 processing /app/data/T0015/327978/b5857iz/shopizer-327978/sm-core/src/main/java/com/salesmanager/core/business/catalog/product/dao/review/ProductReviewDao.java
2026-03-03 17:06:38,406 - Knowledge - INFO - Fast-tracked /app/data/T0015/327978/b5857iz/shopizer-327978/sm-core/src/main/java/com/salesmanager/core/business/content/model/ContentDescription.java (small file (2079 bytes))
2026-03-03 17:06:38,413 - Knowledge - INFO - done ingest for /app/data/T0015/327978/b5857iz/shopizer-327978/sm-core/src/main/java/com/salesmanager/core/business/shipping/service/ShippingService.java
2026-03-03 17:06:38,534 - Knowledge - INFO - Worker kw11 processing /app/data/T0015/327978/b5857iz/shopizer-327978/sm-core/src/main/java/com/salesmanager/core/business/catalog/product/dao/manufacturer/ManufacturerDao.java
2026-03-03 17:06:38,646 - Knowledge - INFO - Fast-tracked /app/data/T0015/327978/b5857iz/shopizer-327978/sm-core/src/main/java/com/salesmanager/core/business/catalog/product/dao/review/ProductReviewDao.java (ext=.java, size=799)
2026-03-03 17:06:38,839 - Knowledge - INFO - [LLM_CALL] Completed: Customer.java:chunk1, Duration: 46279ms, PromptTokens: 3980, CompletionTokens: 1193, Cost: $0.00088
2026-03-03 17:06:39,025 - Knowledge - INFO - process ingested knowledge for /app/data/T0015/327978/b5857iz/shopizer-327978/sm-core/src/main/java/com/salesmanager/core/business/order/model/orderaccount/OrderAccount.java
2026-03-03 17:06:39,283 - Knowledge - INFO - Worker kw5 processing /app/data/T0015/327978/b5857iz/shopizer-327978/sm-core/src/main/java/com/salesmanager/core/business/catalog/product/dao/relationship/ProductRelationshipDaoImpl.java
2026-03-03 17:06:39,289 - Knowledge - INFO - Fast-tracked /app/data/T0015/327978/b5857iz/shopizer-327978/sm-core/src/main/java/com/salesmanager/core/business/catalog/product/dao/manufacturer/ManufacturerDao.java (ext=.java, size=796)
2026-03-03 17:06:39,417 - Knowledge - INFO - done ingest for /app/data/T0015/327978/b5857iz/shopizer-327978/sm-core/src/main/java/com/salesmanager/core/business/customer/model/Customer.java
2026-03-03 17:06:39,625 - Knowledge - INFO - Worker kw5 processing /app/data/T0015/327978/b5857iz/shopizer-327978/sm-core/src/main/java/com/salesmanager/core/business/catalog/product/dao/relationship/ProductRelationshipDao.java
2026-03-03 17:06:39,790 - Knowledge - INFO - Worker kw11 processing /app/data/T0015/327978/b5857iz/shopizer-327978/sm-core/src/main/java/com/salesmanager/core/business/catalog/product/dao/manufacturer/ManufacturerDaoImpl.java
2026-03-03 17:06:40,248 - Knowledge - INFO - Fast-tracked /app/data/T0015/327978/b5857iz/shopizer-327978/sm-core/src/main/java/com/salesmanager/core/business/catalog/product/dao/relationship/ProductRelationshipDao.java (ext=.java, size=1146)
2026-03-03 17:06:40,315 - Knowledge - INFO - Fast-tracked /app/data/T0015/327978/b5857iz/shopizer-327978/sm-core/src/main/java/com/salesmanager/core/business/catalog/category/model/CategoryDescription.java (small file (2303 bytes))
2026-03-03 17:06:40,435 - Knowledge - INFO - Worker kw11 processing /app/data/T0015/327978/b5857iz/shopizer-327978/sm-core/src/main/java/com/salesmanager/core/business/catalog/product/dao/image/ProductImageDao.java
2026-03-03 17:06:40,586 - Knowledge - INFO - Worker kw5 processing /app/data/T0015/327978/b5857iz/shopizer-327978/sm-core/src/main/java/com/salesmanager/core/business/catalog/product/dao/type/ProductTypeDaoImpl.java
2026-03-03 17:06:40,790 - Knowledge - INFO - process ingested knowledge for /app/data/T0015/327978/b5857iz/shopizer-327978/sm-core/src/main/java/com/salesmanager/core/business/order/model/OrderChannel.java
2026-03-03 17:06:40,909 - Knowledge - INFO - Fast-tracked /app/data/T0015/327978/b5857iz/shopizer-327978/sm-core/src/main/java/com/salesmanager/core/business/catalog/product/dao/image/ProductImageDao.java (ext=.java, size=354)
2026-03-03 17:06:40,974 - Knowledge - INFO - Fast-tracked /app/data/T0015/327978/b5857iz/shopizer-327978/sm-core/src/main/java/com/salesmanager/core/business/catalog/product/dao/type/ProductTypeDaoImpl.java (ext=.java, size=423)
2026-03-03 17:06:41,235 - Knowledge - INFO - Worker kw11 processing /app/data/T0015/327978/b5857iz/shopizer-327978/sm-core/src/main/java/com/salesmanager/core/business/catalog/product/dao/image/ProductImageDaoImpl.java
2026-03-03 17:06:41,543 - Knowledge - INFO - Fast-tracked /app/data/T0015/327978/b5857iz/shopizer-327978/sm-core/src/main/java/com/salesmanager/core/business/catalog/product/dao/image/ProductImageDaoImpl.java (ext=.java, size=1388)
2026-03-03 17:06:41,788 - Knowledge - INFO - Worker kw11 processing /app/data/T0015/327978/b5857iz/shopizer-327978/sm-core/src/main/java/com/salesmanager/core/business/catalog/product/dao/price/ProductPriceDao.java
2026-03-03 17:06:41,856 - Knowledge - INFO - process ingested knowledge for /app/data/T0015/327978/b5857iz/shopizer-327978/sm-core/src/main/java/com/salesmanager/core/business/order/model/orderproduct/OrderProductPrice.java
2026-03-03 17:06:42,056 - Knowledge - INFO - Fast-tracked /app/data/T0015/327978/b5857iz/shopizer-327978/sm-core/src/main/java/com/salesmanager/core/business/catalog/product/dao/price/ProductPriceDao.java (ext=.java, size=309)
2026-03-03 17:06:42,321 - Knowledge - INFO - Worker kw11 processing /app/data/T0015/327978/b5857iz/shopizer-327978/sm-core/src/main/java/com/salesmanager/core/business/catalog/product/dao/price/ProductPriceDaoImpl.java
2026-03-03 17:06:42,587 - Knowledge - INFO - Fast-tracked /app/data/T0015/327978/b5857iz/shopizer-327978/sm-core/src/main/java/com/salesmanager/core/business/catalog/product/dao/price/ProductPriceDaoImpl.java (ext=.java, size=1559)
2026-03-03 17:06:42,945 - Knowledge - INFO - [kw2] Queue=907, InProgress=0, PendingWorkers=20/20, Completed=133/1167 (11.4%)
2026-03-03 17:06:43,050 - Knowledge - INFO - Fast-tracked /app/data/T0015/327978/b5857iz/shopizer-327978/sm-core/src/main/java/com/salesmanager/core/business/tax/service/TaxRateServiceImpl.java (small file (2320 bytes))
2026-03-03 17:06:43,212 - Knowledge - INFO - Batch sizing: calculated=8, max_allowed=10, queue=907, active_workers=20/20
2026-03-03 17:06:44,015 - Knowledge - INFO - Processing batch of 10 files
2026-03-03 17:06:44,411 - Knowledge - INFO - process ingested knowledge for /app/data/T0015/327978/b5857iz/shopizer-327978/sm-core/src/main/java/com/salesmanager/core/business/customer/model/attribute/CustomerOptionSet.java
2026-03-03 17:06:44,871 - Knowledge - INFO - Async storing batch of 8 embeddings
2026-03-03 17:06:45,157 - Knowledge - INFO - Worker kw2 processing /app/data/T0015/327978/b5857iz/shopizer-327978/sm-core/src/main/java/com/salesmanager/core/business/catalog/product/dao/availability/ProductAvailabilityDao.java
2026-03-03 17:06:45,432 - Knowledge - INFO - Fast-tracked /app/data/T0015/327978/b5857iz/shopizer-327978/sm-core/src/main/java/com/salesmanager/core/business/catalog/product/dao/availability/ProductAvailabilityDao.java (ext=.java, size=344)
2026-03-03 17:06:45,824 - Knowledge - INFO - Worker kw2 processing /app/data/T0015/327978/b5857iz/shopizer-327978/sm-core/src/main/java/com/salesmanager/core/business/catalog/product/dao/availability/ProductAvailabilityDaoImpl.java
2026-03-03 17:06:45,880 - Knowledge - INFO - [LLM_CALL] Completed: CustomerOptionValue.java:chunk1, Duration: 44081ms, PromptTokens: 2600, CompletionTokens: 736, Cost: $0.00055
2026-03-03 17:06:46,122 - Knowledge - INFO - Fast-tracked /app/data/T0015/327978/b5857iz/shopizer-327978/sm-core/src/main/java/com/salesmanager/core/business/catalog/product/dao/availability/ProductAvailabilityDaoImpl.java (ext=.java, size=479)
2026-03-03 17:06:46,293 - Knowledge - INFO - done ingest for /app/data/T0015/327978/b5857iz/shopizer-327978/sm-core/src/main/java/com/salesmanager/core/business/customer/model/attribute/CustomerOptionValue.java
2026-03-03 17:06:46,317 - Knowledge - INFO - process ingested knowledge for /app/data/T0015/327978/b5857iz/shopizer-327978/sm-core/src/main/java/com/salesmanager/core/business/customer/model/attribute/CustomerOptionDescription.java
2026-03-03 17:06:46,496 - Knowledge - INFO - Worker kw2 processing /app/data/T0015/327978/b5857iz/shopizer-327978/sm-core/src/main/java/com/salesmanager/core/business/catalog/product/dao/ProductDaoImpl.java
2026-03-03 17:06:47,051 - Knowledge - INFO - Worker kw2 processing /app/data/T0015/327978/b5857iz/shopizer-327978/sm-core/src/main/java/com/salesmanager/core/business/catalog/product/service/file/DigitalProductService.java
2026-03-03 17:06:47,367 - Knowledge - INFO - Fast-tracked /app/data/T0015/327978/b5857iz/shopizer-327978/sm-core/src/main/java/com/salesmanager/core/business/catalog/product/service/file/DigitalProductService.java (ext=.java, size=917)
2026-03-03 17:06:47,407 - Knowledge - INFO - [LLM_CALL] Completed: ShippingServiceImpl.java:chunk1, Duration: 61350ms, PromptTokens: 10800, CompletionTokens: 1454, Cost: $0.00166
2026-03-03 17:06:47,628 - Knowledge - INFO - Fast-tracked /app/data/T0015/327978/b5857iz/shopizer-327978/sm-core/src/main/java/com/salesmanager/core/business/catalog/product/dao/file/DigitalProductDaoImpl.java (small file (2055 bytes))
2026-03-03 17:06:47,666 - Knowledge - INFO - Worker kw2 processing /app/data/T0015/327978/b5857iz/shopizer-327978/sm-core/src/main/java/com/salesmanager/core/business/catalog/product/service/file/DigitalProductServiceImpl.java
2026-03-03 17:06:47,773 - Knowledge - INFO - done ingest for /app/data/T0015/327978/b5857iz/shopizer-327978/sm-core/src/main/java/com/salesmanager/core/business/shipping/service/ShippingServiceImpl.java
2026-03-03 17:06:48,079 - Knowledge - INFO - Worker kw2 processing /app/data/T0015/327978/b5857iz/shopizer-327978/sm-core/src/main/java/com/salesmanager/core/business/catalog/product/service/ProductServiceImpl.java
2026-03-03 17:06:48,434 - Knowledge - INFO - Worker kw2 processing /app/data/T0015/327978/b5857iz/shopizer-327978/sm-core/src/main/java/com/salesmanager/core/business/catalog/product/service/attribute/ProductAttributeServiceImpl.java
2026-03-03 17:06:49,135 - Knowledge - INFO - Worker kw2 processing /app/data/T0015/327978/b5857iz/shopizer-327978/sm-core/src/main/java/com/salesmanager/core/business/catalog/product/service/attribute/ProductOptionValueService.java
2026-03-03 17:06:49,470 - Knowledge - INFO - Fast-tracked /app/data/T0015/327978/b5857iz/shopizer-327978/sm-core/src/main/java/com/salesmanager/core/business/catalog/product/service/attribute/ProductOptionValueService.java (ext=.java, size=1172)
2026-03-03 17:06:49,529 - Knowledge - INFO - Processing batch of 10 files
2026-03-03 17:06:49,550 - Knowledge - INFO - process ingested knowledge for /app/data/T0015/327978/b5857iz/shopizer-327978/sm-core/src/main/java/com/salesmanager/core/business/customer/model/Customer.java
2026-03-03 17:06:49,581 - Knowledge - INFO - [WEBSOCKET] Sent: Type=progress_update, Size: 295, Duration: 0ms
2026-03-03 17:06:50,021 - Knowledge - INFO - process ingested knowledge for /app/data/T0015/327978/b5857iz/shopizer-327978/sm-core/src/main/java/com/salesmanager/core/business/system/service/SystemConfigurationServiceImpl.java
2026-03-03 17:06:50,433 - Knowledge - INFO - [LLM_CALL] Completed: CustomerServiceImpl.java:chunk1, Duration: 62521ms, PromptTokens: 2086, CompletionTokens: 799, Cost: $0.00053
2026-03-03 17:06:50,859 - Knowledge - INFO - done ingest for /app/data/T0015/327978/b5857iz/shopizer-327978/sm-core/src/main/java/com/salesmanager/core/business/customer/service/CustomerServiceImpl.java
2026-03-03 17:06:50,899 - Knowledge - INFO - [WEBSOCKET] Sent: Type=unknown, Size: ?, Duration: 1318ms
2026-03-03 17:06:51,175 - Knowledge - INFO - process ingested knowledge for /app/data/T0015/327978/b5857iz/shopizer-327978/sm-core/src/main/java/com/salesmanager/core/business/customer/model/CustomerList.java
2026-03-03 17:06:51,186 - Knowledge - INFO - process ingested knowledge for /app/data/T0015/327978/b5857iz/shopizer-327978/sm-core/src/main/java/com/salesmanager/core/business/system/service/SystemConfigurationService.java
2026-03-03 17:06:51,291 - Knowledge - INFO - Progress: 12.5% | Files: 146/1167 | Rate: 1.13 files/sec | Queue: 899
2026-03-03 17:06:51,310 - Knowledge - INFO - [LLM_CALL] Completed: OrderProduct.java:chunk1, Duration: 70748ms, PromptTokens: 2340, CompletionTokens: 660, Cost: $0.00050
2026-03-03 17:06:51,938 - Knowledge - INFO - done ingest for /app/data/T0015/327978/b5857iz/shopizer-327978/sm-core/src/main/java/com/salesmanager/core/business/order/model/orderproduct/OrderProduct.java
2026-03-03 17:06:52,105 - Knowledge - WARNING - Timeout processing /app/data/T0015/327978/b5857iz/shopizer-327978/sm-core/src/main/java/com/salesmanager/core/business/shoppingcart/model/ShoppingCart.java after 90s - using fallback metadata
2026-03-03 17:06:52,478 - Knowledge - INFO - process ingested knowledge for /app/data/T0015/327978/b5857iz/shopizer-327978/sm-core/src/main/java/com/salesmanager/core/business/customer/model/CustomerCriteria.java
2026-03-03 17:06:53,048 - Knowledge - WARNING - Timeout processing /app/data/T0015/327978/b5857iz/shopizer-327978/sm-core/src/main/java/com/salesmanager/core/business/shoppingcart/model/ShoppingCartItem.java after 90s - using fallback metadata
2026-03-03 17:06:53,147 - Knowledge - INFO - [LLM_CALL] Completed: CustomerOption.java:chunk1, Duration: 37994ms, PromptTokens: 2636, CompletionTokens: 715, Cost: $0.00055
2026-03-03 17:06:53,374 - Knowledge - INFO - process ingested knowledge for /app/data/T0015/327978/b5857iz/shopizer-327978/sm-core/src/main/java/com/salesmanager/core/business/system/service/ModuleConfigurationServiceImpl.java
2026-03-03 17:06:53,472 - Knowledge - INFO - process ingested knowledge for /app/data/T0015/327978/b5857iz/shopizer-327978/sm-core/src/main/java/com/salesmanager/core/business/customer/model/CustomerGender.java
2026-03-03 17:06:53,501 - Knowledge - INFO - done ingest for /app/data/T0015/327978/b5857iz/shopizer-327978/sm-core/src/main/java/com/salesmanager/core/business/customer/model/attribute/CustomerOption.java
2026-03-03 17:06:53,835 - Knowledge - INFO - [kw20] Queue=899, InProgress=0, PendingWorkers=20/20, Completed=146/1167 (12.5%)
2026-03-03 17:06:53,852 - Knowledge - INFO - [kw15] Queue=899, InProgress=0, PendingWorkers=20/20, Completed=146/1167 (12.5%)
2026-03-03 17:06:53,914 - Knowledge - INFO - process ingested knowledge for /app/data/T0015/327978/b5857iz/shopizer-327978/sm-core/src/main/java/com/salesmanager/core/business/system/service/EmailService.java
2026-03-03 17:06:53,926 - Knowledge - INFO - process ingested knowledge for /app/data/T0015/327978/b5857iz/shopizer-327978/sm-core/src/main/java/com/salesmanager/core/business/customer/exception/CustomerNotFoundException.java
2026-03-03 17:06:53,926 - Knowledge - INFO - [kw8] Queue=899, InProgress=0, PendingWorkers=20/20, Completed=147/1167 (12.6%)
2026-03-03 17:06:53,933 - Knowledge - INFO - Processing batch of 10 files
2026-03-03 17:06:54,206 - Knowledge - INFO - Batch sizing: calculated=8, max_allowed=10, queue=899, active_workers=20/20
2026-03-03 17:06:54,283 - Knowledge - INFO - Processing batch of 10 files
2026-03-03 17:06:54,375 - Knowledge - INFO - Batch sizing: calculated=8, max_allowed=10, queue=899, active_workers=20/20
2026-03-03 17:06:54,426 - Knowledge - INFO - Async storage completed for 10 embeddings
2026-03-03 17:06:54,828 - Knowledge - INFO - Batch sizing: calculated=8, max_allowed=10, queue=899, active_workers=20/20
2026-03-03 17:06:54,844 - Knowledge - INFO - process ingested knowledge for /app/data/T0015/327978/b5857iz/shopizer-327978/sm-core/src/main/java/com/salesmanager/core/business/system/service/MerchantLogService.java
2026-03-03 17:06:54,883 - Knowledge - INFO - process ingested knowledge for /app/data/T0015/327978/b5857iz/shopizer-327978/sm-core/src/main/java/com/salesmanager/core/business/search/service/SearchServiceImpl.java
2026-03-03 17:06:54,922 - Knowledge - INFO - process ingested knowledge for /app/data/T0015/327978/b5857iz/shopizer-327978/sm-core/src/main/java/com/salesmanager/core/business/order/model/orderproduct/OrderProductAttribute.java
2026-03-03 17:06:55,263 - Knowledge - INFO - Async storing batch of 8 embeddings
2026-03-03 17:06:55,263 - Knowledge - INFO - process ingested knowledge for /app/data/T0015/327978/b5857iz/shopizer-327978/sm-core/src/main/java/com/salesmanager/core/business/customer/service/attribute/CustomerAttributeServiceImpl.java
2026-03-03 17:06:55,377 - Knowledge - INFO - Async storing batch of 10 embeddings
2026-03-03 17:06:55,495 - Knowledge - INFO - [kw6] Queue=883, InProgress=0, PendingWorkers=20/20, Completed=166/1167 (14.2%)
2026-03-03 17:06:55,699 - Knowledge - INFO - Async storing batch of 10 embeddings
2026-03-03 17:06:55,779 - Knowledge - INFO - process ingested knowledge for /app/data/T0015/327978/b5857iz/shopizer-327978/sm-core/src/main/java/com/salesmanager/core/business/system/service/MerchantConfigurationServiceImpl.java
2026-03-03 17:06:56,040 - Knowledge - INFO - process ingested knowledge for /app/data/T0015/327978/b5857iz/shopizer-327978/sm-core/src/main/java/com/salesmanager/core/business/search/service/SearchService.java
2026-03-03 17:06:56,302 - Knowledge - INFO - process ingested knowledge for /app/data/T0015/327978/b5857iz/shopizer-327978/sm-core/src/main/java/com/salesmanager/core/business/order/model/orderproduct/OrderProductDownload.java
2026-03-03 17:06:56,400 - Knowledge - INFO - Worker kw20 processing /app/data/T0015/327978/b5857iz/shopizer-327978/sm-core/src/main/java/com/salesmanager/core/business/catalog/product/service/attribute/ProductOptionValueServiceImpl.java
2026-03-03 17:06:56,627 - Knowledge - INFO - process ingested knowledge for /app/data/T0015/327978/b5857iz/shopizer-327978/sm-core/src/main/java/com/salesmanager/core/business/customer/service/attribute/CustomerOptionValueServiceImpl.java
2026-03-03 17:06:56,776 - Knowledge - INFO - Worker kw15 processing /app/data/T0015/327978/b5857iz/shopizer-327978/sm-core/src/main/java/com/salesmanager/core/business/catalog/product/service/relationship/ProductRelationshipServiceImpl.java
2026-03-03 17:06:56,949 - Knowledge - INFO - Batch sizing: calculated=8, max_allowed=10, queue=883, active_workers=20/20
2026-03-03 17:06:57,135 - Knowledge - INFO - Worker kw8 processing /app/data/T0015/327978/b5857iz/shopizer-327978/sm-core/src/main/java/com/salesmanager/core/business/catalog/product/service/price/ProductPriceService.java
2026-03-03 17:06:57,302 - Knowledge - INFO - process ingested knowledge for /app/data/T0015/327978/b5857iz/shopizer-327978/sm-core/src/main/java/com/salesmanager/core/business/system/service/MerchantConfigurationService.java
2026-03-03 17:06:57,337 - Knowledge - INFO - [LLM_CALL] Completed: PaymentServiceImpl.java:chunk1, Duration: 64465ms, PromptTokens: 10694, CompletionTokens: 1193, Cost: $0.00155
2026-03-03 17:06:57,438 - Knowledge - INFO - process ingested knowledge for /app/data/T0015/327978/b5857iz/shopizer-327978/sm-core/src/main/java/com/salesmanager/core/business/search/model/SearchEntry.java
2026-03-03 17:06:57,656 - Knowledge - INFO - process ingested knowledge for /app/data/T0015/327978/b5857iz/shopizer-327978/sm-core/src/main/java/com/salesmanager/core/business/order/model/orderproduct/OrderProduct.java
2026-03-03 17:06:57,915 - Knowledge - INFO - Worker kw20 processing /app/data/T0015/327978/b5857iz/shopizer-327978/sm-core/src/main/java/com/salesmanager/core/business/catalog/product/service/attribute/ProductAttributeService.java
2026-03-03 17:06:58,069 - Knowledge - INFO - process ingested knowledge for /app/data/T0015/327978/b5857iz/shopizer-327978/sm-core/src/main/java/com/salesmanager/core/business/customer/service/attribute/CustomerAttributeService.java
2026-03-03 17:06:58,360 - Knowledge - INFO - Worker kw15 processing /app/data/T0015/327978/b5857iz/shopizer-327978/sm-core/src/main/java/com/salesmanager/core/business/catalog/product/service/type/ProductTypeService.java
2026-03-03 17:06:58,762 - Knowledge - INFO - Fast-tracked /app/data/T0015/327978/b5857iz/shopizer-327978/sm-core/src/main/java/com/salesmanager/core/business/catalog/product/service/price/ProductPriceService.java (ext=.java, size=665)
2026-03-03 17:06:58,882 - Knowledge - INFO - process ingested knowledge for /app/data/T0015/327978/b5857iz/shopizer-327978/sm-core/src/main/java/com/salesmanager/core/business/system/service/EmailServiceImpl.java
2026-03-03 17:06:58,965 - Knowledge - INFO - done ingest for /app/data/T0015/327978/b5857iz/shopizer-327978/sm-core/src/main/java/com/salesmanager/core/business/payments/service/PaymentServiceImpl.java
2026-03-03 17:06:58,991 - Knowledge - INFO - Async storing batch of 10 embeddings
2026-03-03 17:06:59,151 - Knowledge - INFO - Async storage completed for 10 embeddings
2026-03-03 17:06:59,492 - Knowledge - INFO - process ingested knowledge for /app/data/T0015/327978/b5857iz/shopizer-327978/sm-core/src/main/java/com/salesmanager/core/business/order/model/OrderValueType.java
2026-03-03 17:06:59,625 - Knowledge - INFO - Fast-tracked /app/data/T0015/327978/b5857iz/shopizer-327978/sm-core/src/main/java/com/salesmanager/core/business/catalog/product/service/attribute/ProductAttributeService.java (ext=.java, size=1174)
2026-03-03 17:06:59,894 - Knowledge - INFO - [LLM_CALL] Completed: ShoppingCartCalculationServiceImpl.java:chunk1, Duration: 52005ms, PromptTokens: 2506, CompletionTokens: 421, Cost: $0.00042
2026-03-03 17:06:59,940 - Knowledge - INFO - Fast-tracked /app/data/T0015/327978/b5857iz/shopizer-327978/sm-core/src/main/java/com/salesmanager/core/business/catalog/product/service/type/ProductTypeService.java (ext=.java, size=476)
2026-03-03 17:07:00,002 - Knowledge - INFO - Worker kw8 processing /app/data/T0015/327978/b5857iz/shopizer-327978/sm-core/src/main/java/com/salesmanager/core/business/catalog/product/service/price/ProductPriceServiceImpl.java
2026-03-03 17:07:00,088 - Knowledge - INFO - process ingested knowledge for /app/data/T0015/327978/b5857iz/shopizer-327978/sm-core/src/main/java/com/salesmanager/core/business/customer/service/CustomerServiceImpl.java
2026-03-03 17:07:00,162 - Knowledge - INFO - process ingested knowledge for /app/data/T0015/327978/b5857iz/shopizer-327978/sm-core/src/main/java/com/salesmanager/core/business/system/service/MerchantLogServiceImpl.java
2026-03-03 17:07:00,593 - Knowledge - INFO - Worker kw6 processing /app/data/T0015/327978/b5857iz/shopizer-327978/sm-core/src/main/java/com/salesmanager/core/business/catalog/product/model/ProductCriteria.java
2026-03-03 17:07:00,901 - Knowledge - INFO - process ingested knowledge for /app/data/T0015/327978/b5857iz/shopizer-327978/sm-core/src/main/java/com/salesmanager/core/business/order/model/OrderCriteria.java
2026-03-03 17:07:01,100 - Knowledge - INFO - Worker kw20 processing /app/data/T0015/327978/b5857iz/shopizer-327978/sm-core/src/main/java/com/salesmanager/core/business/catalog/product/service/attribute/ProductOptionServiceImpl.java
2026-03-03 17:07:01,175 - Knowledge - INFO - done ingest for /app/data/T0015/327978/b5857iz/shopizer-327978/sm-core/src/main/java/com/salesmanager/core/business/shoppingcart/service/ShoppingCartCalculationServiceImpl.java
2026-03-03 17:07:01,323 - Knowledge - INFO - Worker kw15 processing /app/data/T0015/327978/b5857iz/shopizer-327978/sm-core/src/main/java/com/salesmanager/core/business/catalog/product/service/type/ProductTypeServiceImpl.java
2026-03-03 17:07:01,495 - Knowledge - INFO - [LLM_CALL] Completed: TransactionServiceImpl.java:chunk1, Duration: 54455ms, PromptTokens: 2976, CompletionTokens: 531, Cost: $0.00051
2026-03-03 17:07:01,558 - Knowledge - INFO - Fast-tracked /app/data/T0015/327978/b5857iz/shopizer-327978/sm-core/src/main/java/com/salesmanager/core/business/catalog/product/service/price/ProductPriceServiceImpl.java (ext=.java, size=1878)
2026-03-03 17:07:01,703 - Knowledge - INFO - process ingested knowledge for /app/data/T0015/327978/b5857iz/shopizer-327978/sm-core/src/main/java/com/salesmanager/core/business/customer/service/CustomerService.java
2026-03-03 17:07:01,857 - Knowledge - INFO - process ingested knowledge for /app/data/T0015/327978/b5857iz/shopizer-327978/sm-core/src/main/java/com/salesmanager/core/business/system/service/ModuleConfigurationService.java
2026-03-03 17:07:02,027 - Knowledge - INFO - Fast-tracked /app/data/T0015/327978/b5857iz/shopizer-327978/sm-core/src/main/java/com/salesmanager/core/business/catalog/product/model/ProductCriteria.java (ext=.java, size=1709)
2026-03-03 17:07:02,307 - Knowledge - INFO - Worker kw20 processing /app/data/T0015/327978/b5857iz/shopizer-327978/sm-core/src/main/java/com/salesmanager/core/business/catalog/product/service/attribute/ProductOptionService.java
2026-03-03 17:07:02,659 - Knowledge - INFO - process ingested knowledge for /app/data/T0015/327978/b5857iz/shopizer-327978/sm-core/src/main/java/com/salesmanager/core/business/shipping/service/ShippingServiceImpl.java
2026-03-03 17:07:03,356 - Knowledge - INFO - Fast-tracked /app/data/T0015/327978/b5857iz/shopizer-327978/sm-core/src/main/java/com/salesmanager/core/business/catalog/product/service/type/ProductTypeServiceImpl.java (ext=.java, size=1097)
2026-03-03 17:07:03,414 - Knowledge - INFO - done ingest for /app/data/T0015/327978/b5857iz/shopizer-327978/sm-core/src/main/java/com/salesmanager/core/business/payments/service/TransactionServiceImpl.java
2026-03-03 17:07:03,508 - Knowledge - INFO - [LLM_CALL] Completed: TaxServiceImpl.java:chunk1, Duration: 31889ms, PromptTokens: 5768, CompletionTokens: 704, Cost: $0.00086
2026-03-03 17:07:03,562 - Knowledge - INFO - Worker kw8 processing /app/data/T0015/327978/b5857iz/shopizer-327978/sm-core/src/main/java/com/salesmanager/core/business/catalog/product/service/availability/ProductAvailabilityService.java
2026-03-03 17:07:04,046 - Knowledge - INFO - process ingested knowledge for /app/data/T0015/327978/b5857iz/shopizer-327978/sm-core/src/main/java/com/salesmanager/core/business/customer/model/attribute/CustomerOptionValue.java
2026-03-03 17:07:04,282 - Knowledge - INFO - Worker kw6 processing /app/data/T0015/327978/b5857iz/shopizer-327978/sm-core/src/main/java/com/salesmanager/core/business/catalog/product/model/attribute/ProductOptionType.java
2026-03-03 17:07:04,478 - Knowledge - INFO - Fast-tracked /app/data/T0015/327978/b5857iz/shopizer-327978/sm-core/src/main/java/com/salesmanager/core/business/catalog/product/service/attribute/ProductOptionService.java (ext=.java, size=1038)
2026-03-03 17:07:04,879 - Knowledge - INFO - Worker kw15 processing /app/data/T0015/327978/b5857iz/shopizer-327978/sm-core/src/main/java/com/salesmanager/core/business/catalog/product/service/PricingService.java
2026-03-03 17:07:05,154 - Knowledge - INFO - process ingested knowledge for /app/data/T0015/327978/b5857iz/shopizer-327978/sm-core/src/main/java/com/salesmanager/core/business/shipping/service/ShippingService.java
2026-03-03 17:07:05,198 - Knowledge - INFO - done ingest for /app/data/T0015/327978/b5857iz/shopizer-327978/sm-core/src/main/java/com/salesmanager/core/business/tax/service/TaxServiceImpl.java
2026-03-03 17:07:05,426 - Knowledge - INFO - [LLM_CALL] Completed: ManufacturerDaoImpl.java:chunk1, Duration: 22447ms, PromptTokens: 2504, CompletionTokens: 544, Cost: $0.00047
2026-03-03 17:07:05,481 - Knowledge - INFO - Fast-tracked /app/data/T0015/327978/b5857iz/shopizer-327978/sm-core/src/main/java/com/salesmanager/core/business/catalog/product/service/availability/ProductAvailabilityService.java (ext=.java, size=519)
2026-03-03 17:07:05,859 - Knowledge - INFO - Fast-tracked /app/data/T0015/327978/b5857iz/shopizer-327978/sm-core/src/main/java/com/salesmanager/core/business/catalog/product/model/attribute/ProductOptionType.java (ext=.java, size=148)
2026-03-03 17:07:05,986 - Knowledge - INFO - Worker kw20 processing /app/data/T0015/327978/b5857iz/shopizer-327978/sm-core/src/main/java/com/salesmanager/core/business/catalog/product/service/ProductService.java
2026-03-03 17:07:06,215 - Knowledge - INFO - Worker kw15 processing /app/data/T0015/327978/b5857iz/shopizer-327978/sm-core/src/main/java/com/salesmanager/core/business/catalog/product/service/manufacturer/ManufacturerServiceImpl.java
2026-03-03 17:07:06,488 - Knowledge - INFO - process ingested knowledge for /app/data/T0015/327978/b5857iz/shopizer-327978/sm-core/src/main/java/com/salesmanager/core/business/customer/model/attribute/CustomerOptionValueDescription.java
2026-03-03 17:07:06,706 - Knowledge - INFO - done ingest for /app/data/T0015/327978/b5857iz/shopizer-327978/sm-core/src/main/java/com/salesmanager/core/business/catalog/product/dao/manufacturer/ManufacturerDaoImpl.java
2026-03-03 17:07:06,784 - Knowledge - INFO - Fast-tracked /app/data/T0015/327978/b5857iz/shopizer-327978/sm-core/src/main/java/com/salesmanager/core/business/catalog/product/service/attribute/ProductAttributeServiceImpl.java (small file (2733 bytes))
2026-03-03 17:07:06,874 - Knowledge - INFO - Worker kw8 processing /app/data/T0015/327978/b5857iz/shopizer-327978/sm-core/src/main/java/com/salesmanager/core/business/catalog/product/service/availability/ProductAvailabilityServiceImpl.java
2026-03-03 17:07:07,107 - Knowledge - INFO - Worker kw6 processing /app/data/T0015/327978/b5857iz/shopizer-327978/sm-core/src/main/java/com/salesmanager/core/business/catalog/product/model/attribute/ProductOption.java
2026-03-03 17:07:07,292 - Knowledge - INFO - Worker kw20 processing /app/data/T0015/327978/b5857iz/shopizer-327978/sm-core/src/main/java/com/salesmanager/core/business/catalog/product/service/review/ProductReviewService.java
2026-03-03 17:07:07,308 - Knowledge - INFO - process ingested knowledge for /app/data/T0015/327978/b5857iz/shopizer-327978/sm-core/src/main/java/com/salesmanager/core/business/shipping/model/ShippingSummary.java
2026-03-03 17:07:07,529 - Knowledge - INFO - Worker kw15 processing /app/data/T0015/327978/b5857iz/shopizer-327978/sm-core/src/main/java/com/salesmanager/core/business/catalog/product/service/manufacturer/ManufacturerService.java
2026-03-03 17:07:08,079 - Knowledge - INFO - Async storage completed for 8 embeddings
2026-03-03 17:07:08,325 - Knowledge - INFO - Fast-tracked /app/data/T0015/327978/b5857iz/shopizer-327978/sm-core/src/main/java/com/salesmanager/core/business/catalog/product/service/availability/ProductAvailabilityServiceImpl.java (ext=.java, size=1248)
2026-03-03 17:07:08,605 - Knowledge - INFO - Worker kw6 processing /app/data/T0015/327978/b5857iz/shopizer-327978/sm-core/src/main/java/com/salesmanager/core/business/catalog/product/model/attribute/ProductOptionDescription.java
2026-03-03 17:07:08,650 - Knowledge - INFO - Fast-tracked /app/data/T0015/327978/b5857iz/shopizer-327978/sm-core/src/main/java/com/salesmanager/core/business/catalog/product/service/review/ProductReviewService.java (ext=.java, size=822)
2026-03-03 17:07:09,014 - Knowledge - INFO - [LLM_CALL] Completed: PaymentService.java:chunk1, Duration: 51930ms, PromptTokens: 2234, CompletionTokens: 803, Cost: $0.00054
2026-03-03 17:07:09,142 - Knowledge - INFO - Fast-tracked /app/data/T0015/327978/b5857iz/shopizer-327978/sm-core/src/main/java/com/salesmanager/core/business/catalog/product/service/manufacturer/ManufacturerService.java (ext=.java, size=1520)
2026-03-03 17:07:09,200 - Knowledge - INFO - Async storage completed for 10 embeddings
2026-03-03 17:07:09,347 - Knowledge - INFO - process ingested knowledge for /app/data/T0015/327978/b5857iz/shopizer-327978/sm-core/src/main/java/com/salesmanager/core/business/customer/model/attribute/CustomerAttribute.java
2026-03-03 17:07:09,377 - Knowledge - INFO - process ingested knowledge for /app/data/T0015/327978/b5857iz/shopizer-327978/sm-core/src/main/java/com/salesmanager/core/business/shipping/model/ShippingOptionPriceType.java
2026-03-03 17:07:09,530 - Knowledge - INFO - Worker kw8 processing /app/data/T0015/327978/b5857iz/shopizer-327978/sm-core/src/main/java/com/salesmanager/core/business/catalog/product/service/PricingServiceImpl.java
2026-03-03 17:07:09,949 - Knowledge - INFO - Worker kw20 processing /app/data/T0015/327978/b5857iz/shopizer-327978/sm-core/src/main/java/com/salesmanager/core/business/catalog/product/service/review/ProductReviewServiceImpl.java
2026-03-03 17:07:09,966 - Knowledge - INFO - Fast-tracked /app/data/T0015/327978/b5857iz/shopizer-327978/sm-core/src/main/java/com/salesmanager/core/business/catalog/product/model/attribute/ProductOptionDescription.java (ext=.java, size=1516)
2026-03-03 17:07:10,169 - Knowledge - INFO - done ingest for /app/data/T0015/327978/b5857iz/shopizer-327978/sm-core/src/main/java/com/salesmanager/core/business/payments/service/PaymentService.java
2026-03-03 17:07:10,207 - Knowledge - INFO - Processing batch of 8 files
2026-03-03 17:07:10,251 - Knowledge - INFO - [LLM_CALL] Completed: TaxRateDaoImpl.java:chunk1, Duration: 51823ms, PromptTokens: 3598, CompletionTokens: 710, Cost: $0.00064
2026-03-03 17:07:10,458 - Knowledge - INFO - Worker kw15 processing /app/data/T0015/327978/b5857iz/shopizer-327978/sm-core/src/main/java/com/salesmanager/core/business/catalog/product/service/image/ProductImageService.java
2026-03-03 17:07:10,848 - Knowledge - INFO - process ingested knowledge for /app/data/T0015/327978/b5857iz/shopizer-327978/sm-core/src/main/java/com/salesmanager/core/business/customer/model/attribute/CustomerOptionType.java
2026-03-03 17:07:10,965 - Knowledge - INFO - process ingested knowledge for /app/data/T0015/327978/b5857iz/shopizer-327978/sm-core/src/main/java/com/salesmanager/core/business/shipping/model/ShippingQuote.java
2026-03-03 17:07:11,168 - Knowledge - INFO - Worker kw8 processing /app/data/T0015/327978/b5857iz/shopizer-327978/sm-core/src/main/java/com/salesmanager/core/business/catalog/product/model/file/ProductImageSize.java
2026-03-03 17:07:11,292 - Knowledge - INFO - Worker kw20 processing /app/data/T0015/327978/b5857iz/shopizer-327978/sm-core/src/main/java/com/salesmanager/core/business/catalog/product/service/relationship/ProductRelationshipService.java
2026-03-03 17:07:11,399 - Knowledge - INFO - Worker kw6 processing /app/data/T0015/327978/b5857iz/shopizer-327978/sm-core/src/main/java/com/salesmanager/core/business/catalog/product/model/attribute/ProductAttribute.java
2026-03-03 17:07:11,705 - Knowledge - INFO - process ingested knowledge for /app/data/T0015/327978/b5857iz/shopizer-327978/sm-core/src/main/java/com/salesmanager/core/business/catalog/product/dao/type/ProductTypeDao.java
2026-03-03 17:07:11,835 - Knowledge - INFO - done ingest for /app/data/T0015/327978/b5857iz/shopizer-327978/sm-core/src/main/java/com/salesmanager/core/business/tax/dao/taxrate/TaxRateDaoImpl.java
2026-03-03 17:07:11,892 - Knowledge - INFO - [LLM_CALL] Completed: MerchantStoreServiceImpl.java:chunk1, Duration: 89565ms, PromptTokens: 2702, CompletionTokens: 923, Cost: $0.00064
2026-03-03 17:07:12,052 - Knowledge - INFO - Worker kw15 processing /app/data/T0015/327978/b5857iz/shopizer-327978/sm-core/src/main/java/com/salesmanager/core/business/catalog/product/service/image/ProductImageServiceImpl.java
2026-03-03 17:07:12,261 - Knowledge - INFO - process ingested knowledge for /app/data/T0015/327978/b5857iz/shopizer-327978/sm-core/src/main/java/com/salesmanager/core/business/customer/model/attribute/CustomerOption.java
2026-03-03 17:07:12,529 - Knowledge - INFO - Fast-tracked /app/data/T0015/327978/b5857iz/shopizer-327978/sm-core/src/main/java/com/salesmanager/core/business/catalog/product/model/file/ProductImageSize.java (ext=.java, size=132)
2026-03-03 17:07:12,875 - Knowledge - INFO - Worker kw6 processing /app/data/T0015/327978/b5857iz/shopizer-327978/sm-core/src/main/java/com/salesmanager/core/business/catalog/product/model/attribute/ProductOptionValueDescription.java
2026-03-03 17:07:13,369 - Knowledge - INFO - done ingest for /app/data/T0015/327978/b5857iz/shopizer-327978/sm-core/src/main/java/com/salesmanager/core/business/merchant/service/MerchantStoreServiceImpl.java
2026-03-03 17:07:13,384 - Knowledge - INFO - Processing batch of 10 files
2026-03-03 17:07:13,498 - Knowledge - INFO - process ingested knowledge for /app/data/T0015/327978/b5857iz/shopizer-327978/sm-core/src/main/java/com/salesmanager/core/business/catalog/product/dao/ProductDao.java
2026-03-03 17:07:13,940 - Knowledge - INFO - Worker kw8 processing /app/data/T0015/327978/b5857iz/shopizer-327978/sm-core/src/main/java/com/salesmanager/core/business/catalog/product/model/file/DigitalProduct.java
2026-03-03 17:07:14,008 - Knowledge - INFO - [WEBSOCKET] Sent: Type=progress_update, Size: 294, Duration: 0ms
2026-03-03 17:07:14,059 - Knowledge - INFO - Fast-tracked /app/data/T0015/327978/b5857iz/shopizer-327978/sm-core/src/main/java/com/salesmanager/core/business/catalog/product/model/attribute/ProductOptionValueDescription.java (ext=.java, size=1133)
2026-03-03 17:07:14,338 - Knowledge - INFO - process ingested knowledge for /app/data/T0015/327978/b5857iz/shopizer-327978/sm-core/src/main/java/com/salesmanager/core/business/search/model/SearchKeywords.java
2026-03-03 17:07:14,810 - Knowledge - INFO - Fast-tracked /app/data/T0015/327978/b5857iz/shopizer-327978/sm-core/src/main/java/com/salesmanager/core/business/catalog/product/model/file/DigitalProduct.java (ext=.java, size=1924)
2026-03-03 17:07:15,034 - Knowledge - INFO - [WEBSOCKET] Sent: Type=unknown, Size: ?, Duration: 1026ms
2026-03-03 17:07:15,164 - Knowledge - INFO - Worker kw6 processing /app/data/T0015/327978/b5857iz/shopizer-327978/sm-core/src/main/java/com/salesmanager/core/business/catalog/product/model/attribute/AttributeCriteria.java
2026-03-03 17:07:15,426 - Knowledge - INFO - process ingested knowledge for /app/data/T0015/327978/b5857iz/shopizer-327978/sm-core/src/main/java/com/salesmanager/core/business/catalog/product/dao/manufacturer/ManufacturerDao.java
2026-03-03 17:07:15,454 - Knowledge - INFO - Worker kw8 processing /app/data/T0015/327978/b5857iz/shopizer-327978/sm-core/src/main/java/com/salesmanager/core/business/catalog/product/model/description/ProductDescription.java
2026-03-03 17:07:15,608 - Knowledge - INFO - Progress: 15.8% | Files: 188/1167 | Rate: 1.21 files/sec | Queue: 867
2026-03-03 17:07:15,893 - Knowledge - INFO - Fast-tracked /app/data/T0015/327978/b5857iz/shopizer-327978/sm-core/src/main/java/com/salesmanager/core/business/catalog/product/model/attribute/AttributeCriteria.java (ext=.java, size=641)
2026-03-03 17:07:16,659 - Knowledge - INFO - Worker kw6 processing /app/data/T0015/327978/b5857iz/shopizer-327978/sm-core/src/main/java/com/salesmanager/core/business/catalog/product/model/attribute/ProductOptionValue.java
2026-03-03 17:07:17,333 - Knowledge - INFO - Fast-tracked /app/data/T0015/327978/b5857iz/shopizer-327978/sm-core/src/main/java/com/salesmanager/core/business/catalog/product/service/attribute/ProductOptionServiceImpl.java (small file (2749 bytes))
2026-03-03 17:07:17,353 - Knowledge - INFO - process ingested knowledge for /app/data/T0015/327978/b5857iz/shopizer-327978/sm-core/src/main/java/com/salesmanager/core/business/search/model/SearchFacet.java
2026-03-03 17:07:17,389 - Knowledge - INFO - [kw18] Queue=867, InProgress=0, PendingWorkers=20/20, Completed=189/1167 (16.2%)
2026-03-03 17:07:17,447 - Knowledge - INFO - [kw13] Queue=867, InProgress=0, PendingWorkers=20/20, Completed=189/1167 (16.2%)
2026-03-03 17:07:17,448 - Knowledge - INFO - process ingested knowledge for /app/data/T0015/327978/b5857iz/shopizer-327978/sm-core/src/main/java/com/salesmanager/core/business/catalog/product/dao/manufacturer/ManufacturerDaoImpl.java
2026-03-03 17:07:17,449 - Knowledge - INFO - Processing batch of 8 files
2026-03-03 17:07:17,705 - Knowledge - INFO - Fast-tracked /app/data/T0015/327978/b5857iz/shopizer-327978/sm-core/src/main/java/com/salesmanager/core/business/catalog/product/service/ProductService.java (small file (2049 bytes))
2026-03-03 17:07:18,155 - Knowledge - INFO - Batch sizing: calculated=8, max_allowed=10, queue=867, active_workers=20/20
2026-03-03 17:07:18,245 - Knowledge - INFO - Batch sizing: calculated=8, max_allowed=10, queue=867, active_workers=20/20
2026-03-03 17:07:18,715 - Knowledge - INFO - process ingested knowledge for /app/data/T0015/327978/b5857iz/shopizer-327978/sm-core/src/main/java/com/salesmanager/core/business/tax/dao/taxrate/TaxRateDaoImpl.java
2026-03-03 17:07:19,035 - Knowledge - INFO - Fast-tracked /app/data/T0015/327978/b5857iz/shopizer-327978/sm-core/src/main/java/com/salesmanager/core/business/catalog/product/service/review/ProductReviewServiceImpl.java (small file (2794 bytes))
2026-03-03 17:07:19,048 - Knowledge - INFO - process ingested knowledge for /app/data/T0015/327978/b5857iz/shopizer-327978/sm-core/src/main/java/com/salesmanager/core/business/search/model/IndexProduct.java
2026-03-03 17:07:19,926 - Knowledge - INFO - process ingested knowledge for /app/data/T0015/327978/b5857iz/shopizer-327978/sm-core/src/main/java/com/salesmanager/core/business/catalog/product/dao/image/ProductImageDao.java
2026-03-03 17:07:20,241 - Knowledge - INFO - Fast-tracked /app/data/T0015/327978/b5857iz/shopizer-327978/sm-core/src/main/java/com/salesmanager/core/business/catalog/product/service/relationship/ProductRelationshipService.java (small file (2950 bytes))
2026-03-03 17:07:20,783 - Knowledge - INFO - Async storage completed for 8 embeddings
2026-03-03 17:07:20,796 - Knowledge - INFO - Async storing batch of 10 embeddings
2026-03-03 17:07:20,807 - Knowledge - INFO - process ingested knowledge for /app/data/T0015/327978/b5857iz/shopizer-327978/sm-core/src/main/java/com/salesmanager/core/business/tax/dao/taxclass/TaxClassDaoImpl.java
2026-03-03 17:07:20,865 - Knowledge - INFO - Async storing batch of 10 embeddings
2026-03-03 17:07:20,906 - Knowledge - INFO - process ingested knowledge for /app/data/T0015/327978/b5857iz/shopizer-327978/sm-core/src/main/java/com/salesmanager/core/business/search/model/SearchResponse.java
2026-03-03 17:07:20,913 - Knowledge - INFO - process ingested knowledge for /app/data/T0015/327978/b5857iz/shopizer-327978/sm-core/src/main/java/com/salesmanager/core/business/catalog/product/dao/image/ProductImageDaoImpl.java
2026-03-03 17:07:21,129 - Knowledge - INFO - [LLM_CALL] Completed: ProductOptionDaoImpl.java:chunk1, Duration: 33117ms, PromptTokens: 2774, CompletionTokens: 551, Cost: $0.00050
2026-03-03 17:07:21,169 - Knowledge - INFO - Worker kw13 processing /app/data/T0015/327978/b5857iz/shopizer-327978/sm-core/src/main/java/com/salesmanager/core/business/catalog/product/model/review/ProductReview.java
2026-03-03 17:07:21,336 - Knowledge - INFO - Fast-tracked /app/data/T0015/327978/b5857iz/shopizer-327978/sm-core/src/main/java/com/salesmanager/core/business/catalog/product/model/description/ProductDescription.java (small file (2381 bytes))
2026-03-03 17:07:21,539 - Knowledge - INFO - Worker kw18 processing /app/data/T0015/327978/b5857iz/shopizer-327978/sm-core/src/main/java/com/salesmanager/core/business/catalog/product/model/ProductList.java
2026-03-03 17:07:22,149 - Knowledge - INFO - done ingest for /app/data/T0015/327978/b5857iz/shopizer-327978/sm-core/src/main/java/com/salesmanager/core/business/catalog/product/dao/attribute/ProductOptionDaoImpl.java
2026-03-03 17:07:22,209 - Knowledge - INFO - process ingested knowledge for /app/data/T0015/327978/b5857iz/shopizer-327978/sm-core/src/main/java/com/salesmanager/core/business/tax/dao/taxclass/TaxClassDao.java
2026-03-03 17:07:22,210 - Knowledge - INFO - process ingested knowledge for /app/data/T0015/327978/b5857iz/shopizer-327978/sm-core/src/main/java/com/salesmanager/core/business/payments/dao/TransactionDaoImpl.java
2026-03-03 17:07:22,225 - Knowledge - INFO - process ingested knowledge for /app/data/T0015/327978/b5857iz/shopizer-327978/sm-core/src/main/java/com/salesmanager/core/business/catalog/product/dao/price/ProductPriceDao.java
2026-03-03 17:07:22,299 - Knowledge - INFO - Worker kw13 processing /app/data/T0015/327978/b5857iz/shopizer-327978/sm-core/src/main/java/com/salesmanager/core/business/catalog/product/model/review/ProductReviewDescription.java
2026-03-03 17:07:22,625 - Knowledge - INFO - Async storage completed for 10 embeddings
2026-03-03 17:07:22,874 - Knowledge - INFO - Fast-tracked /app/data/T0015/327978/b5857iz/shopizer-327978/sm-core/src/main/java/com/salesmanager/core/business/catalog/product/model/ProductList.java (ext=.java, size=519)
2026-03-03 17:07:24,170 - Knowledge - INFO - Fast-tracked /app/data/T0015/327978/b5857iz/shopizer-327978/sm-core/src/main/java/com/salesmanager/core/business/catalog/product/model/review/ProductReviewDescription.java (ext=.java, size=1742)
2026-03-03 17:07:24,245 - Knowledge - INFO - process ingested knowledge for /app/data/T0015/327978/b5857iz/shopizer-327978/sm-core/src/main/java/com/salesmanager/core/business/tax/service/TaxServiceImpl.java
2026-03-03 17:07:24,592 - Knowledge - INFO - Worker kw18 processing /app/data/T0015/327978/b5857iz/shopizer-327978/sm-core/src/main/java/com/salesmanager/core/business/catalog/product/model/image/ProductImageDescription.java
2026-03-03 17:07:24,906 - Knowledge - INFO - Worker kw13 processing /app/data/T0015/327978/b5857iz/shopizer-327978/sm-core/src/main/java/com/salesmanager/core/business/catalog/product/model/relationship/ProductRelationshipType.java
2026-03-03 17:07:25,101 - Knowledge - INFO - process ingested knowledge for /app/data/T0015/327978/b5857iz/shopizer-327978/sm-core/src/main/java/com/salesmanager/core/business/catalog/product/dao/price/ProductPriceDaoImpl.java
2026-03-03 17:07:25,660 - Knowledge - INFO - Fast-tracked /app/data/T0015/327978/b5857iz/shopizer-327978/sm-core/src/main/java/com/salesmanager/core/business/catalog/product/model/image/ProductImageDescription.java (ext=.java, size=1268)
2026-03-03 17:07:25,973 - Knowledge - INFO - [LLM_CALL] Completed: ShoppingCartDaoImpl.java:chunk1, Duration: 88250ms, PromptTokens: 3036, CompletionTokens: 616, Cost: $0.00055
2026-03-03 17:07:26,099 - Knowledge - INFO - Fast-tracked /app/data/T0015/327978/b5857iz/shopizer-327978/sm-core/src/main/java/com/salesmanager/core/business/catalog/product/model/relationship/ProductRelationshipType.java (ext=.java, size=169)
2026-03-03 17:07:26,741 - Knowledge - INFO - process ingested knowledge for /app/data/T0015/327978/b5857iz/shopizer-327978/sm-core/src/main/java/com/salesmanager/core/business/payments/dao/TransactionDao.java
2026-03-03 17:07:26,778 - Knowledge - INFO - Worker kw18 processing /app/data/T0015/327978/b5857iz/shopizer-327978/sm-core/src/main/java/com/salesmanager/core/business/catalog/product/model/image/ProductImage.java
2026-03-03 17:07:26,884 - Knowledge - INFO - done ingest for /app/data/T0015/327978/b5857iz/shopizer-327978/sm-core/src/main/java/com/salesmanager/core/business/shoppingcart/dao/ShoppingCartDaoImpl.java
2026-03-03 17:07:26,942 - Knowledge - INFO - Worker kw13 processing /app/data/T0015/327978/b5857iz/shopizer-327978/sm-core/src/main/java/com/salesmanager/core/business/catalog/product/model/relationship/ProductRelationship.java
2026-03-03 17:07:27,702 - Knowledge - INFO - Worker kw18 processing /app/data/T0015/327978/b5857iz/shopizer-327978/sm-core/src/main/java/com/salesmanager/core/business/catalog/product/model/price/ProductPriceDescription.java
2026-03-03 17:07:28,319 - Knowledge - INFO - Worker kw13 processing /app/data/T0015/327978/b5857iz/shopizer-327978/sm-core/src/main/java/com/salesmanager/core/business/catalog/product/model/type/ProductType.java
2026-03-03 17:07:28,575 - Knowledge - INFO - Fast-tracked /app/data/T0015/327978/b5857iz/shopizer-327978/sm-core/src/main/java/com/salesmanager/core/business/catalog/product/model/price/ProductPriceDescription.java (ext=.java, size=1116)
2026-03-03 17:07:28,826 - Knowledge - INFO - Worker kw13 processing /app/data/T0015/327978/b5857iz/shopizer-327978/sm-core/src/main/java/com/salesmanager/core/business/catalog/product/model/Product.java
2026-03-03 17:07:28,991 - Knowledge - INFO - process ingested knowledge for /app/data/T0015/327978/b5857iz/shopizer-327978/sm-core/src/main/java/com/salesmanager/core/business/tax/service/TaxClassService.java
2026-03-03 17:07:28,999 - Knowledge - INFO - Worker kw18 processing /app/data/T0015/327978/b5857iz/shopizer-327978/sm-core/src/main/java/com/salesmanager/core/business/catalog/product/model/price/ProductPrice.java
2026-03-03 17:07:29,191 - Knowledge - INFO - Fast-tracked /app/data/T0015/327978/b5857iz/shopizer-327978/sm-core/src/main/java/com/salesmanager/core/business/catalog/product/service/image/ProductImageService.java (small file (2099 bytes))
2026-03-03 17:07:29,221 - Knowledge - INFO - [LLM_CALL] Completed: IntegrationConfiguration.java:chunk1, Duration: 78799ms, PromptTokens: 2798, CompletionTokens: 558, Cost: $0.00050
2026-03-03 17:07:29,527 - Knowledge - INFO - Worker kw13 processing /app/data/T0015/327978/b5857iz/shopizer-327978/sm-core/src/main/java/com/salesmanager/core/business/catalog/product/model/manufacturer/ManufacturerDescription.java
2026-03-03 17:07:30,077 - Knowledge - INFO - process ingested knowledge for /app/data/T0015/327978/b5857iz/shopizer-327978/sm-core/src/main/java/com/salesmanager/core/business/payments/service/PaymentServiceImpl.java
2026-03-03 17:07:30,321 - Knowledge - INFO - Worker kw18 processing /app/data/T0015/327978/b5857iz/shopizer-327978/sm-core/src/main/java/com/salesmanager/core/business/catalog/product/model/price/ProductPriceType.java
2026-03-03 17:07:30,374 - Knowledge - INFO - Async storage completed for 10 embeddings
2026-03-03 17:07:30,677 - Knowledge - INFO - done ingest for /app/data/T0015/327978/b5857iz/shopizer-327978/sm-core/src/main/java/com/salesmanager/core/business/system/model/IntegrationConfiguration.java
2026-03-03 17:07:30,721 - Knowledge - INFO - [LLM_CALL] Completed: ContentService.java:chunk1, Duration: 60882ms, PromptTokens: 3068, CompletionTokens: 1005, Cost: $0.00071
2026-03-03 17:07:30,815 - Knowledge - INFO - process ingested knowledge for /app/data/T0015/327978/b5857iz/shopizer-327978/sm-core/src/main/java/com/salesmanager/core/business/tax/service/TaxRateServiceImpl.java
2026-03-03 17:07:30,996 - Knowledge - INFO - Fast-tracked /app/data/T0015/327978/b5857iz/shopizer-327978/sm-core/src/main/java/com/salesmanager/core/business/catalog/product/model/manufacturer/ManufacturerDescription.java (ext=.java, size=1622)
2026-03-03 17:07:31,608 - Knowledge - INFO - Fast-tracked /app/data/T0015/327978/b5857iz/shopizer-327978/sm-core/src/main/java/com/salesmanager/core/business/catalog/product/model/price/ProductPriceType.java (ext=.java, size=131)
2026-03-03 17:07:32,548 - Knowledge - INFO - done ingest for /app/data/T0015/327978/b5857iz/shopizer-327978/sm-core/src/main/java/com/salesmanager/core/business/content/service/ContentService.java
2026-03-03 17:07:32,558 - Knowledge - INFO - [kw7] Queue=851, InProgress=0, PendingWorkers=20/20, Completed=192/1167 (16.5%)
2026-03-03 17:07:32,648 - Knowledge - INFO - process ingested knowledge for /app/data/T0015/327978/b5857iz/shopizer-327978/sm-core/src/main/java/com/salesmanager/core/business/payments/service/TransactionServiceImpl.java
2026-03-03 17:07:33,134 - Knowledge - INFO - Worker kw13 processing /app/data/T0015/327978/b5857iz/shopizer-327978/sm-core/src/main/java/com/salesmanager/core/business/catalog/product/model/manufacturer/Manufacturer.java
2026-03-03 17:07:33,378 - Knowledge - INFO - Worker kw18 processing /app/data/T0015/327978/b5857iz/shopizer-327978/sm-core/src/main/java/com/salesmanager/core/business/catalog/product/model/price/FinalPrice.java
2026-03-03 17:07:33,742 - Knowledge - INFO - [kw12] Queue=851, InProgress=0, PendingWorkers=20/20, Completed=192/1167 (16.5%)
2026-03-03 17:07:33,773 - Knowledge - INFO - process ingested knowledge for /app/data/T0015/327978/b5857iz/shopizer-327978/sm-core/src/main/java/com/salesmanager/core/business/tax/service/TaxRateService.java
2026-03-03 17:07:33,975 - Knowledge - INFO - Batch sizing: calculated=8, max_allowed=10, queue=851, active_workers=20/20
2026-03-03 17:07:34,640 - Knowledge - INFO - Worker kw18 processing /app/data/T0015/327978/b5857iz/shopizer-327978/sm-core/src/main/java/com/salesmanager/core/business/catalog/product/model/availability/ProductAvailability.java
2026-03-03 17:07:34,939 - Knowledge - INFO - Batch sizing: calculated=8, max_allowed=10, queue=851, active_workers=20/20
2026-03-03 17:07:35,078 - Knowledge - INFO - process ingested knowledge for /app/data/T0015/327978/b5857iz/shopizer-327978/sm-core/src/main/java/com/salesmanager/core/business/payments/service/TransactionService.java
2026-03-03 17:07:35,234 - Knowledge - INFO - process ingested knowledge for /app/data/T0015/327978/b5857iz/shopizer-327978/sm-core/src/main/java/com/salesmanager/core/business/tax/service/TaxClassServiceImpl.java
2026-03-03 17:07:35,853 - Knowledge - INFO - Async storage completed for 10 embeddings
2026-03-03 17:07:36,410 - Knowledge - INFO - Async storing batch of 10 embeddings
2026-03-03 17:07:36,531 - Knowledge - INFO - Async storing batch of 10 embeddings
2026-03-03 17:07:36,577 - Knowledge - INFO - process ingested knowledge for /app/data/T0015/327978/b5857iz/shopizer-327978/sm-core/src/main/java/com/salesmanager/core/business/payments/service/PaymentService.java
2026-03-03 17:07:37,489 - Knowledge - INFO - Worker kw7 processing /app/data/T0015/327978/b5857iz/shopizer-327978/sm-core/src/main/java/com/salesmanager/core/business/catalog/common/CatalogServiceHelper.java
2026-03-03 17:07:37,604 - Knowledge - INFO - Worker kw12 processing /app/data/T0015/327978/b5857iz/shopizer-327978/sm-core/src/main/java/com/salesmanager/core/business/reference/country/service/CountryService.java
2026-03-03 17:07:38,013 - Knowledge - INFO - Worker kw7 processing /app/data/T0015/327978/b5857iz/shopizer-327978/sm-core/src/main/java/com/salesmanager/core/business/reference/language/dao/LanguageDao.java
2026-03-03 17:07:38,195 - Knowledge - INFO - [LLM_CALL] Completed: Content.java:chunk1, Duration: 70752ms, PromptTokens: 2666, CompletionTokens: 915, Cost: $0.00063
2026-03-03 17:07:38,254 - Knowledge - INFO - Fast-tracked /app/data/T0015/327978/b5857iz/shopizer-327978/sm-core/src/main/java/com/salesmanager/core/business/reference/country/service/CountryService.java (ext=.java, size=1024)
2026-03-03 17:07:38,459 - Knowledge - INFO - Fast-tracked /app/data/T0015/327978/b5857iz/shopizer-327978/sm-core/src/main/java/com/salesmanager/core/business/reference/language/dao/LanguageDao.java (ext=.java, size=293)
2026-03-03 17:07:38,621 - Knowledge - INFO - done ingest for /app/data/T0015/327978/b5857iz/shopizer-327978/sm-core/src/main/java/com/salesmanager/core/business/content/model/Content.java
2026-03-03 17:07:39,012 - Knowledge - INFO - Worker kw12 processing /app/data/T0015/327978/b5857iz/shopizer-327978/sm-core/src/main/java/com/salesmanager/core/business/reference/country/service/CountryServiceImpl.java
2026-03-03 17:07:39,423 - Knowledge - INFO - [LLM_CALL] Completed: CustomerOptionValueDaoImpl.java:chunk1, Duration: 71964ms, PromptTokens: 2106, CompletionTokens: 460, Cost: $0.00039
2026-03-03 17:07:39,510 - Knowledge - INFO - Worker kw7 processing /app/data/T0015/327978/b5857iz/shopizer-327978/sm-core/src/main/java/com/salesmanager/core/business/reference/language/dao/LanguageDaoImpl.java
2026-03-03 17:07:39,776 - Knowledge - INFO - Worker kw12 processing /app/data/T0015/327978/b5857iz/shopizer-327978/sm-core/src/main/java/com/salesmanager/core/business/reference/country/model/CountryDescription.java
2026-03-03 17:07:39,806 - Knowledge - INFO - Fast-tracked /app/data/T0015/327978/b5857iz/shopizer-327978/sm-core/src/main/java/com/salesmanager/core/business/catalog/product/model/relationship/ProductRelationship.java (small file (2631 bytes))
2026-03-03 17:07:39,978 - Knowledge - INFO - done ingest for /app/data/T0015/327978/b5857iz/shopizer-327978/sm-core/src/main/java/com/salesmanager/core/business/customer/dao/attribute/CustomerOptionValueDaoImpl.java
2026-03-03 17:07:40,401 - Knowledge - INFO - Fast-tracked /app/data/T0015/327978/b5857iz/shopizer-327978/sm-core/src/main/java/com/salesmanager/core/business/reference/language/dao/LanguageDaoImpl.java (ext=.java, size=402)
2026-03-03 17:07:40,950 - Knowledge - INFO - [LLM_CALL] Completed: TaxClass.java:chunk1, Duration: 70976ms, PromptTokens: 2372, CompletionTokens: 599, Cost: $0.00048
2026-03-03 17:07:41,052 - Knowledge - INFO - Fast-tracked /app/data/T0015/327978/b5857iz/shopizer-327978/sm-core/src/main/java/com/salesmanager/core/business/reference/country/model/CountryDescription.java (ext=.java, size=1079)
2026-03-03 17:07:41,322 - Knowledge - INFO - Fast-tracked /app/data/T0015/327978/b5857iz/shopizer-327978/sm-core/src/main/java/com/salesmanager/core/business/catalog/product/model/type/ProductType.java (small file (2213 bytes))
2026-03-03 17:07:41,699 - Knowledge - INFO - Worker kw7 processing /app/data/T0015/327978/b5857iz/shopizer-327978/sm-core/src/main/java/com/salesmanager/core/business/reference/language/service/LanguageService.java
2026-03-03 17:07:41,883 - Knowledge - INFO - done ingest for /app/data/T0015/327978/b5857iz/shopizer-327978/sm-core/src/main/java/com/salesmanager/core/business/tax/model/taxclass/TaxClass.java
2026-03-03 17:07:42,512 - Knowledge - INFO - [LLM_CALL] Completed: SystemNotification.java:chunk1, Duration: 102520ms, PromptTokens: 2322, CompletionTokens: 846, Cost: $0.00057
2026-03-03 17:07:42,587 - Knowledge - INFO - Worker kw12 processing /app/data/T0015/327978/b5857iz/shopizer-327978/sm-core/src/main/java/com/salesmanager/core/business/reference/country/model/Country.java
2026-03-03 17:07:42,831 - Knowledge - INFO - Fast-tracked /app/data/T0015/327978/b5857iz/shopizer-327978/sm-core/src/main/java/com/salesmanager/core/business/catalog/product/model/price/FinalPrice.java (small file (2333 bytes))
2026-03-03 17:07:43,005 - Knowledge - INFO - Fast-tracked /app/data/T0015/327978/b5857iz/shopizer-327978/sm-core/src/main/java/com/salesmanager/core/business/reference/language/service/LanguageService.java (ext=.java, size=717)
2026-03-03 17:07:43,265 - Knowledge - INFO - done ingest for /app/data/T0015/327978/b5857iz/shopizer-327978/sm-core/src/main/java/com/salesmanager/core/business/system/model/SystemNotification.java
2026-03-03 17:07:43,307 - Knowledge - INFO - [LLM_CALL] Completed: CustomerOptionDaoImpl.java:chunk1, Duration: 63842ms, PromptTokens: 2126, CompletionTokens: 472, Cost: $0.00040
2026-03-03 17:07:43,632 - Knowledge - INFO - Worker kw12 processing /app/data/T0015/327978/b5857iz/shopizer-327978/sm-core/src/main/java/com/salesmanager/core/business/reference/init/service/InitializationDatabase.java
2026-03-03 17:07:44,205 - Knowledge - INFO - Worker kw7 processing /app/data/T0015/327978/b5857iz/shopizer-327978/sm-core/src/main/java/com/salesmanager/core/business/reference/language/service/LanguageServiceImpl.java
2026-03-03 17:07:44,706 - Knowledge - INFO - done ingest for /app/data/T0015/327978/b5857iz/shopizer-327978/sm-core/src/main/java/com/salesmanager/core/business/customer/dao/attribute/CustomerOptionDaoImpl.java
2026-03-03 17:07:45,041 - Knowledge - INFO - Fast-tracked /app/data/T0015/327978/b5857iz/shopizer-327978/sm-core/src/main/java/com/salesmanager/core/business/reference/init/service/InitializationDatabase.java (ext=.java, size=261)
2026-03-03 17:07:45,137 - Knowledge - INFO - Worker kw7 processing /app/data/T0015/327978/b5857iz/shopizer-327978/sm-core/src/main/java/com/salesmanager/core/business/reference/language/model/Language.java
2026-03-03 17:07:45,169 - Knowledge - INFO - [LLM_CALL] Completed: ProductOptionValueServiceImpl.java:chunk1, Duration: 31727ms, PromptTokens: 2124, CompletionTokens: 676, Cost: $0.00048
2026-03-03 17:07:45,805 - Knowledge - INFO - Worker kw12 processing /app/data/T0015/327978/b5857iz/shopizer-327978/sm-core/src/main/java/com/salesmanager/core/business/reference/init/service/InitializationDatabaseImpl.java
2026-03-03 17:07:46,192 - Knowledge - INFO - Worker kw7 processing /app/data/T0015/327978/b5857iz/shopizer-327978/sm-core/src/main/java/com/salesmanager/core/business/reference/country/dao/CountryDao.java
2026-03-03 17:07:46,559 - Knowledge - INFO - done ingest for /app/data/T0015/327978/b5857iz/shopizer-327978/sm-core/src/main/java/com/salesmanager/core/business/catalog/product/service/attribute/ProductOptionValueServiceImpl.java
2026-03-03 17:07:47,019 - Knowledge - INFO - Worker kw12 processing /app/data/T0015/327978/b5857iz/shopizer-327978/sm-core/src/main/java/com/salesmanager/core/business/reference/zone/dao/ZoneDao.java
2026-03-03 17:07:47,307 - Knowledge - INFO - Fast-tracked /app/data/T0015/327978/b5857iz/shopizer-327978/sm-core/src/main/java/com/salesmanager/core/business/reference/country/dao/CountryDao.java (ext=.java, size=442)
2026-03-03 17:07:47,591 - Knowledge - INFO - [kw11] Queue=835, InProgress=0, PendingWorkers=20/20, Completed=192/1167 (16.5%)
2026-03-03 17:07:47,612 - Knowledge - INFO - Processing batch of 8 files
2026-03-03 17:07:47,612 - Knowledge - INFO - Fast-tracked /app/data/T0015/327978/b5857iz/shopizer-327978/sm-core/src/main/java/com/salesmanager/core/business/reference/zone/dao/ZoneDao.java (ext=.java, size=562)
2026-03-03 17:07:47,944 - Knowledge - INFO - [LLM_CALL] Completed: ContentDaoImpl.java:chunk1, Duration: 67188ms, PromptTokens: 4488, CompletionTokens: 657, Cost: $0.00071
2026-03-03 17:07:48,018 - Knowledge - INFO - Worker kw7 processing /app/data/T0015/327978/b5857iz/shopizer-327978/sm-core/src/main/java/com/salesmanager/core/business/reference/country/dao/CountryDaoImpl.java
2026-03-03 17:07:48,276 - Knowledge - INFO - Batch sizing: calculated=8, max_allowed=10, queue=835, active_workers=20/20
2026-03-03 17:07:48,495 - Knowledge - INFO - process ingested knowledge for /app/data/T0015/327978/b5857iz/shopizer-327978/sm-core/src/main/java/com/salesmanager/core/business/catalog/product/service/attribute/ProductOptionValueServiceImpl.java
2026-03-03 17:07:48,733 - Knowledge - INFO - Worker kw12 processing /app/data/T0015/327978/b5857iz/shopizer-327978/sm-core/src/main/java/com/salesmanager/core/business/reference/zone/dao/ZoneDaoImpl.java
2026-03-03 17:07:48,934 - Knowledge - INFO - done ingest for /app/data/T0015/327978/b5857iz/shopizer-327978/sm-core/src/main/java/com/salesmanager/core/business/content/dao/ContentDaoImpl.java
2026-03-03 17:07:48,949 - Knowledge - INFO - [LLM_CALL] Completed: PricingServiceImpl.java:chunk1, Duration: 32482ms, PromptTokens: 2108, CompletionTokens: 657, Cost: $0.00047
2026-03-03 17:07:49,354 - Knowledge - INFO - Fast-tracked /app/data/T0015/327978/b5857iz/shopizer-327978/sm-core/src/main/java/com/salesmanager/core/business/reference/country/dao/CountryDaoImpl.java (ext=.java, size=1235)
2026-03-03 17:07:49,663 - Knowledge - INFO - Async storage completed for 10 embeddings
2026-03-03 17:07:50,387 - Knowledge - INFO - Fast-tracked /app/data/T0015/327978/b5857iz/shopizer-327978/sm-core/src/main/java/com/salesmanager/core/business/catalog/product/model/manufacturer/Manufacturer.java (small file (3031 bytes))
2026-03-03 17:07:50,392 - Knowledge - INFO - Fast-tracked /app/data/T0015/327978/b5857iz/shopizer-327978/sm-core/src/main/java/com/salesmanager/core/business/reference/zone/dao/ZoneDaoImpl.java (ext=.java, size=1770)
2026-03-03 17:07:51,018 - Knowledge - INFO - done ingest for /app/data/T0015/327978/b5857iz/shopizer-327978/sm-core/src/main/java/com/salesmanager/core/business/catalog/product/service/PricingServiceImpl.java
2026-03-03 17:07:51,027 - Knowledge - INFO - [LLM_CALL] Completed: MerchantConfig.java:chunk1, Duration: 120551ms, PromptTokens: 2240, CompletionTokens: 613, Cost: $0.00047
2026-03-03 17:07:51,448 - Knowledge - INFO - Async storage completed for 10 embeddings
2026-03-03 17:07:51,541 - Knowledge - INFO - process ingested knowledge for /app/data/T0015/327978/b5857iz/shopizer-327978/sm-core/src/main/java/com/salesmanager/core/business/catalog/product/service/attribute/ProductAttributeService.java
2026-03-03 17:07:52,108 - Knowledge - INFO - done ingest for /app/data/T0015/327978/b5857iz/shopizer-327978/sm-core/src/main/java/com/salesmanager/core/business/system/model/MerchantConfig.java
2026-03-03 17:07:52,161 - Knowledge - INFO - [LLM_CALL] Completed: ContentServiceImpl.java:chunk1, Duration: 70868ms, PromptTokens: 6404, CompletionTokens: 1144, Cost: $0.00110
2026-03-03 17:07:53,945 - Knowledge - INFO - done ingest for /app/data/T0015/327978/b5857iz/shopizer-327978/sm-core/src/main/java/com/salesmanager/core/business/content/service/ContentServiceImpl.java
2026-03-03 17:07:53,954 - Knowledge - INFO - [LLM_CALL] Completed: CustomerAttributeDaoImpl.java:chunk1, Duration: 98185ms, PromptTokens: 3186, CompletionTokens: 585, Cost: $0.00055
2026-03-03 17:07:53,980 - Knowledge - INFO - process ingested knowledge for /app/data/T0015/327978/b5857iz/shopizer-327978/sm-core/src/main/java/com/salesmanager/core/business/catalog/product/service/attribute/ProductOptionServiceImpl.java
2026-03-03 17:07:54,651 - Knowledge - INFO - done ingest for /app/data/T0015/327978/b5857iz/shopizer-327978/sm-core/src/main/java/com/salesmanager/core/business/customer/dao/attribute/CustomerAttributeDaoImpl.java
2026-03-03 17:07:54,676 - Knowledge - INFO - Async storing batch of 8 embeddings
2026-03-03 17:07:54,753 - Knowledge - INFO - [LLM_CALL] Completed: ProductRelationshipDaoImpl.java:chunk1, Duration: 48029ms, PromptTokens: 4652, CompletionTokens: 486, Cost: $0.00066
2026-03-03 17:07:54,930 - Knowledge - INFO - process ingested knowledge for /app/data/T0015/327978/b5857iz/shopizer-327978/sm-core/src/main/java/com/salesmanager/core/business/catalog/product/service/attribute/ProductOptionService.java
2026-03-03 17:07:55,244 - Knowledge - WARNING - Timeout processing /app/data/T0015/327978/b5857iz/shopizer-327978/sm-core/src/main/java/com/salesmanager/core/business/shoppingcart/model/ShoppingCartAttributeItem.java after 90s - using fallback metadata
2026-03-03 17:07:55,442 - Knowledge - INFO - Worker kw11 processing /app/data/T0015/327978/b5857iz/shopizer-327978/sm-core/src/main/java/com/salesmanager/core/business/reference/zone/imports/ZoneTransient.java
2026-03-03 17:07:55,724 - Knowledge - INFO - done ingest for /app/data/T0015/327978/b5857iz/shopizer-327978/sm-core/src/main/java/com/salesmanager/core/business/catalog/product/dao/relationship/ProductRelationshipDaoImpl.java
2026-03-03 17:07:55,813 - Knowledge - INFO - Processing batch of 8 files
2026-03-03 17:07:56,060 - Knowledge - INFO - process ingested knowledge for /app/data/T0015/327978/b5857iz/shopizer-327978/sm-core/src/main/java/com/salesmanager/core/business/catalog/product/service/ProductService.java
2026-03-03 17:07:56,060 - Knowledge - INFO - Processing batch of 8 files
2026-03-03 17:07:56,233 - Knowledge - INFO - [WEBSOCKET] Sent: Type=progress_update, Size: 295, Duration: 0ms
2026-03-03 17:07:56,578 - Knowledge - WARNING - Timeout processing /app/data/T0015/327978/b5857iz/shopizer-327978/sm-core/src/main/java/com/salesmanager/core/business/customer/dao/CustomerDAOImpl.java after 90s - using fallback metadata
2026-03-03 17:07:56,811 - Knowledge - INFO - Fast-tracked /app/data/T0015/327978/b5857iz/shopizer-327978/sm-core/src/main/java/com/salesmanager/core/business/reference/zone/imports/ZoneTransient.java (ext=.java, size=611)
2026-03-03 17:07:56,965 - Knowledge - INFO - process ingested knowledge for /app/data/T0015/327978/b5857iz/shopizer-327978/sm-core/src/main/java/com/salesmanager/core/business/catalog/product/service/price/ProductPriceService.java
2026-03-03 17:07:57,243 - Knowledge - INFO - process ingested knowledge for /app/data/T0015/327978/b5857iz/shopizer-327978/sm-core/src/main/java/com/salesmanager/core/business/catalog/product/service/review/ProductReviewService.java
2026-03-03 17:07:57,503 - Knowledge - INFO - process ingested knowledge for /app/data/T0015/327978/b5857iz/shopizer-327978/sm-core/src/main/java/com/salesmanager/core/business/content/dao/ContentDao.java
2026-03-03 17:07:57,808 - Knowledge - INFO - [WEBSOCKET] Sent: Type=unknown, Size: ?, Duration: 1575ms
2026-03-03 17:07:58,240 - Knowledge - INFO - Worker kw11 processing /app/data/T0015/327978/b5857iz/shopizer-327978/sm-core/src/main/java/com/salesmanager/core/business/reference/zone/imports/ZoneLoader.java
2026-03-03 17:07:58,390 - Knowledge - INFO - process ingested knowledge for /app/data/T0015/327978/b5857iz/shopizer-327978/sm-core/src/main/java/com/salesmanager/core/business/catalog/product/service/price/ProductPriceServiceImpl.java
2026-03-03 17:07:58,640 - Knowledge - INFO - Fast-tracked /app/data/T0015/327978/b5857iz/shopizer-327978/sm-core/src/main/java/com/salesmanager/core/business/reference/language/service/LanguageServiceImpl.java (small file (2473 bytes))
2026-03-03 17:07:58,766 - Knowledge - INFO - process ingested knowledge for /app/data/T0015/327978/b5857iz/shopizer-327978/sm-core/src/main/java/com/salesmanager/core/business/catalog/product/service/review/ProductReviewServiceImpl.java
2026-03-03 17:07:58,836 - Knowledge - INFO - process ingested knowledge for /app/data/T0015/327978/b5857iz/shopizer-327978/sm-core/src/main/java/com/salesmanager/core/business/content/service/ContentService.java
2026-03-03 17:07:58,984 - Knowledge - INFO - Progress: 18.5% | Files: 226/1167 | Rate: 1.14 files/sec | Queue: 827
2026-03-03 17:07:58,995 - Knowledge - INFO - [LLM_CALL] Completed: TaxRate.java:chunk1, Duration: 99181ms, PromptTokens: 3684, CompletionTokens: 1409, Cost: $0.00093
2026-03-03 17:07:59,232 - Knowledge - INFO - Fast-tracked /app/data/T0015/327978/b5857iz/shopizer-327978/sm-core/src/main/java/com/salesmanager/core/business/reference/zone/imports/ZoneLoader.java (ext=.java, size=987)
2026-03-03 17:07:59,349 - Knowledge - INFO - process ingested knowledge for /app/data/T0015/327978/b5857iz/shopizer-327978/sm-core/src/main/java/com/salesmanager/core/business/catalog/product/service/availability/ProductAvailabilityService.java
2026-03-03 17:07:59,612 - Knowledge - INFO - Fast-tracked /app/data/T0015/327978/b5857iz/shopizer-327978/sm-core/src/main/java/com/salesmanager/core/business/reference/language/model/Language.java (small file (2954 bytes))
2026-03-03 17:07:59,671 - Knowledge - INFO - Fast-tracked /app/data/T0015/327978/b5857iz/shopizer-327978/sm-core/src/main/java/com/salesmanager/core/business/reference/country/model/Country.java (small file (3056 bytes))
2026-03-03 17:07:59,742 - Knowledge - INFO - process ingested knowledge for /app/data/T0015/327978/b5857iz/shopizer-327978/sm-core/src/main/java/com/salesmanager/core/business/catalog/product/service/relationship/ProductRelationshipService.java
2026-03-03 17:07:59,937 - Knowledge - INFO - process ingested knowledge for /app/data/T0015/327978/b5857iz/shopizer-327978/sm-core/src/main/java/com/salesmanager/core/business/content/service/ContentServiceImpl.java
2026-03-03 17:07:59,996 - Knowledge - INFO - [kw1] Queue=827, InProgress=0, PendingWorkers=20/20, Completed=226/1167 (19.4%)
2026-03-03 17:08:00,124 - Knowledge - INFO - done ingest for /app/data/T0015/327978/b5857iz/shopizer-327978/sm-core/src/main/java/com/salesmanager/core/business/tax/model/taxrate/TaxRate.java
2026-03-03 17:08:00,136 - Knowledge - INFO - [LLM_CALL] Completed: MerchantConfiguration.java:chunk1, Duration: 88552ms, PromptTokens: 2184, CompletionTokens: 602, Cost: $0.00046
2026-03-03 17:08:00,370 - Knowledge - INFO - Worker kw11 processing /app/data/T0015/327978/b5857iz/shopizer-327978/sm-core/src/main/java/com/salesmanager/core/business/reference/zone/service/ZoneService.java
2026-03-03 17:08:00,653 - Knowledge - INFO - process ingested knowledge for /app/data/T0015/327978/b5857iz/shopizer-327978/sm-core/src/main/java/com/salesmanager/core/business/catalog/product/service/availability/ProductAvailabilityServiceImpl.java
2026-03-03 17:08:00,875 - Knowledge - INFO - Async storage completed for 10 embeddings
2026-03-03 17:08:01,900 - Knowledge - INFO - Batch sizing: calculated=8, max_allowed=10, queue=827, active_workers=20/20
2026-03-03 17:08:02,235 - Knowledge - INFO - done ingest for /app/data/T0015/327978/b5857iz/shopizer-327978/sm-core/src/main/java/com/salesmanager/core/business/system/model/MerchantConfiguration.java
2026-03-03 17:08:02,393 - Knowledge - INFO - Processing batch of 10 files
2026-03-03 17:08:02,393 - Knowledge - INFO - process ingested knowledge for /app/data/T0015/327978/b5857iz/shopizer-327978/sm-core/src/main/java/com/salesmanager/core/business/content/model/ContentPosition.java
2026-03-03 17:08:02,450 - Knowledge - INFO - Processing batch of 8 files
2026-03-03 17:08:02,454 - Knowledge - INFO - [kw14] Queue=827, InProgress=0, PendingWorkers=20/20, Completed=234/1167 (20.1%)
2026-03-03 17:08:02,534 - Knowledge - INFO - [LLM_CALL] Completed: DigitalProductServiceImpl.java:chunk1, Duration: 63558ms, PromptTokens: 2320, CompletionTokens: 661, Cost: $0.00050
2026-03-03 17:08:02,629 - Knowledge - INFO - Fast-tracked /app/data/T0015/327978/b5857iz/shopizer-327978/sm-core/src/main/java/com/salesmanager/core/business/reference/zone/service/ZoneService.java (ext=.java, size=910)
2026-03-03 17:08:03,455 - Knowledge - INFO - process ingested knowledge for /app/data/T0015/327978/b5857iz/shopizer-327978/sm-core/src/main/java/com/salesmanager/core/business/catalog/product/service/PricingServiceImpl.java
2026-03-03 17:08:03,797 - Knowledge - INFO - process ingested knowledge for /app/data/T0015/327978/b5857iz/shopizer-327978/sm-core/src/main/java/com/salesmanager/core/business/shoppingcart/service/ShoppingCartService.java
2026-03-03 17:08:03,995 - Knowledge - INFO - process ingested knowledge for /app/data/T0015/327978/b5857iz/shopizer-327978/sm-core/src/main/java/com/salesmanager/core/business/tax/service/TaxService.java
2026-03-03 17:08:04,165 - Knowledge - INFO - Batch sizing: calculated=8, max_allowed=10, queue=827, active_workers=20/20
2026-03-03 17:08:04,193 - Knowledge - INFO - process ingested knowledge for /app/data/T0015/327978/b5857iz/shopizer-327978/sm-core/src/main/java/com/salesmanager/core/business/content/model/OutputContentFile.java
2026-03-03 17:08:04,267 - Knowledge - INFO - Async storage completed for 10 embeddings
2026-03-03 17:08:04,391 - Knowledge - INFO - done ingest for /app/data/T0015/327978/b5857iz/shopizer-327978/sm-core/src/main/java/com/salesmanager/core/business/catalog/product/service/file/DigitalProductServiceImpl.java
2026-03-03 17:08:04,408 - Knowledge - INFO - [LLM_CALL] Completed: ProductOptionValueDaoImpl.java:chunk1, Duration: 82977ms, PromptTokens: 2776, CompletionTokens: 519, Cost: $0.00049
2026-03-03 17:08:04,550 - Knowledge - INFO - Worker kw11 processing /app/data/T0015/327978/b5857iz/shopizer-327978/sm-core/src/main/java/com/salesmanager/core/business/reference/zone/service/ZoneServiceImpl.java
2026-03-03 17:08:04,811 - Knowledge - INFO - process ingested knowledge for /app/data/T0015/327978/b5857iz/shopizer-327978/sm-core/src/main/java/com/salesmanager/core/business/catalog/product/model/file/ProductImageSize.java
2026-03-03 17:08:04,941 - Knowledge - INFO - process ingested knowledge for /app/data/T0015/327978/b5857iz/shopizer-327978/sm-core/src/main/java/com/salesmanager/core/business/shoppingcart/model/ShoppingCart.java
2026-03-03 17:08:05,934 - Knowledge - INFO - process ingested knowledge for /app/data/T0015/327978/b5857iz/shopizer-327978/sm-core/src/main/java/com/salesmanager/core/business/tax/model/TaxItem.java
2026-03-03 17:08:05,956 - Knowledge - INFO - process ingested knowledge for /app/data/T0015/327978/b5857iz/shopizer-327978/sm-core/src/main/java/com/salesmanager/core/business/content/model/ImageContentFile.java
2026-03-03 17:08:06,170 - Knowledge - INFO - done ingest for /app/data/T0015/327978/b5857iz/shopizer-327978/sm-core/src/main/java/com/salesmanager/core/business/catalog/product/dao/attribute/ProductOptionValueDaoImpl.java
2026-03-03 17:08:06,204 - Knowledge - INFO - [LLM_CALL] Completed: ProductRelationshipServiceImpl.java:chunk1, Duration: 52402ms, PromptTokens: 2614, CompletionTokens: 691, Cost: $0.00054
2026-03-03 17:08:06,380 - Knowledge - INFO - Worker kw11 processing /app/data/T0015/327978/b5857iz/shopizer-327978/sm-core/src/main/java/com/salesmanager/core/business/reference/zone/model/ZoneDescription.java
2026-03-03 17:08:06,751 - Knowledge - INFO - process ingested knowledge for /app/data/T0015/327978/b5857iz/shopizer-327978/sm-core/src/main/java/com/salesmanager/core/business/catalog/product/model/file/DigitalProduct.java
2026-03-03 17:08:06,758 - Knowledge - INFO - process ingested knowledge for /app/data/T0015/327978/b5857iz/shopizer-327978/sm-core/src/main/java/com/salesmanager/core/business/shoppingcart/model/ShoppingCartItem.java
2026-03-03 17:08:06,819 - Knowledge - INFO - process ingested knowledge for /app/data/T0015/327978/b5857iz/shopizer-327978/sm-core/src/main/java/com/salesmanager/core/business/tax/model/TaxBasisCalculation.java
2026-03-03 17:08:06,994 - Knowledge - INFO - process ingested knowledge for /app/data/T0015/327978/b5857iz/shopizer-327978/sm-core/src/main/java/com/salesmanager/core/business/content/model/ContentType.java
2026-03-03 17:08:07,454 - Knowledge - INFO - done ingest for /app/data/T0015/327978/b5857iz/shopizer-327978/sm-core/src/main/java/com/salesmanager/core/business/catalog/product/service/relationship/ProductRelationshipServiceImpl.java
2026-03-03 17:08:07,535 - Knowledge - INFO - Async storing batch of 8 embeddings
2026-03-03 17:08:07,620 - Knowledge - INFO - [LLM_CALL] Completed: CategoryService.java:chunk1, Duration: 97800ms, PromptTokens: 2184, CompletionTokens: 1352, Cost: $0.00076
2026-03-03 17:08:07,715 - Knowledge - INFO - Fast-tracked /app/data/T0015/327978/b5857iz/shopizer-327978/sm-core/src/main/java/com/salesmanager/core/business/reference/zone/model/ZoneDescription.java (ext=.java, size=1017)
2026-03-03 17:08:07,906 - Knowledge - INFO - process ingested knowledge for /app/data/T0015/327978/b5857iz/shopizer-327978/sm-core/src/main/java/com/salesmanager/core/business/catalog/product/model/description/ProductDescription.java
2026-03-03 17:08:08,814 - Knowledge - INFO - process ingested knowledge for /app/data/T0015/327978/b5857iz/shopizer-327978/sm-core/src/main/java/com/salesmanager/core/business/shoppingcart/model/ShoppingCartAttributeItem.java
2026-03-03 17:08:08,832 - Knowledge - INFO - process ingested knowledge for /app/data/T0015/327978/b5857iz/shopizer-327978/sm-core/src/main/java/com/salesmanager/core/business/tax/model/taxrate/TaxRate.java
2026-03-03 17:08:08,848 - Knowledge - INFO - process ingested knowledge for /app/data/T0015/327978/b5857iz/shopizer-327978/sm-core/src/main/java/com/salesmanager/core/business/content/model/FileContentType.java
2026-03-03 17:08:08,971 - Knowledge - INFO - Worker kw1 processing /app/data/T0015/327978/b5857iz/shopizer-327978/sm-core/src/main/java/com/salesmanager/core/business/reference/currency/service/CurrencyService.java
2026-03-03 17:08:09,174 - Knowledge - INFO - done ingest for /app/data/T0015/327978/b5857iz/shopizer-327978/sm-core/src/main/java/com/salesmanager/core/business/catalog/category/service/CategoryService.java
2026-03-03 17:08:09,205 - Knowledge - INFO - [LLM_CALL] Completed: ShoppingCartServiceImpl.java:chunk1, Duration: 109116ms, PromptTokens: 8044, CompletionTokens: 1497, Cost: $0.00140
2026-03-03 17:08:09,497 - Knowledge - INFO - Worker kw11 processing /app/data/T0015/327978/b5857iz/shopizer-327978/sm-core/src/main/java/com/salesmanager/core/business/reference/zone/model/Zone.java
2026-03-03 17:08:10,346 - Knowledge - INFO - process ingested knowledge for /app/data/T0015/327978/b5857iz/shopizer-327978/sm-core/src/main/java/com/salesmanager/core/business/customer/dao/CustomerDAOImpl.java
2026-03-03 17:08:10,379 - Knowledge - INFO - process ingested knowledge for /app/data/T0015/327978/b5857iz/shopizer-327978/sm-core/src/main/java/com/salesmanager/core/business/tax/model/taxrate/TaxRateDescription.java
2026-03-03 17:08:10,594 - Knowledge - INFO - Fast-tracked /app/data/T0015/327978/b5857iz/shopizer-327978/sm-core/src/main/java/com/salesmanager/core/business/reference/currency/service/CurrencyService.java (ext=.java, size=346)
2026-03-03 17:08:10,831 - Knowledge - INFO - done ingest for /app/data/T0015/327978/b5857iz/shopizer-327978/sm-core/src/main/java/com/salesmanager/core/business/shoppingcart/service/ShoppingCartServiceImpl.java
2026-03-03 17:08:10,939 - Knowledge - INFO - [LLM_CALL] Completed: CategoryDaoImpl.java:chunk1, Duration: 91508ms, PromptTokens: 6822, CompletionTokens: 861, Cost: $0.00103
2026-03-03 17:08:11,030 - Knowledge - INFO - Worker kw11 processing /app/data/T0015/327978/b5857iz/shopizer-327978/sm-core/src/main/java/com/salesmanager/core/business/reference/currency/dao/CurrencyDaoImpl.java
2026-03-03 17:08:11,534 - Knowledge - INFO - Worker kw1 processing /app/data/T0015/327978/b5857iz/shopizer-327978/sm-core/src/main/java/com/salesmanager/core/business/reference/currency/service/CurrencyServiceImpl.java
2026-03-03 17:08:11,937 - Knowledge - WARNING - Timeout processing /app/data/T0015/327978/b5857iz/shopizer-327978/sm-core/src/main/java/com/salesmanager/core/business/merchant/model/MerchantStore.java after 90s - using fallback metadata
2026-03-03 17:08:12,068 - Knowledge - INFO - done ingest for /app/data/T0015/327978/b5857iz/shopizer-327978/sm-core/src/main/java/com/salesmanager/core/business/catalog/category/dao/CategoryDaoImpl.java
2026-03-03 17:08:12,134 - Knowledge - INFO - Async storing batch of 10 embeddings
2026-03-03 17:08:12,216 - Knowledge - INFO - [LLM_CALL] Completed: ProductReviewDaoImpl.java:chunk1, Duration: 71001ms, PromptTokens: 3726, CompletionTokens: 594, Cost: $0.00061
2026-03-03 17:08:12,290 - Knowledge - INFO - Fast-tracked /app/data/T0015/327978/b5857iz/shopizer-327978/sm-core/src/main/java/com/salesmanager/core/business/reference/currency/dao/CurrencyDaoImpl.java (ext=.java, size=881)
2026-03-03 17:08:12,510 - Knowledge - INFO - Fast-tracked /app/data/T0015/327978/b5857iz/shopizer-327978/sm-core/src/main/java/com/salesmanager/core/business/reference/currency/service/CurrencyServiceImpl.java (ext=.java, size=829)
2026-03-03 17:08:12,510 - Knowledge - INFO - process ingested knowledge for /app/data/T0015/327978/b5857iz/shopizer-327978/sm-core/src/main/java/com/salesmanager/core/business/customer/dao/attribute/CustomerOptionValueDao.java
2026-03-03 17:08:12,556 - Knowledge - INFO - process ingested knowledge for /app/data/T0015/327978/b5857iz/shopizer-327978/sm-core/src/main/java/com/salesmanager/core/business/tax/model/TaxConfiguration.java
2026-03-03 17:08:13,723 - Knowledge - INFO - Worker kw14 processing /app/data/T0015/327978/b5857iz/shopizer-327978/sm-core/src/main/java/com/salesmanager/core/business/user/dao/UserDao.java
2026-03-03 17:08:13,769 - Knowledge - INFO - [kw20] Queue=811, InProgress=0, PendingWorkers=20/20, Completed=234/1167 (20.1%)
2026-03-03 17:08:13,940 - Knowledge - INFO - done ingest for /app/data/T0015/327978/b5857iz/shopizer-327978/sm-core/src/main/java/com/salesmanager/core/business/catalog/product/dao/review/ProductReviewDaoImpl.java
2026-03-03 17:08:13,981 - Knowledge - INFO - [LLM_CALL] Completed: IntegrationModule.java:chunk1, Duration: 112012ms, PromptTokens: 2720, CompletionTokens: 918, Cost: $0.00064
2026-03-03 17:08:14,148 - Knowledge - INFO - Worker kw11 processing /app/data/T0015/327978/b5857iz/shopizer-327978/sm-core/src/main/java/com/salesmanager/core/business/reference/currency/dao/CurrencyDao.java
2026-03-03 17:08:14,317 - Knowledge - INFO - Worker kw1 processing /app/data/T0015/327978/b5857iz/shopizer-327978/sm-core/src/main/java/com/salesmanager/core/business/reference/currency/model/Currency.java
2026-03-03 17:08:14,973 - Knowledge - INFO - Fast-tracked /app/data/T0015/327978/b5857iz/shopizer-327978/sm-core/src/main/java/com/salesmanager/core/business/user/dao/UserDao.java (ext=.java, size=479)
2026-03-03 17:08:15,064 - Knowledge - INFO - process ingested knowledge for /app/data/T0015/327978/b5857iz/shopizer-327978/sm-core/src/main/java/com/salesmanager/core/business/customer/dao/attribute/CustomerAttributeDaoImpl.java
2026-03-03 17:08:15,094 - Knowledge - INFO - process ingested knowledge for /app/data/T0015/327978/b5857iz/shopizer-327978/sm-core/src/main/java/com/salesmanager/core/business/tax/model/taxclass/TaxClass.java
2026-03-03 17:08:15,109 - Knowledge - INFO - Batch sizing: calculated=8, max_allowed=10, queue=811, active_workers=20/20
2026-03-03 17:08:15,579 - Knowledge - INFO - done ingest for /app/data/T0015/327978/b5857iz/shopizer-327978/sm-core/src/main/java/com/salesmanager/core/business/system/model/IntegrationModule.java
2026-03-03 17:08:15,585 - Knowledge - INFO - [LLM_CALL] Completed: CatalogServiceHelper.java:chunk1, Duration: 20870ms, PromptTokens: 2124, CompletionTokens: 409, Cost: $0.00038
2026-03-03 17:08:15,760 - Knowledge - INFO - Fast-tracked /app/data/T0015/327978/b5857iz/shopizer-327978/sm-core/src/main/java/com/salesmanager/core/business/reference/currency/dao/CurrencyDao.java (ext=.java, size=291)
2026-03-03 17:08:16,058 - Knowledge - INFO - Worker kw1 processing /app/data/T0015/327978/b5857iz/shopizer-327978/sm-core/src/main/java/com/salesmanager/core/business/reference/geozone/model/GeoZoneDescription.java
2026-03-03 17:08:16,119 - Knowledge - INFO - Worker kw14 processing /app/data/T0015/327978/b5857iz/shopizer-327978/sm-core/src/main/java/com/salesmanager/core/business/user/dao/GroupDaoImpl.java
2026-03-03 17:08:17,232 - Knowledge - INFO - process ingested knowledge for /app/data/T0015/327978/b5857iz/shopizer-327978/sm-core/src/main/java/com/salesmanager/core/business/customer/dao/attribute/CustomerAttributeDao.java
2026-03-03 17:08:17,281 - Knowledge - INFO - process ingested knowledge for /app/data/T0015/327978/b5857iz/shopizer-327978/sm-core/src/main/java/com/salesmanager/core/business/content/dao/ContentDaoImpl.java
2026-03-03 17:08:17,490 - Knowledge - INFO - done ingest for /app/data/T0015/327978/b5857iz/shopizer-327978/sm-core/src/main/java/com/salesmanager/core/business/catalog/common/CatalogServiceHelper.java
2026-03-03 17:08:17,496 - Knowledge - INFO - Async storing batch of 8 embeddings
2026-03-03 17:08:17,513 - Knowledge - INFO - [LLM_CALL] Completed: ProductAttributeDaoImpl.java:chunk1, Duration: 83396ms, PromptTokens: 2938, CompletionTokens: 571, Cost: $0.00052
2026-03-03 17:08:17,893 - Knowledge - INFO - Fast-tracked /app/data/T0015/327978/b5857iz/shopizer-327978/sm-core/src/main/java/com/salesmanager/core/business/reference/geozone/model/GeoZoneDescription.java (ext=.java, size=866)
2026-03-03 17:08:17,968 - Knowledge - INFO - Worker kw14 processing /app/data/T0015/327978/b5857iz/shopizer-327978/sm-core/src/main/java/com/salesmanager/core/business/user/dao/PermissionDaoImpl.java
2026-03-03 17:08:18,600 - Knowledge - INFO - Worker kw20 processing /app/data/T0015/327978/b5857iz/shopizer-327978/sm-core/src/main/java/com/salesmanager/core/business/user/service/GroupService.java
2026-03-03 17:08:18,727 - Knowledge - INFO - done ingest for /app/data/T0015/327978/b5857iz/shopizer-327978/sm-core/src/main/java/com/salesmanager/core/business/catalog/product/dao/attribute/ProductAttributeDaoImpl.java
2026-03-03 17:08:18,737 - Knowledge - INFO - [LLM_CALL] Completed: ProductImage.java:chunk1, Duration: 42516ms, PromptTokens: 2146, CompletionTokens: 628, Cost: $0.00047
2026-03-03 17:08:18,745 - Knowledge - INFO - process ingested knowledge for /app/data/T0015/327978/b5857iz/shopizer-327978/sm-core/src/main/java/com/salesmanager/core/business/customer/dao/attribute/CustomerOptionValueDaoImpl.java
2026-03-03 17:08:18,932 - Knowledge - INFO - Worker kw1 processing /app/data/T0015/327978/b5857iz/shopizer-327978/sm-core/src/main/java/com/salesmanager/core/business/reference/geozone/model/GeoZone.java
2026-03-03 17:08:19,104 - Knowledge - INFO - Worker kw14 processing /app/data/T0015/327978/b5857iz/shopizer-327978/sm-core/src/main/java/com/salesmanager/core/business/user/service/GroupServiceImpl.java
2026-03-03 17:08:19,280 - Knowledge - INFO - Fast-tracked /app/data/T0015/327978/b5857iz/shopizer-327978/sm-core/src/main/java/com/salesmanager/core/business/user/service/GroupService.java (ext=.java, size=616)
2026-03-03 17:08:19,769 - Knowledge - INFO - done ingest for /app/data/T0015/327978/b5857iz/shopizer-327978/sm-core/src/main/java/com/salesmanager/core/business/catalog/product/model/image/ProductImage.java
2026-03-03 17:08:19,777 - Knowledge - INFO - [LLM_CALL] Completed: ProductServiceImpl.java:chunk1, Duration: 76324ms, PromptTokens: 6140, CompletionTokens: 1289, Cost: $0.00113
2026-03-03 17:08:20,179 - Knowledge - INFO - Worker kw1 processing /app/data/T0015/327978/b5857iz/shopizer-327978/sm-core/src/main/java/com/salesmanager/core/business/user/dao/GroupDao.java
2026-03-03 17:08:20,372 - Knowledge - INFO - Fast-tracked /app/data/T0015/327978/b5857iz/shopizer-327978/sm-core/src/main/java/com/salesmanager/core/business/user/service/GroupServiceImpl.java (ext=.java, size=1275)
2026-03-03 17:08:20,464 - Knowledge - INFO - Worker kw20 processing /app/data/T0015/327978/b5857iz/shopizer-327978/sm-core/src/main/java/com/salesmanager/core/business/user/service/UserServiceLDAPImpl.java
2026-03-03 17:08:20,798 - Knowledge - INFO - done ingest for /app/data/T0015/327978/b5857iz/shopizer-327978/sm-core/src/main/java/com/salesmanager/core/business/catalog/product/service/ProductServiceImpl.java
2026-03-03 17:08:20,823 - Knowledge - INFO - Processing batch of 10 files
2026-03-03 17:08:20,862 - Knowledge - INFO - [LLM_CALL] Completed: Category.java:chunk1, Duration: 100031ms, PromptTokens: 3000, CompletionTokens: 1119, Cost: $0.00075
2026-03-03 17:08:20,962 - Knowledge - INFO - Fast-tracked /app/data/T0015/327978/b5857iz/shopizer-327978/sm-core/src/main/java/com/salesmanager/core/business/user/dao/GroupDao.java (ext=.java, size=533)
2026-03-03 17:08:20,965 - Knowledge - INFO - process ingested knowledge for /app/data/T0015/327978/b5857iz/shopizer-327978/sm-core/src/main/java/com/salesmanager/core/business/customer/dao/attribute/CustomerOptionDaoImpl.java
2026-03-03 17:08:21,066 - Knowledge - INFO - Worker kw14 processing /app/data/T0015/327978/b5857iz/shopizer-327978/sm-core/src/main/java/com/salesmanager/core/business/user/service/UserService.java
2026-03-03 17:08:21,260 - Knowledge - INFO - Worker kw20 processing /app/data/T0015/327978/b5857iz/shopizer-327978/sm-core/src/main/java/com/salesmanager/core/business/user/model/PermissionCriteria.java
2026-03-03 17:08:21,514 - Knowledge - INFO - process ingested knowledge for /app/data/T0015/327978/b5857iz/shopizer-327978/sm-core/src/main/java/com/salesmanager/core/business/merchant/service/MerchantStoreService.java
2026-03-03 17:08:21,647 - Knowledge - INFO - Fast-tracked /app/data/T0015/327978/b5857iz/shopizer-327978/sm-core/src/main/java/com/salesmanager/core/business/reference/zone/model/Zone.java (small file (2358 bytes))
2026-03-03 17:08:21,871 - Knowledge - INFO - done ingest for /app/data/T0015/327978/b5857iz/shopizer-327978/sm-core/src/main/java/com/salesmanager/core/business/catalog/category/model/Category.java
2026-03-03 17:08:22,080 - Knowledge - INFO - Worker kw1 processing /app/data/T0015/327978/b5857iz/shopizer-327978/sm-core/src/main/java/com/salesmanager/core/business/user/dao/UserDaoImpl.java
2026-03-03 17:08:22,797 - Knowledge - INFO - Fast-tracked /app/data/T0015/327978/b5857iz/shopizer-327978/sm-core/src/main/java/com/salesmanager/core/business/user/service/UserService.java (ext=.java, size=840)
2026-03-03 17:08:22,850 - Knowledge - INFO - [LLM_CALL] Completed: CategoryServiceImpl.java:chunk1, Duration: 91558ms, PromptTokens: 5746, CompletionTokens: 1150, Cost: $0.00103
2026-03-03 17:08:22,962 - Knowledge - INFO - Fast-tracked /app/data/T0015/327978/b5857iz/shopizer-327978/sm-core/src/main/java/com/salesmanager/core/business/user/model/PermissionCriteria.java (ext=.java, size=988)
2026-03-03 17:08:23,194 - Knowledge - INFO - Async storage completed for 8 embeddings
2026-03-03 17:08:23,666 - Knowledge - INFO - process ingested knowledge for /app/data/T0015/327978/b5857iz/shopizer-327978/sm-core/src/main/java/com/salesmanager/core/business/merchant/service/MerchantStoreServiceImpl.java
2026-03-03 17:08:23,672 - Knowledge - INFO - Worker kw1 processing /app/data/T0015/327978/b5857iz/shopizer-327978/sm-core/src/main/java/com/salesmanager/core/business/user/dao/PermissionDao.java
2026-03-03 17:08:23,791 - Knowledge - INFO - Worker kw14 processing /app/data/T0015/327978/b5857iz/shopizer-327978/sm-core/src/main/java/com/salesmanager/core/business/user/service/PermissionServiceImpl.java
2026-03-03 17:08:23,931 - Knowledge - INFO - done ingest for /app/data/T0015/327978/b5857iz/shopizer-327978/sm-core/src/main/java/com/salesmanager/core/business/catalog/category/service/CategoryServiceImpl.java
2026-03-03 17:08:23,948 - Knowledge - INFO - Processing batch of 8 files
2026-03-03 17:08:23,948 - Knowledge - INFO - [LLM_CALL] Completed: ProductDaoImpl.java:chunk1, Duration: 93060ms, PromptTokens: 15418, CompletionTokens: 725, Cost: $0.00183
2026-03-03 17:08:24,034 - Knowledge - INFO - Worker kw20 processing /app/data/T0015/327978/b5857iz/shopizer-327978/sm-core/src/main/java/com/salesmanager/core/business/user/model/Permission.java
2026-03-03 17:08:24,575 - Knowledge - INFO - Fast-tracked /app/data/T0015/327978/b5857iz/shopizer-327978/sm-core/src/main/java/com/salesmanager/core/business/user/dao/PermissionDao.java (ext=.java, size=686)
2026-03-03 17:08:24,715 - Knowledge - INFO - Worker kw14 processing /app/data/T0015/327978/b5857iz/shopizer-327978/sm-core/src/main/java/com/salesmanager/core/business/user/service/UserServiceImpl.java
2026-03-03 17:08:24,911 - Knowledge - INFO - process ingested knowledge for /app/data/T0015/327978/b5857iz/shopizer-327978/sm-core/src/main/java/com/salesmanager/core/business/system/model/MerchantConfig.java
2026-03-03 17:08:25,079 - Knowledge - INFO - done ingest for /app/data/T0015/327978/b5857iz/shopizer-327978/sm-core/src/main/java/com/salesmanager/core/business/catalog/product/dao/ProductDaoImpl.java
2026-03-03 17:08:25,131 - Knowledge - INFO - [LLM_CALL] Completed: ProductOption.java:chunk1, Duration: 67384ms, PromptTokens: 2552, CompletionTokens: 709, Cost: $0.00054
2026-03-03 17:08:25,131 - Knowledge - INFO - process ingested knowledge for /app/data/T0015/327978/b5857iz/shopizer-327978/sm-core/src/main/java/com/salesmanager/core/business/merchant/model/MerchantStore.java
2026-03-03 17:08:25,224 - Knowledge - INFO - Worker kw20 processing /app/data/T0015/327978/b5857iz/shopizer-327978/sm-core/src/main/java/com/salesmanager/core/business/user/model/PermissionList.java
2026-03-03 17:08:25,385 - Knowledge - INFO - Fast-tracked /app/data/T0015/327978/b5857iz/shopizer-327978/sm-core/src/main/java/com/salesmanager/core/business/reference/currency/model/Currency.java (small file (2165 bytes))
2026-03-03 17:08:25,474 - Knowledge - INFO - Fast-tracked /app/data/T0015/327978/b5857iz/shopizer-327978/sm-core/src/main/java/com/salesmanager/core/business/user/service/UserServiceImpl.java (ext=.java, size=1827)
2026-03-03 17:08:25,855 - Knowledge - INFO - done ingest for /app/data/T0015/327978/b5857iz/shopizer-327978/sm-core/src/main/java/com/salesmanager/core/business/catalog/product/model/attribute/ProductOption.java
2026-03-03 17:08:25,865 - Knowledge - INFO - [LLM_CALL] Completed: ProductReview.java:chunk1, Duration: 51294ms, PromptTokens: 2440, CompletionTokens: 801, Cost: $0.00056
2026-03-03 17:08:25,895 - Knowledge - INFO - process ingested knowledge for /app/data/T0015/327978/b5857iz/shopizer-327978/sm-core/src/main/java/com/salesmanager/core/business/system/model/MerchantLog.java
2026-03-03 17:08:26,137 - Knowledge - INFO - Fast-tracked /app/data/T0015/327978/b5857iz/shopizer-327978/sm-core/src/main/java/com/salesmanager/core/business/user/model/PermissionList.java (ext=.java, size=656)
2026-03-03 17:08:26,211 - Knowledge - INFO - process ingested knowledge for /app/data/T0015/327978/b5857iz/shopizer-327978/sm-core/src/main/java/com/salesmanager/core/business/shoppingcart/dao/ShoppingCartDaoImpl.java
2026-03-03 17:08:26,282 - Knowledge - INFO - Fast-tracked /app/data/T0015/327978/b5857iz/shopizer-327978/sm-core/src/main/java/com/salesmanager/core/business/reference/geozone/model/GeoZone.java (small file (2181 bytes))
2026-03-03 17:08:26,361 - Knowledge - INFO - Worker kw14 processing /app/data/T0015/327978/b5857iz/shopizer-327978/sm-core/src/main/java/com/salesmanager/core/business/user/service/PermissionService.java
2026-03-03 17:08:26,591 - Knowledge - INFO - done ingest for /app/data/T0015/327978/b5857iz/shopizer-327978/sm-core/src/main/java/com/salesmanager/core/business/catalog/product/model/review/ProductReview.java
2026-03-03 17:08:26,611 - Knowledge - INFO - Processing batch of 8 files
2026-03-03 17:08:26,617 - Knowledge - INFO - Processing batch of 8 files
2026-03-03 17:08:26,618 - Knowledge - INFO - [LLM_CALL] Completed: ProductPrice.java:chunk1, Duration: 46198ms, PromptTokens: 2852, CompletionTokens: 790, Cost: $0.00060
2026-03-03 17:08:26,884 - Knowledge - INFO - Worker kw20 processing /app/data/T0015/327978/b5857iz/shopizer-327978/sm-core/src/main/java/com/salesmanager/core/business/user/model/Group.java
2026-03-03 17:08:27,255 - Knowledge - INFO - Fast-tracked /app/data/T0015/327978/b5857iz/shopizer-327978/sm-core/src/main/java/com/salesmanager/core/business/user/dao/UserDaoImpl.java (small file (2269 bytes))
2026-03-03 17:08:27,256 - Knowledge - INFO - process ingested knowledge for /app/data/T0015/327978/b5857iz/shopizer-327978/sm-core/src/main/java/com/salesmanager/core/business/system/model/SystemNotification.java
2026-03-03 17:08:27,367 - Knowledge - INFO - Fast-tracked /app/data/T0015/327978/b5857iz/shopizer-327978/sm-core/src/main/java/com/salesmanager/core/business/user/service/PermissionService.java (ext=.java, size=1195)
2026-03-03 17:08:27,583 - Knowledge - INFO - process ingested knowledge for /app/data/T0015/327978/b5857iz/shopizer-327978/sm-core/src/main/java/com/salesmanager/core/business/shoppingcart/dao/ShoppingCartDao.java
2026-03-03 17:08:27,685 - Knowledge - INFO - process ingested knowledge for /app/data/T0015/327978/b5857iz/shopizer-327978/sm-core/src/main/java/com/salesmanager/core/business/catalog/product/dao/attribute/ProductOptionValueDaoImpl.java
2026-03-03 17:08:27,834 - Knowledge - INFO - process ingested knowledge for /app/data/T0015/327978/b5857iz/shopizer-327978/sm-core/src/main/java/com/salesmanager/core/business/catalog/common/CatalogServiceHelper.java
2026-03-03 17:08:27,999 - Knowledge - INFO - done ingest for /app/data/T0015/327978/b5857iz/shopizer-327978/sm-core/src/main/java/com/salesmanager/core/business/catalog/product/model/price/ProductPrice.java
2026-03-03 17:08:28,011 - Knowledge - INFO - Processing batch of 8 files
2026-03-03 17:08:28,029 - Knowledge - INFO - [LLM_CALL] Completed: InitializationDatabaseImpl.java:chunk1, Duration: 25586ms, PromptTokens: 4148, CompletionTokens: 733, Cost: $0.00071
2026-03-03 17:08:28,284 - Knowledge - INFO - Worker kw20 processing /app/data/T0015/327978/b5857iz/shopizer-327978/sm-core/src/main/java/com/salesmanager/core/business/user/model/User.java
2026-03-03 17:08:28,406 - Knowledge - INFO - Async storage completed for 8 embeddings
2026-03-03 17:08:28,570 - Knowledge - INFO - process ingested knowledge for /app/data/T0015/327978/b5857iz/shopizer-327978/sm-core/src/main/java/com/salesmanager/core/business/system/model/IntegrationConfiguration.java
2026-03-03 17:08:28,600 - Knowledge - INFO - Fast-tracked /app/data/T0015/327978/b5857iz/shopizer-327978/sm-core/src/main/java/com/salesmanager/core/business/user/dao/GroupDaoImpl.java (small file (1954 bytes))
2026-03-03 17:08:28,713 - Knowledge - INFO - process ingested knowledge for /app/data/T0015/327978/b5857iz/shopizer-327978/sm-core/src/main/java/com/salesmanager/core/business/shoppingcart/dao/ShoppingCartItemDao.java
2026-03-03 17:08:28,854 - Knowledge - INFO - process ingested knowledge for /app/data/T0015/327978/b5857iz/shopizer-327978/sm-core/src/main/java/com/salesmanager/core/business/catalog/product/dao/attribute/ProductAttributeDaoImpl.java
2026-03-03 17:08:28,874 - Knowledge - INFO - process ingested knowledge for /app/data/T0015/327978/b5857iz/shopizer-327978/sm-core/src/main/java/com/salesmanager/core/business/reference/language/dao/LanguageDao.java
2026-03-03 17:08:29,095 - Knowledge - INFO - process ingested knowledge for /app/data/T0015/327978/b5857iz/shopizer-327978/sm-core/src/main/java/com/salesmanager/core/business/content/model/StaticContentFile.java
2026-03-03 17:08:29,236 - Knowledge - INFO - done ingest for /app/data/T0015/327978/b5857iz/shopizer-327978/sm-core/src/main/java/com/salesmanager/core/business/reference/init/service/InitializationDatabaseImpl.java
2026-03-03 17:08:29,236 - Knowledge - INFO - Processing batch of 8 files
2026-03-03 17:08:29,236 - Knowledge - INFO - Processing batch of 8 files
2026-03-03 17:08:29,236 - Knowledge - INFO - [kw16] Queue=803, InProgress=0, PendingWorkers=20/20, Completed=292/1167 (25.0%)
2026-03-03 17:08:29,236 - Knowledge - INFO - [LLM_CALL] Completed: ProductOptionValue.java:chunk1, Duration: 62288ms, PromptTokens: 2746, CompletionTokens: 829, Cost: $0.00061
2026-03-03 17:08:29,348 - Knowledge - INFO - Worker kw20 processing /app/data/T0015/327978/b5857iz/shopizer-327978/sm-core/src/main/java/com/salesmanager/core/business/user/model/GroupType.java
2026-03-03 17:08:29,543 - Knowledge - INFO - process ingested knowledge for /app/data/T0015/327978/b5857iz/shopizer-327978/sm-core/src/main/java/com/salesmanager/core/business/system/model/MerchantConfigurationType.java
2026-03-03 17:08:29,726 - Knowledge - INFO - process ingested knowledge for /app/data/T0015/327978/b5857iz/shopizer-327978/sm-core/src/main/java/com/salesmanager/core/business/shoppingcart/dao/ShoppingCartItemDaoImpl.java
2026-03-03 17:08:29,814 - Knowledge - INFO - process ingested knowledge for /app/data/T0015/327978/b5857iz/shopizer-327978/sm-core/src/main/java/com/salesmanager/core/business/catalog/product/dao/attribute/ProductOptionValueDao.java
2026-03-03 17:08:29,917 - Knowledge - INFO - process ingested knowledge for /app/data/T0015/327978/b5857iz/shopizer-327978/sm-core/src/main/java/com/salesmanager/core/business/reference/language/dao/LanguageDaoImpl.java
2026-03-03 17:08:30,014 - Knowledge - INFO - process ingested knowledge for /app/data/T0015/327978/b5857iz/shopizer-327978/sm-core/src/main/java/com/salesmanager/core/business/content/model/InputContentFile.java
2026-03-03 17:08:30,272 - Knowledge - INFO - process ingested knowledge for /app/data/T0015/327978/b5857iz/shopizer-327978/sm-core/src/main/java/com/salesmanager/core/business/catalog/product/dao/availability/ProductAvailabilityDao.java
2026-03-03 17:08:30,488 - Knowledge - INFO - process ingested knowledge for /app/data/T0015/327978/b5857iz/shopizer-327978/sm-core/src/main/java/com/salesmanager/core/business/catalog/category/service/CategoryService.java
2026-03-03 17:08:30,634 - Knowledge - INFO - Batch sizing: calculated=8, max_allowed=10, queue=803, active_workers=20/20
2026-03-03 17:08:30,781 - Knowledge - INFO - done ingest for /app/data/T0015/327978/b5857iz/shopizer-327978/sm-core/src/main/java/com/salesmanager/core/business/catalog/product/model/attribute/ProductOptionValue.java
2026-03-03 17:08:30,863 - Knowledge - INFO - [kw3] Queue=803, InProgress=0, PendingWorkers=20/20, Completed=300/1167 (25.7%)
2026-03-03 17:08:30,898 - Knowledge - INFO - Fast-tracked /app/data/T0015/327978/b5857iz/shopizer-327978/sm-core/src/main/java/com/salesmanager/core/business/user/model/GroupType.java (ext=.java, size=105)
2026-03-03 17:08:30,899 - Knowledge - INFO - [LLM_CALL] Completed: ManufacturerServiceImpl.java:chunk1, Duration: 66728ms, PromptTokens: 2074, CompletionTokens: 734, Cost: $0.00050
2026-03-03 17:08:31,035 - Knowledge - INFO - process ingested knowledge for /app/data/T0015/327978/b5857iz/shopizer-327978/sm-core/src/main/java/com/salesmanager/core/business/system/model/ModuleConfig.java
2026-03-03 17:08:31,236 - Knowledge - INFO - process ingested knowledge for /app/data/T0015/327978/b5857iz/shopizer-327978/sm-core/src/main/java/com/salesmanager/core/business/shoppingcart/service/ShoppingCartCalculationServiceImpl.java
2026-03-03 17:08:31,350 - Knowledge - INFO - process ingested knowledge for /app/data/T0015/327978/b5857iz/shopizer-327978/sm-core/src/main/java/com/salesmanager/core/business/catalog/product/dao/review/ProductReviewDaoImpl.java
2026-03-03 17:08:31,457 - Knowledge - INFO - process ingested knowledge for /app/data/T0015/327978/b5857iz/shopizer-327978/sm-core/src/main/java/com/salesmanager/core/business/reference/language/service/LanguageService.java
2026-03-03 17:08:31,536 - Knowledge - INFO - process ingested knowledge for /app/data/T0015/327978/b5857iz/shopizer-327978/sm-core/src/main/java/com/salesmanager/core/business/content/model/Content.java
2026-03-03 17:08:31,631 - Knowledge - INFO - process ingested knowledge for /app/data/T0015/327978/b5857iz/shopizer-327978/sm-core/src/main/java/com/salesmanager/core/business/catalog/product/dao/availability/ProductAvailabilityDaoImpl.java
2026-03-03 17:08:31,736 - Knowledge - INFO - process ingested knowledge for /app/data/T0015/327978/b5857iz/shopizer-327978/sm-core/src/main/java/com/salesmanager/core/business/catalog/category/model/CategoryDescription.java
2026-03-03 17:08:32,161 - Knowledge - INFO - Batch sizing: calculated=8, max_allowed=10, queue=803, active_workers=20/20
2026-03-03 17:08:32,453 - Knowledge - INFO - Fast-tracked /app/data/T0015/327978/b5857iz/shopizer-327978/sm-core/src/main/java/com/salesmanager/core/business/user/service/UserServiceLDAPImpl.java (small file (2191 bytes))
2026-03-03 17:08:32,495 - Knowledge - INFO - done ingest for /app/data/T0015/327978/b5857iz/shopizer-327978/sm-core/src/main/java/com/salesmanager/core/business/catalog/product/service/manufacturer/ManufacturerServiceImpl.java
2026-03-03 17:08:32,509 - Knowledge - INFO - [kw10] Queue=795, InProgress=0, PendingWorkers=20/20, Completed=300/1167 (25.7%)
2026-03-03 17:08:32,530 - Knowledge - INFO - [LLM_CALL] Completed: Product.java:chunk1, Duration: 47779ms, PromptTokens: 5410, CompletionTokens: 648, Cost: $0.00080
2026-03-03 17:08:32,609 - Knowledge - INFO - process ingested knowledge for /app/data/T0015/327978/b5857iz/shopizer-327978/sm-core/src/main/java/com/salesmanager/core/business/system/model/IntegrationModule.java
2026-03-03 17:08:32,720 - Knowledge - INFO - process ingested knowledge for /app/data/T0015/327978/b5857iz/shopizer-327978/sm-core/src/main/java/com/salesmanager/core/business/shoppingcart/service/ShoppingCartCalculationService.java
2026-03-03 17:08:32,801 - Knowledge - INFO - process ingested knowledge for /app/data/T0015/327978/b5857iz/shopizer-327978/sm-core/src/main/java/com/salesmanager/core/business/catalog/product/dao/review/ProductReviewDao.java
2026-03-03 17:08:32,889 - Knowledge - INFO - process ingested knowledge for /app/data/T0015/327978/b5857iz/shopizer-327978/sm-core/src/main/java/com/salesmanager/core/business/reference/language/service/LanguageServiceImpl.java
2026-03-03 17:08:32,967 - Knowledge - INFO - process ingested knowledge for /app/data/T0015/327978/b5857iz/shopizer-327978/sm-core/src/main/java/com/salesmanager/core/business/content/model/ContentFile.java
2026-03-03 17:08:33,065 - Knowledge - INFO - process ingested knowledge for /app/data/T0015/327978/b5857iz/shopizer-327978/sm-core/src/main/java/com/salesmanager/core/business/catalog/product/dao/ProductDaoImpl.java
2026-03-03 17:08:33,146 - Knowledge - INFO - process ingested knowledge for /app/data/T0015/327978/b5857iz/shopizer-327978/sm-core/src/main/java/com/salesmanager/core/business/catalog/category/model/Category.java
2026-03-03 17:08:33,468 - Knowledge - INFO - Fast-tracked /app/data/T0015/327978/b5857iz/shopizer-327978/sm-core/src/main/java/com/salesmanager/core/business/user/service/PermissionServiceImpl.java (small file (3003 bytes))
2026-03-03 17:08:33,855 - Knowledge - INFO - Batch sizing: calculated=8, max_allowed=10, queue=795, active_workers=20/20
2026-03-03 17:08:33,944 - Knowledge - INFO - done ingest for /app/data/T0015/327978/b5857iz/shopizer-327978/sm-core/src/main/java/com/salesmanager/core/business/catalog/product/model/Product.java
2026-03-03 17:08:33,962 - Knowledge - INFO - [LLM_CALL] Completed: CountryServiceImpl.java:chunk1, Duration: 38166ms, PromptTokens: 2224, CompletionTokens: 571, Cost: $0.00045
2026-03-03 17:08:34,137 - Knowledge - INFO - process ingested knowledge for /app/data/T0015/327978/b5857iz/shopizer-327978/sm-core/src/main/java/com/salesmanager/core/business/system/model/MerchantConfiguration.java
2026-03-03 17:08:34,304 - Knowledge - INFO - process ingested knowledge for /app/data/T0015/327978/b5857iz/shopizer-327978/sm-core/src/main/java/com/salesmanager/core/business/shoppingcart/service/ShoppingCartServiceImpl.java
2026-03-03 17:08:34,814 - Knowledge - INFO - process ingested knowledge for /app/data/T0015/327978/b5857iz/shopizer-327978/sm-core/src/main/java/com/salesmanager/core/business/catalog/product/dao/relationship/ProductRelationshipDaoImpl.java
2026-03-03 17:08:34,909 - Knowledge - INFO - process ingested knowledge for /app/data/T0015/327978/b5857iz/shopizer-327978/sm-core/src/main/java/com/salesmanager/core/business/reference/language/model/Language.java
2026-03-03 17:08:35,053 - Knowledge - INFO - process ingested knowledge for /app/data/T0015/327978/b5857iz/shopizer-327978/sm-core/src/main/java/com/salesmanager/core/business/content/model/ContentDescription.java
2026-03-03 17:08:35,304 - Knowledge - INFO - process ingested knowledge for /app/data/T0015/327978/b5857iz/shopizer-327978/sm-core/src/main/java/com/salesmanager/core/business/catalog/product/service/file/DigitalProductService.java
2026-03-03 17:08:35,397 - Knowledge - INFO - process ingested knowledge for /app/data/T0015/327978/b5857iz/shopizer-327978/sm-core/src/main/java/com/salesmanager/core/business/catalog/product/dao/file/DigitalProductDaoImpl.java
2026-03-03 17:08:35,667 - Knowledge - INFO - Async storage completed for 10 embeddings
2026-03-03 17:08:36,071 - Knowledge - INFO - done ingest for /app/data/T0015/327978/b5857iz/shopizer-327978/sm-core/src/main/java/com/salesmanager/core/business/reference/country/service/CountryServiceImpl.java
2026-03-03 17:08:36,104 - Knowledge - INFO - [LLM_CALL] Completed: ZoneServiceImpl.java:chunk1, Duration: 16328ms, PromptTokens: 2408, CompletionTokens: 469, Cost: $0.00043
2026-03-03 17:08:36,447 - Knowledge - INFO - process ingested knowledge for /app/data/T0015/327978/b5857iz/shopizer-327978/sm-core/src/main/java/com/salesmanager/core/business/catalog/product/dao/relationship/ProductRelationshipDao.java
2026-03-03 17:08:36,531 - Knowledge - INFO - process ingested knowledge for /app/data/T0015/327978/b5857iz/shopizer-327978/sm-core/src/main/java/com/salesmanager/core/business/reference/country/dao/CountryDao.java
2026-03-03 17:08:36,611 - Knowledge - INFO - process ingested knowledge for /app/data/T0015/327978/b5857iz/shopizer-327978/sm-core/src/main/java/com/salesmanager/core/business/catalog/category/dao/CategoryDaoImpl.java
2026-03-03 17:08:36,696 - Knowledge - INFO - process ingested knowledge for /app/data/T0015/327978/b5857iz/shopizer-327978/sm-core/src/main/java/com/salesmanager/core/business/catalog/product/service/file/DigitalProductServiceImpl.java
2026-03-03 17:08:36,790 - Knowledge - INFO - process ingested knowledge for /app/data/T0015/327978/b5857iz/shopizer-327978/sm-core/src/main/java/com/salesmanager/core/business/catalog/product/dao/file/DigitalProductDao.java
2026-03-03 17:08:37,001 - Knowledge - INFO - done ingest for /app/data/T0015/327978/b5857iz/shopizer-327978/sm-core/src/main/java/com/salesmanager/core/business/reference/zone/service/ZoneServiceImpl.java
2026-03-03 17:08:37,002 - Knowledge - INFO - Processing batch of 8 files
2026-03-03 17:08:37,002 - Knowledge - INFO - Async storing batch of 8 embeddings
2026-03-03 17:08:37,002 - Knowledge - INFO - [WEBSOCKET] Sent: Type=progress_update, Size: 296, Duration: 4486ms
2026-03-03 17:08:37,197 - Knowledge - INFO - process ingested knowledge for /app/data/T0015/327978/b5857iz/shopizer-327978/sm-core/src/main/java/com/salesmanager/core/business/catalog/product/dao/type/ProductTypeDaoImpl.java
2026-03-03 17:08:37,197 - Knowledge - INFO - process ingested knowledge for /app/data/T0015/327978/b5857iz/shopizer-327978/sm-core/src/main/java/com/salesmanager/core/business/reference/country/dao/CountryDaoImpl.java
2026-03-03 17:08:37,297 - Knowledge - INFO - process ingested knowledge for /app/data/T0015/327978/b5857iz/shopizer-327978/sm-core/src/main/java/com/salesmanager/core/business/catalog/category/dao/CategoryDao.java
2026-03-03 17:08:37,420 - Knowledge - INFO - process ingested knowledge for /app/data/T0015/327978/b5857iz/shopizer-327978/sm-core/src/main/java/com/salesmanager/core/business/catalog/product/service/ProductServiceImpl.java
2026-03-03 17:08:37,543 - Knowledge - INFO - process ingested knowledge for /app/data/T0015/327978/b5857iz/shopizer-327978/sm-core/src/main/java/com/salesmanager/core/business/catalog/product/dao/attribute/ProductOptionDaoImpl.java
2026-03-03 17:08:37,654 - Knowledge - INFO - process ingested knowledge for /app/data/T0015/327978/b5857iz/shopizer-327978/sm-core/src/main/java/com/salesmanager/core/business/reference/currency/service/CurrencyService.java
2026-03-03 17:08:37,743 - Knowledge - INFO - Worker kw16 processing /app/data/T0015/327978/b5857iz/shopizer-327978/sm-core/src/main/java/com/salesmanager/core/utils/ProductImageSizeUtils.java
2026-03-03 17:08:37,836 - Knowledge - INFO - [LLM_CALL] Completed: ProductAttribute.java:chunk1, Duration: 75687ms, PromptTokens: 3276, CompletionTokens: 987, Cost: $0.00072
2026-03-03 17:08:38,509 - Knowledge - INFO - process ingested knowledge for /app/data/T0015/327978/b5857iz/shopizer-327978/sm-core/src/main/java/com/salesmanager/core/business/catalog/category/service/CategoryServiceImpl.java
2026-03-03 17:08:38,555 - Knowledge - INFO - Worker kw16 processing /app/data/T0015/327978/b5857iz/shopizer-327978/sm-core/src/main/java/com/salesmanager/core/utils/ApplicationContextListenerUtils.java
2026-03-03 17:08:38,651 - Knowledge - INFO - done ingest for /app/data/T0015/327978/b5857iz/shopizer-327978/sm-core/src/main/java/com/salesmanager/core/business/catalog/product/model/attribute/ProductAttribute.java
2026-03-03 17:08:38,652 - Knowledge - INFO - Async storing batch of 8 embeddings
2026-03-03 17:08:38,653 - Knowledge - INFO - Processing batch of 8 files
2026-03-03 17:08:38,653 - Knowledge - INFO - Async storing batch of 10 embeddings
2026-03-03 17:08:38,654 - Knowledge - INFO - [LLM_CALL] Completed: PricingService.java:chunk1, Duration: 80499ms, PromptTokens: 2176, CompletionTokens: 571, Cost: $0.00045
2026-03-03 17:08:38,673 - Knowledge - INFO - process ingested knowledge for /app/data/T0015/327978/b5857iz/shopizer-327978/sm-core/src/main/java/com/salesmanager/core/business/catalog/product/dao/attribute/ProductOptionDao.java
2026-03-03 17:08:38,868 - Knowledge - INFO - process ingested knowledge for /app/data/T0015/327978/b5857iz/shopizer-327978/sm-core/src/main/java/com/salesmanager/core/business/catalog/product/service/attribute/ProductAttributeServiceImpl.java
2026-03-03 17:08:38,868 - Knowledge - INFO - process ingested knowledge for /app/data/T0015/327978/b5857iz/shopizer-327978/sm-core/src/main/java/com/salesmanager/core/business/reference/currency/service/CurrencyServiceImpl.java
2026-03-03 17:08:38,888 - Knowledge - INFO - Fast-tracked /app/data/T0015/327978/b5857iz/shopizer-327978/sm-core/src/main/java/com/salesmanager/core/utils/ApplicationContextListenerUtils.java (ext=.java, size=719)
2026-03-03 17:08:39,190 - Knowledge - INFO - Worker kw3 processing /app/data/T0015/327978/b5857iz/shopizer-327978/sm-core/src/main/java/com/salesmanager/core/utils/CreditCardUtils.java
2026-03-03 17:08:39,340 - Knowledge - INFO - process ingested knowledge for /app/data/T0015/327978/b5857iz/shopizer-327978/sm-core/src/main/java/com/salesmanager/core/business/catalog/product/model/review/ProductReview.java
2026-03-03 17:08:39,437 - Knowledge - INFO - Worker kw10 processing /app/data/T0015/327978/b5857iz/shopizer-327978/sm-core/src/main/java/com/salesmanager/core/utils/reference/IntegrationModulesLoader.java
2026-03-03 17:08:39,527 - Knowledge - INFO - done ingest for /app/data/T0015/327978/b5857iz/shopizer-327978/sm-core/src/main/java/com/salesmanager/core/business/catalog/product/service/PricingService.java
2026-03-03 17:08:39,527 - Knowledge - INFO - Processing batch of 8 files
2026-03-03 17:08:39,527 - Knowledge - INFO - Processing batch of 8 files
2026-03-03 17:08:39,530 - Knowledge - INFO - [WEBSOCKET] Sent: Type=unknown, Size: ?, Duration: 8724ms
2026-03-03 17:08:39,631 - Knowledge - INFO - Fast-tracked /app/data/T0015/327978/b5857iz/shopizer-327978/sm-core/src/main/java/com/salesmanager/core/business/user/model/Group.java (small file (2743 bytes))
2026-03-03 17:08:39,889 - Knowledge - INFO - process ingested knowledge for /app/data/T0015/327978/b5857iz/shopizer-327978/sm-core/src/main/java/com/salesmanager/core/business/catalog/product/dao/attribute/ProductAttributeDao.java
2026-03-03 17:08:39,905 - Knowledge - INFO - Worker kw16 processing /app/data/T0015/327978/b5857iz/shopizer-327978/sm-core/src/main/java/com/salesmanager/core/utils/DataPopulator.java
2026-03-03 17:08:40,000 - Knowledge - INFO - Fast-tracked /app/data/T0015/327978/b5857iz/shopizer-327978/sm-core/src/main/java/com/salesmanager/core/utils/CreditCardUtils.java (ext=.java, size=689)
2026-03-03 17:08:40,057 - Knowledge - INFO - [kw9] Queue=779, InProgress=0, PendingWorkers=20/20, Completed=327/1167 (28.0%)
2026-03-03 17:08:40,057 - Knowledge - INFO - process ingested knowledge for /app/data/T0015/327978/b5857iz/shopizer-327978/sm-core/src/main/java/com/salesmanager/core/business/reference/currency/model/Currency.java
2026-03-03 17:08:40,202 - Knowledge - INFO - Worker kw10 processing /app/data/T0015/327978/b5857iz/shopizer-327978/sm-core/src/main/java/com/salesmanager/core/utils/reference/ZonesLoader.java
2026-03-03 17:08:40,385 - Knowledge - INFO - process ingested knowledge for /app/data/T0015/327978/b5857iz/shopizer-327978/sm-core/src/main/java/com/salesmanager/core/business/reference/country/service/CountryService.java
2026-03-03 17:08:40,542 - Knowledge - INFO - process ingested knowledge for /app/data/T0015/327978/b5857iz/shopizer-327978/sm-core/src/main/java/com/salesmanager/core/business/reference/zone/imports/ZoneTransient.java
2026-03-03 17:08:40,665 - Knowledge - INFO - process ingested knowledge for /app/data/T0015/327978/b5857iz/shopizer-327978/sm-core/src/main/java/com/salesmanager/core/business/catalog/product/service/attribute/ProductOptionValueService.java
2026-03-03 17:08:40,678 - Knowledge - INFO - process ingested knowledge for /app/data/T0015/327978/b5857iz/shopizer-327978/sm-core/src/main/java/com/salesmanager/core/business/catalog/product/model/review/ProductReviewDescription.java
2026-03-03 17:08:40,696 - Knowledge - INFO - Progress: 25.0% | Files: 328/1167 | Rate: 1.44 files/sec | Queue: 779
2026-03-03 17:08:40,697 - Knowledge - INFO - [LLM_CALL] Completed: ProductAvailability.java:chunk1, Duration: 55607ms, PromptTokens: 2830, CompletionTokens: 871, Cost: $0.00063
2026-03-03 17:08:41,038 - Knowledge - INFO - Fast-tracked /app/data/T0015/327978/b5857iz/shopizer-327978/sm-core/src/main/java/com/salesmanager/core/utils/DataPopulator.java (ext=.java, size=612)
2026-03-03 17:08:41,177 - Knowledge - INFO - Worker kw3 processing /app/data/T0015/327978/b5857iz/shopizer-327978/sm-core/src/main/java/com/salesmanager/core/utils/CoreConfiguration.java
2026-03-03 17:08:41,263 - Knowledge - INFO - Batch sizing: calculated=8, max_allowed=10, queue=779, active_workers=20/20
2026-03-03 17:08:41,505 - Knowledge - INFO - Worker kw10 processing /app/data/T0015/327978/b5857iz/shopizer-327978/sm-core/src/main/java/com/salesmanager/core/modules/email/HtmlEmailSenderImpl.java
2026-03-03 17:08:41,656 - Knowledge - INFO - process ingested knowledge for /app/data/T0015/327978/b5857iz/shopizer-327978/sm-core/src/main/java/com/salesmanager/core/business/reference/geozone/model/GeoZoneDescription.java
2026-03-03 17:08:42,101 - Knowledge - INFO - process ingested knowledge for /app/data/T0015/327978/b5857iz/shopizer-327978/sm-core/src/main/java/com/salesmanager/core/business/reference/country/service/CountryServiceImpl.java
2026-03-03 17:08:42,102 - Knowledge - INFO - process ingested knowledge for /app/data/T0015/327978/b5857iz/shopizer-327978/sm-core/src/main/java/com/salesmanager/core/business/reference/zone/imports/ZoneLoader.java
2026-03-03 17:08:42,147 - Knowledge - INFO - done ingest for /app/data/T0015/327978/b5857iz/shopizer-327978/sm-core/src/main/java/com/salesmanager/core/business/catalog/product/model/availability/ProductAvailability.java
2026-03-03 17:08:42,148 - Knowledge - INFO - [LLM_CALL] Completed: ProductImageServiceImpl.java:chunk1, Duration: 69549ms, PromptTokens: 3100, CompletionTokens: 786, Cost: $0.00062
2026-03-03 17:08:42,266 - Knowledge - INFO - Worker kw16 processing /app/data/T0015/327978/b5857iz/shopizer-327978/sm-core/src/main/java/com/salesmanager/core/utils/ajax/AjaxPageableResponse.java
2026-03-03 17:08:42,348 - Knowledge - INFO - Fast-tracked /app/data/T0015/327978/b5857iz/shopizer-327978/sm-core/src/main/java/com/salesmanager/core/utils/CoreConfiguration.java (ext=.java, size=923)
2026-03-03 17:08:42,399 - Knowledge - INFO - [kw8] Queue=779, InProgress=0, PendingWorkers=20/20, Completed=332/1167 (28.4%)
2026-03-03 17:08:42,566 - Knowledge - INFO - Worker kw10 processing /app/data/T0015/327978/b5857iz/shopizer-327978/sm-core/src/main/java/com/salesmanager/core/modules/email/Email.java
2026-03-03 17:08:42,742 - Knowledge - INFO - process ingested knowledge for /app/data/T0015/327978/b5857iz/shopizer-327978/sm-core/src/main/java/com/salesmanager/core/business/catalog/product/model/relationship/ProductRelationshipType.java
2026-03-03 17:08:43,084 - Knowledge - INFO - done ingest for /app/data/T0015/327978/b5857iz/shopizer-327978/sm-core/src/main/java/com/salesmanager/core/business/catalog/product/service/image/ProductImageServiceImpl.java
2026-03-03 17:08:43,086 - Knowledge - INFO - Processing batch of 8 files
2026-03-03 17:08:43,087 - Knowledge - INFO - [WEBSOCKET] Sent: Type=progress_update, Size: 296, Duration: 939ms
2026-03-03 17:08:43,152 - Knowledge - INFO - process ingested knowledge for /app/data/T0015/327978/b5857iz/shopizer-327978/sm-core/src/main/java/com/salesmanager/core/business/reference/geozone/model/GeoZone.java
2026-03-03 17:08:43,168 - Knowledge - INFO - process ingested knowledge for /app/data/T0015/327978/b5857iz/shopizer-327978/sm-core/src/main/java/com/salesmanager/core/business/reference/country/model/CountryDescription.java
2026-03-03 17:08:43,186 - Knowledge - INFO - process ingested knowledge for /app/data/T0015/327978/b5857iz/shopizer-327978/sm-core/src/main/java/com/salesmanager/core/business/reference/zone/service/ZoneService.java
2026-03-03 17:08:43,232 - Knowledge - INFO - Worker kw16 processing /app/data/T0015/327978/b5857iz/shopizer-327978/sm-core/src/main/java/com/salesmanager/core/utils/ajax/AjaxResponse.java
2026-03-03 17:08:43,302 - Knowledge - INFO - Worker kw3 processing /app/data/T0015/327978/b5857iz/shopizer-327978/sm-core/src/main/java/com/salesmanager/core/utils/ProductImageCropUtils.java
2026-03-03 17:08:43,400 - Knowledge - INFO - Batch sizing: calculated=8, max_allowed=10, queue=779, active_workers=20/20
2026-03-03 17:08:43,468 - Knowledge - INFO - Fast-tracked /app/data/T0015/327978/b5857iz/shopizer-327978/sm-core/src/main/java/com/salesmanager/core/modules/email/Email.java (ext=.java, size=1336)
2026-03-03 17:08:43,777 - Knowledge - INFO - process ingested knowledge for /app/data/T0015/327978/b5857iz/shopizer-327978/sm-core/src/main/java/com/salesmanager/core/business/catalog/product/model/relationship/ProductRelationship.java
2026-03-03 17:08:43,815 - Knowledge - INFO - process ingested knowledge for /app/data/T0015/327978/b5857iz/shopizer-327978/sm-core/src/main/java/com/salesmanager/core/business/catalog/product/model/ProductCriteria.java
2026-03-03 17:08:43,898 - Knowledge - INFO - [LLM_CALL] Completed: PermissionDaoImpl.java:chunk1, Duration: 11389ms, PromptTokens: 2648, CompletionTokens: 512, Cost: $0.00047
2026-03-03 17:08:43,970 - Knowledge - INFO - Async storage completed for 8 embeddings
2026-03-03 17:08:44,294 - Knowledge - INFO - Worker kw16 processing /app/data/T0015/327978/b5857iz/shopizer-327978/sm-core/src/main/java/com/salesmanager/core/utils/AbstractDataPopulator.java
2026-03-03 17:08:44,308 - Knowledge - INFO - process ingested knowledge for /app/data/T0015/327978/b5857iz/shopizer-327978/sm-core/src/main/java/com/salesmanager/core/business/reference/country/model/Country.java
2026-03-03 17:08:44,309 - Knowledge - INFO - [kw4] Queue=771, InProgress=0, PendingWorkers=20/20, Completed=342/1167 (29.3%)
2026-03-03 17:08:44,309 - Knowledge - INFO - process ingested knowledge for /app/data/T0015/327978/b5857iz/shopizer-327978/sm-core/src/main/java/com/salesmanager/core/business/reference/zone/service/ZoneServiceImpl.java
2026-03-03 17:08:44,371 - Knowledge - INFO - Worker kw3 processing /app/data/T0015/327978/b5857iz/shopizer-327978/sm-core/src/main/java/com/salesmanager/core/utils/CacheUtils.java
2026-03-03 17:08:44,443 - Knowledge - INFO - process ingested knowledge for /app/data/T0015/327978/b5857iz/shopizer-327978/sm-core/src/main/java/com/salesmanager/core/business/user/dao/GroupDao.java
2026-03-03 17:08:44,444 - Knowledge - INFO - [kw5] Queue=771, InProgress=0, PendingWorkers=20/20, Completed=343/1167 (29.4%)
2026-03-03 17:08:44,546 - Knowledge - INFO - Worker kw10 processing /app/data/T0015/327978/b5857iz/shopizer-327978/sm-core/src/main/java/com/salesmanager/core/modules/email/EmailConfig.java
2026-03-03 17:08:44,819 - Knowledge - INFO - process ingested knowledge for /app/data/T0015/327978/b5857iz/shopizer-327978/sm-core/src/main/java/com/salesmanager/core/business/catalog/product/model/type/ProductType.java
2026-03-03 17:08:44,819 - Knowledge - INFO - process ingested knowledge for /app/data/T0015/327978/b5857iz/shopizer-327978/sm-core/src/main/java/com/salesmanager/core/business/catalog/product/model/attribute/ProductOptionType.java
2026-03-03 17:08:44,838 - Knowledge - INFO - done ingest for /app/data/T0015/327978/b5857iz/shopizer-327978/sm-core/src/main/java/com/salesmanager/core/business/user/dao/PermissionDaoImpl.java
2026-03-03 17:08:44,838 - Knowledge - INFO - [kw7] Queue=763, InProgress=0, PendingWorkers=20/20, Completed=348/1167 (29.8%)
2026-03-03 17:08:44,838 - Knowledge - INFO - [WEBSOCKET] Sent: Type=unknown, Size: ?, Duration: 2691ms
2026-03-03 17:08:45,058 - Knowledge - INFO - Fast-tracked /app/data/T0015/327978/b5857iz/shopizer-327978/sm-core/src/main/java/com/salesmanager/core/utils/AbstractDataPopulator.java (ext=.java, size=858)
2026-03-03 17:08:45,142 - Knowledge - INFO - process ingested knowledge for /app/data/T0015/327978/b5857iz/shopizer-327978/sm-core/src/main/java/com/salesmanager/core/business/reference/init/service/InitializationDatabase.java
2026-03-03 17:08:45,224 - Knowledge - INFO - Batch sizing: calculated=8, max_allowed=10, queue=771, active_workers=20/20
2026-03-03 17:08:45,323 - Knowledge - INFO - process ingested knowledge for /app/data/T0015/327978/b5857iz/shopizer-327978/sm-core/src/main/java/com/salesmanager/core/business/reference/zone/model/ZoneDescription.java
2026-03-03 17:08:45,404 - Knowledge - INFO - Worker kw3 processing /app/data/T0015/327978/b5857iz/shopizer-327978/sm-core/src/main/java/com/salesmanager/core/utils/ProductPriceUtils.java
2026-03-03 17:08:45,513 - Knowledge - INFO - process ingested knowledge for /app/data/T0015/327978/b5857iz/shopizer-327978/sm-core/src/main/java/com/salesmanager/core/business/user/dao/UserDaoImpl.java
2026-03-03 17:08:45,645 - Knowledge - INFO - Batch sizing: calculated=8, max_allowed=10, queue=771, active_workers=20/20
2026-03-03 17:08:45,767 - Knowledge - INFO - Worker kw10 processing /app/data/T0015/327978/b5857iz/shopizer-327978/sm-core/src/main/java/com/salesmanager/core/modules/email/HtmlEmailSender.java
2026-03-03 17:08:45,862 - Knowledge - INFO - process ingested knowledge for /app/data/T0015/327978/b5857iz/shopizer-327978/sm-core/src/main/java/com/salesmanager/core/business/catalog/product/model/Product.java
2026-03-03 17:08:45,990 - Knowledge - INFO - process ingested knowledge for /app/data/T0015/327978/b5857iz/shopizer-327978/sm-core/src/main/java/com/salesmanager/core/business/catalog/product/model/attribute/ProductOption.java
2026-03-03 17:08:46,203 - Knowledge - INFO - Batch sizing: calculated=8, max_allowed=10, queue=763, active_workers=20/20
2026-03-03 17:08:46,344 - Knowledge - INFO - Progress: 27.9% | Files: 356/1167 | Rate: 1.47 files/sec | Queue: 763
2026-03-03 17:08:46,344 - Knowledge - INFO - Processing batch of 8 files
2026-03-03 17:08:46,344 - Knowledge - INFO - Async storing batch of 10 embeddings
2026-03-03 17:08:46,344 - Knowledge - INFO - Async storing batch of 8 embeddings
2026-03-03 17:08:46,345 - Knowledge - INFO - Processing batch of 8 files
2026-03-03 17:08:46,345 - Knowledge - INFO - Processing batch of 8 files
2026-03-03 17:08:46,346 - Knowledge - INFO - [kw2] Queue=763, InProgress=0, PendingWorkers=20/20, Completed=356/1167 (30.5%)
2026-03-03 17:08:46,346 - Knowledge - INFO - [WEBSOCKET] Sent: Type=progress_update, Size: 294, Duration: 0ms
2026-03-03 17:08:46,452 - Knowledge - INFO - Worker kw16 processing /app/data/T0015/327978/b5857iz/shopizer-327978/sm-core/src/main/java/com/salesmanager/core/utils/CloneUtils.java
2026-03-03 17:08:46,592 - Knowledge - INFO - process ingested knowledge for /app/data/T0015/327978/b5857iz/shopizer-327978/sm-core/src/main/java/com/salesmanager/core/business/reference/init/service/InitializationDatabaseImpl.java
2026-03-03 17:08:46,820 - Knowledge - INFO - process ingested knowledge for /app/data/T0015/327978/b5857iz/shopizer-327978/sm-core/src/main/java/com/salesmanager/core/business/reference/zone/model/Zone.java
2026-03-03 17:08:46,959 - Knowledge - INFO - Worker kw3 processing /app/data/T0015/327978/b5857iz/shopizer-327978/sm-core/src/main/java/com/salesmanager/core/utils/EntityPopulator.java
2026-03-03 17:08:47,051 - Knowledge - INFO - process ingested knowledge for /app/data/T0015/327978/b5857iz/shopizer-327978/sm-core/src/main/java/com/salesmanager/core/business/user/dao/PermissionDao.java
2026-03-03 17:08:47,266 - Knowledge - INFO - Fast-tracked /app/data/T0015/327978/b5857iz/shopizer-327978/sm-core/src/main/java/com/salesmanager/core/modules/email/HtmlEmailSender.java (ext=.java, size=207)
2026-03-03 17:08:47,357 - Knowledge - INFO - process ingested knowledge for /app/data/T0015/327978/b5857iz/shopizer-327978/sm-core/src/main/java/com/salesmanager/core/business/catalog/product/model/manufacturer/ManufacturerDescription.java
2026-03-03 17:08:47,473 - Knowledge - INFO - process ingested knowledge for /app/data/T0015/327978/b5857iz/shopizer-327978/sm-core/src/main/java/com/salesmanager/core/business/catalog/product/model/attribute/ProductOptionDescription.java
2026-03-03 17:08:47,678 - Knowledge - INFO - [kw19] Queue=739, InProgress=0, PendingWorkers=20/20, Completed=356/1167 (30.5%)
2026-03-03 17:08:47,800 - Knowledge - INFO - process ingested knowledge for /app/data/T0015/327978/b5857iz/shopizer-327978/sm-core/src/main/java/com/salesmanager/core/business/catalog/product/model/ProductList.java
2026-03-03 17:08:47,900 - Knowledge - INFO - Worker kw9 processing /app/data/T0015/327978/b5857iz/shopizer-327978/sm-core/src/main/java/com/salesmanager/core/modules/integration/shipping/impl/CustomWeightBasedShippingQuote.java
2026-03-03 17:08:48,022 - Knowledge - INFO - Worker kw8 processing /app/data/T0015/327978/b5857iz/shopizer-327978/sm-core/src/main/java/com/salesmanager/core/modules/integration/shipping/model/Packaging.java
2026-03-03 17:08:48,122 - Knowledge - INFO - process ingested knowledge for /app/data/T0015/327978/b5857iz/shopizer-327978/sm-core/src/main/java/com/salesmanager/core/business/user/dao/UserDao.java
2026-03-03 17:08:48,224 - Knowledge - INFO - process ingested knowledge for /app/data/T0015/327978/b5857iz/shopizer-327978/sm-core/src/main/java/com/salesmanager/core/business/catalog/product/service/relationship/ProductRelationshipServiceImpl.java
2026-03-03 17:08:48,341 - Knowledge - INFO - Batch sizing: calculated=8, max_allowed=10, queue=763, active_workers=20/20
2026-03-03 17:08:48,429 - Knowledge - INFO - Async storing batch of 8 embeddings
2026-03-03 17:08:48,429 - Knowledge - INFO - [WEBSOCKET] Sent: Type=unknown, Size: ?, Duration: 2084ms
2026-03-03 17:08:48,556 - Knowledge - INFO - Fast-tracked /app/data/T0015/327978/b5857iz/shopizer-327978/sm-core/src/main/java/com/salesmanager/core/utils/CloneUtils.java (ext=.java, size=235)
2026-03-03 17:08:48,680 - Knowledge - INFO - process ingested knowledge for /app/data/T0015/327978/b5857iz/shopizer-327978/sm-core/src/main/java/com/salesmanager/core/business/reference/zone/dao/ZoneDao.java
2026-03-03 17:08:48,788 - Knowledge - INFO - process ingested knowledge for /app/data/T0015/327978/b5857iz/shopizer-327978/sm-core/src/main/java/com/salesmanager/core/business/reference/currency/dao/CurrencyDaoImpl.java
2026-03-03 17:08:48,895 - Knowledge - INFO - Fast-tracked /app/data/T0015/327978/b5857iz/shopizer-327978/sm-core/src/main/java/com/salesmanager/core/utils/EntityPopulator.java (ext=.java, size=490)
2026-03-03 17:08:49,159 - Knowledge - INFO - Worker kw10 processing /app/data/T0015/327978/b5857iz/shopizer-327978/sm-core/src/main/java/com/salesmanager/core/modules/integration/shipping/impl/UPSShippingQuote.java
2026-03-03 17:08:49,247 - Knowledge - INFO - process ingested knowledge for /app/data/T0015/327978/b5857iz/shopizer-327978/sm-core/src/main/java/com/salesmanager/core/business/catalog/product/model/manufacturer/Manufacturer.java
2026-03-03 17:08:49,322 - Knowledge - INFO - process ingested knowledge for /app/data/T0015/327978/b5857iz/shopizer-327978/sm-core/src/main/java/com/salesmanager/core/business/catalog/product/model/attribute/ProductAttribute.java
2026-03-03 17:08:49,424 - Knowledge - INFO - Batch sizing: calculated=8, max_allowed=10, queue=739, active_workers=20/20
2026-03-03 17:08:49,530 - Knowledge - INFO - process ingested knowledge for /app/data/T0015/327978/b5857iz/shopizer-327978/sm-core/src/main/java/com/salesmanager/core/business/catalog/product/model/image/ProductImageDescription.java
2026-03-03 17:08:49,646 - Knowledge - INFO - Worker kw9 processing /app/data/T0015/327978/b5857iz/shopizer-327978/sm-core/src/main/java/com/salesmanager/core/modules/integration/shipping/impl/CanadaPostShippingQuote.java
2026-03-03 17:08:49,755 - Knowledge - INFO - Fast-tracked /app/data/T0015/327978/b5857iz/shopizer-327978/sm-core/src/main/java/com/salesmanager/core/modules/integration/shipping/model/Packaging.java (ext=.java, size=694)
2026-03-03 17:08:49,875 - Knowledge - INFO - process ingested knowledge for /app/data/T0015/327978/b5857iz/shopizer-327978/sm-core/src/main/java/com/salesmanager/core/business/user/dao/GroupDaoImpl.java
2026-03-03 17:08:50,017 - Knowledge - INFO - process ingested knowledge for /app/data/T0015/327978/b5857iz/shopizer-327978/sm-core/src/main/java/com/salesmanager/core/business/catalog/product/service/type/ProductTypeService.java
2026-03-03 17:08:50,179 - Knowledge - INFO - Worker kw4 processing /app/data/T0015/327978/b5857iz/shopizer-327978/sm-core/src/main/java/com/salesmanager/core/modules/order/InvoiceModule.java
2026-03-03 17:08:50,280 - Knowledge - INFO - Progress: 30.5% | Files: 356/1167 | Rate: 1.43 files/sec | Queue: 731
2026-03-03 17:08:50,309 - Knowledge - INFO - Async storing batch of 8 embeddings
2026-03-03 17:08:50,325 - Knowledge - INFO - Async storing batch of 8 embeddings
2026-03-03 17:08:50,351 - Knowledge - INFO - Async storing batch of 8 embeddings
2026-03-03 17:08:50,360 - Knowledge - INFO - [LLM_CALL] Completed: Permission.java:chunk1, Duration: 11707ms, PromptTokens: 2174, CompletionTokens: 465, Cost: $0.00040
2026-03-03 17:08:50,393 - Knowledge - INFO - Worker kw16 processing /app/data/T0015/327978/b5857iz/shopizer-327978/sm-core/src/main/java/com/salesmanager/core/utils/ProductUtils.java
2026-03-03 17:08:50,485 - Knowledge - INFO - process ingested knowledge for /app/data/T0015/327978/b5857iz/shopizer-327978/sm-core/src/main/java/com/salesmanager/core/business/reference/zone/dao/ZoneDaoImpl.java
2026-03-03 17:08:50,655 - Knowledge - INFO - Worker kw3 processing /app/data/T0015/327978/b5857iz/shopizer-327978/sm-core/src/main/java/com/salesmanager/core/utils/DataUtils.java
2026-03-03 17:08:50,676 - Knowledge - INFO - process ingested knowledge for /app/data/T0015/327978/b5857iz/shopizer-327978/sm-core/src/main/java/com/salesmanager/core/business/reference/currency/dao/CurrencyDao.java
2026-03-03 17:08:50,787 - Knowledge - INFO - Worker kw10 processing /app/data/T0015/327978/b5857iz/shopizer-327978/sm-core/src/main/java/com/salesmanager/core/modules/integration/shipping/impl/DefaultPackagingImpl.java
2026-03-03 17:08:51,068 - Knowledge - INFO - process ingested knowledge for /app/data/T0015/327978/b5857iz/shopizer-327978/sm-core/src/main/java/com/salesmanager/core/business/catalog/product/model/attribute/ProductOptionValueDescription.java
2026-03-03 17:08:51,243 - Knowledge - INFO - process ingested knowledge for /app/data/T0015/327978/b5857iz/shopizer-327978/sm-core/src/main/java/com/salesmanager/core/business/catalog/product/model/image/ProductImage.java
2026-03-03 17:08:51,306 - Knowledge - INFO - Worker kw9 processing /app/data/T0015/327978/b5857iz/shopizer-327978/sm-core/src/main/java/com/salesmanager/core/modules/integration/shipping/impl/USPSShippingQuote.java
2026-03-03 17:08:51,403 - Knowledge - INFO - Worker kw8 processing /app/data/T0015/327978/b5857iz/shopizer-327978/sm-core/src/main/java/com/salesmanager/core/modules/integration/payment/impl/BeanStreamPayment.java
2026-03-03 17:08:51,491 - Knowledge - INFO - process ingested knowledge for /app/data/T0015/327978/b5857iz/shopizer-327978/sm-core/src/main/java/com/salesmanager/core/business/user/dao/PermissionDaoImpl.java
2026-03-03 17:08:51,627 - Knowledge - INFO - process ingested knowledge for /app/data/T0015/327978/b5857iz/shopizer-327978/sm-core/src/main/java/com/salesmanager/core/business/catalog/product/service/type/ProductTypeServiceImpl.java
2026-03-03 17:08:51,659 - Knowledge - INFO - Fast-tracked /app/data/T0015/327978/b5857iz/shopizer-327978/sm-core/src/main/java/com/salesmanager/core/modules/order/InvoiceModule.java (ext=.java, size=437)
2026-03-03 17:08:51,809 - Knowledge - INFO - [kw17] Queue=723, InProgress=0, PendingWorkers=20/20, Completed=356/1167 (30.5%)
2026-03-03 17:08:51,897 - Knowledge - INFO - Worker kw7 processing /app/data/T0015/327978/b5857iz/shopizer-327978/sm-core/src/main/java/com/salesmanager/core/modules/cms/common/ImageRemove.java
2026-03-03 17:08:51,978 - Knowledge - INFO - Worker kw5 processing /app/data/T0015/327978/b5857iz/shopizer-327978/sm-core/src/main/java/com/salesmanager/core/modules/cms/impl/VendorCacheManager.java
2026-03-03 17:08:52,085 - Knowledge - INFO - Worker kw2 processing /app/data/T0015/327978/b5857iz/shopizer-327978/sm-core/src/main/java/com/salesmanager/core/modules/cms/content/FileRemove.java
2026-03-03 17:08:52,167 - Knowledge - INFO - done ingest for /app/data/T0015/327978/b5857iz/shopizer-327978/sm-core/src/main/java/com/salesmanager/core/business/user/model/Permission.java
2026-03-03 17:08:52,167 - Knowledge - INFO - Async storing batch of 8 embeddings
2026-03-03 17:08:52,167 - Knowledge - INFO - [kw1] Queue=723, InProgress=0, PendingWorkers=20/20, Completed=356/1167 (30.5%)
2026-03-03 17:08:52,240 - Knowledge - INFO - Fast-tracked /app/data/T0015/327978/b5857iz/shopizer-327978/sm-core/src/main/java/com/salesmanager/core/utils/ProductUtils.java (ext=.java, size=1133)
2026-03-03 17:08:52,406 - Knowledge - INFO - [kw13] Queue=723, InProgress=0, PendingWorkers=20/20, Completed=356/1167 (30.5%)
2026-03-03 17:08:52,478 - Knowledge - INFO - Worker kw3 processing /app/data/T0015/327978/b5857iz/shopizer-327978/sm-core/src/main/java/com/salesmanager/core/utils/reference/ConfigurationModulesLoader.java
2026-03-03 17:08:52,938 - Knowledge - INFO - process ingested knowledge for /app/data/T0015/327978/b5857iz/shopizer-327978/sm-core/src/main/java/com/salesmanager/core/business/catalog/product/model/attribute/AttributeCriteria.java
2026-03-03 17:08:52,939 - Knowledge - INFO - process ingested knowledge for /app/data/T0015/327978/b5857iz/shopizer-327978/sm-core/src/main/java/com/salesmanager/core/business/catalog/product/model/price/ProductPriceDescription.java
2026-03-03 17:08:52,997 - Knowledge - INFO - Worker kw9 processing /app/data/T0015/327978/b5857iz/shopizer-327978/sm-core/src/main/java/com/salesmanager/core/modules/integration/shipping/model/CustomShippingQuoteWeightItem.java
2026-03-03 17:08:53,120 - Knowledge - INFO - Worker kw8 processing /app/data/T0015/327978/b5857iz/shopizer-327978/sm-core/src/main/java/com/salesmanager/core/modules/integration/payment/impl/MoneyOrderPayment.java
2026-03-03 17:08:53,307 - Knowledge - INFO - process ingested knowledge for /app/data/T0015/327978/b5857iz/shopizer-327978/sm-core/src/main/java/com/salesmanager/core/business/user/service/GroupServiceImpl.java
2026-03-03 17:08:53,359 - Knowledge - INFO - Worker kw4 processing /app/data/T0015/327978/b5857iz/shopizer-327978/sm-core/src/main/java/com/salesmanager/core/modules/utils/GeoLocation.java
2026-03-03 17:08:53,444 - Knowledge - INFO - process ingested knowledge for /app/data/T0015/327978/b5857iz/shopizer-327978/sm-core/src/main/java/com/salesmanager/core/business/catalog/product/service/PricingService.java
2026-03-03 17:08:53,467 - Knowledge - INFO - Batch sizing: calculated=8, max_allowed=10, queue=723, active_workers=20/20
2026-03-03 17:08:53,612 - Knowledge - INFO - Fast-tracked /app/data/T0015/327978/b5857iz/shopizer-327978/sm-core/src/main/java/com/salesmanager/core/modules/cms/common/ImageRemove.java (ext=.java, size=260)
2026-03-03 17:08:53,689 - Knowledge - INFO - Fast-tracked /app/data/T0015/327978/b5857iz/shopizer-327978/sm-core/src/main/java/com/salesmanager/core/modules/cms/impl/VendorCacheManager.java (ext=.java, size=997)
2026-03-03 17:08:53,774 - Knowledge - INFO - Fast-tracked /app/data/T0015/327978/b5857iz/shopizer-327978/sm-core/src/main/java/com/salesmanager/core/modules/cms/content/FileRemove.java (ext=.java, size=506)
2026-03-03 17:08:54,087 - Knowledge - INFO - Worker kw19 processing /app/data/T0015/327978/b5857iz/shopizer-327978/sm-core/src/main/java/com/salesmanager/core/constants/ShippingConstants.java
2026-03-03 17:08:54,164 - Knowledge - INFO - Batch sizing: calculated=8, max_allowed=10, queue=723, active_workers=20/20
2026-03-03 17:08:54,167 - Knowledge - INFO - [kw12] Queue=723, InProgress=0, PendingWorkers=20/20, Completed=356/1167 (30.5%)
2026-03-03 17:08:54,519 - Knowledge - INFO - Batch sizing: calculated=8, max_allowed=10, queue=723, active_workers=20/20
2026-03-03 17:08:54,835 - Knowledge - INFO - process ingested knowledge for /app/data/T0015/327978/b5857iz/shopizer-327978/sm-core/src/main/java/com/salesmanager/core/business/catalog/product/model/attribute/ProductOptionValue.java
2026-03-03 17:08:54,938 - Knowledge - INFO - process ingested knowledge for /app/data/T0015/327978/b5857iz/shopizer-327978/sm-core/src/main/java/com/salesmanager/core/business/catalog/product/model/price/ProductPrice.java
2026-03-03 17:08:54,954 - Knowledge - INFO - [kw11] Queue=723, InProgress=0, PendingWorkers=20/20, Completed=356/1167 (30.5%)
2026-03-03 17:08:55,016 - Knowledge - INFO - Fast-tracked /app/data/T0015/327978/b5857iz/shopizer-327978/sm-core/src/main/java/com/salesmanager/core/modules/integration/shipping/model/CustomShippingQuoteWeightItem.java (ext=.java, size=872)
2026-03-03 17:08:55,122 - Knowledge - INFO - Worker kw8 processing /app/data/T0015/327978/b5857iz/shopizer-327978/sm-core/src/main/java/com/salesmanager/core/modules/integration/payment/impl/PayPalExpressCheckoutPayment.java
2026-03-03 17:08:55,240 - Knowledge - INFO - process ingested knowledge for /app/data/T0015/327978/b5857iz/shopizer-327978/sm-core/src/main/java/com/salesmanager/core/business/user/service/UserService.java
2026-03-03 17:08:55,423 - Knowledge - INFO - Fast-tracked /app/data/T0015/327978/b5857iz/shopizer-327978/sm-core/src/main/java/com/salesmanager/core/modules/utils/GeoLocation.java (ext=.java, size=199)
2026-03-03 17:08:55,540 - Knowledge - INFO - process ingested knowledge for /app/data/T0015/327978/b5857iz/shopizer-327978/sm-core/src/main/java/com/salesmanager/core/business/catalog/product/service/manufacturer/ManufacturerServiceImpl.java
2026-03-03 17:08:55,618 - Knowledge - INFO - Async storing batch of 8 embeddings
2026-03-03 17:08:55,696 - Knowledge - INFO - Worker kw7 processing /app/data/T0015/327978/b5857iz/shopizer-327978/sm-core/src/main/java/com/salesmanager/core/modules/cms/common/StaticContentData.java
2026-03-03 17:08:55,770 - Knowledge - INFO - Worker kw5 processing /app/data/T0015/327978/b5857iz/shopizer-327978/sm-core/src/main/java/com/salesmanager/core/modules/cms/impl/CacheManager.java
2026-03-03 17:08:55,889 - Knowledge - INFO - Worker kw2 processing /app/data/T0015/327978/b5857iz/shopizer-327978/sm-core/src/main/java/com/salesmanager/core/modules/cms/content/StaticContentFileManager.java
2026-03-03 17:08:56,017 - Knowledge - INFO - Fast-tracked /app/data/T0015/327978/b5857iz/shopizer-327978/sm-core/src/main/java/com/salesmanager/core/constants/ShippingConstants.java (ext=.java, size=282)
2026-03-03 17:08:56,125 - Knowledge - INFO - Async storing batch of 8 embeddings
2026-03-03 17:08:56,234 - Knowledge - INFO - Batch sizing: calculated=8, max_allowed=10, queue=723, active_workers=20/20
2026-03-03 17:08:56,392 - Knowledge - INFO - Async storing batch of 8 embeddings
2026-03-03 17:08:56,608 - Knowledge - INFO - process ingested knowledge for /app/data/T0015/327978/b5857iz/shopizer-327978/sm-core/src/main/java/com/salesmanager/core/business/catalog/product/model/price/ProductPriceType.java
2026-03-03 17:08:56,703 - Knowledge - INFO - Batch sizing: calculated=8, max_allowed=10, queue=723, active_workers=20/20
2026-03-03 17:08:56,813 - Knowledge - INFO - Worker kw9 processing /app/data/T0015/327978/b5857iz/shopizer-327978/sm-core/src/main/java/com/salesmanager/core/modules/integration/shipping/model/CustomShippingQuotesRegion.java
2026-03-03 17:08:56,925 - Knowledge - INFO - Worker kw8 processing /app/data/T0015/327978/b5857iz/shopizer-327978/sm-core/src/main/java/com/salesmanager/core/modules/integration/payment/impl/PayPalRestPayment.java
2026-03-03 17:08:57,130 - Knowledge - INFO - Worker kw4 processing /app/data/T0015/327978/b5857iz/shopizer-327978/sm-core/src/main/java/com/salesmanager/core/modules/utils/GeoLocationImpl.java
2026-03-03 17:08:57,150 - Knowledge - INFO - process ingested knowledge for /app/data/T0015/327978/b5857iz/shopizer-327978/sm-core/src/main/java/com/salesmanager/core/business/user/service/PermissionServiceImpl.java
2026-03-03 17:08:57,157 - Knowledge - INFO - Fast-tracked /app/data/T0015/327978/b5857iz/shopizer-327978/sm-core/src/main/java/com/salesmanager/core/utils/ajax/AjaxPageableResponse.java (small file (2043 bytes))
2026-03-03 17:08:57,201 - Knowledge - INFO - process ingested knowledge for /app/data/T0015/327978/b5857iz/shopizer-327978/sm-core/src/main/java/com/salesmanager/core/business/catalog/product/service/manufacturer/ManufacturerService.java
2026-03-03 17:08:57,312 - Knowledge - INFO - Worker kw17 processing /app/data/T0015/327978/b5857iz/shopizer-327978/sm-core/src/main/resources/spring/shopizer-core-config.xml
2026-03-03 17:08:57,347 - Knowledge - INFO - Fast-tracked /app/data/T0015/327978/b5857iz/shopizer-327978/sm-core/src/main/java/com/salesmanager/core/utils/CacheUtils.java (small file (2583 bytes))
2026-03-03 17:08:57,413 - Knowledge - INFO - Fast-tracked /app/data/T0015/327978/b5857iz/shopizer-327978/sm-core/src/main/java/com/salesmanager/core/modules/cms/common/StaticContentData.java (ext=.java, size=1182)
2026-03-03 17:08:57,503 - Knowledge - INFO - Fast-tracked /app/data/T0015/327978/b5857iz/shopizer-327978/sm-core/src/main/java/com/salesmanager/core/modules/cms/impl/CacheManager.java (ext=.java, size=300)
2026-03-03 17:08:57,526 - Knowledge - INFO - Fast-tracked /app/data/T0015/327978/b5857iz/shopizer-327978/sm-core/src/main/java/com/salesmanager/core/modules/email/EmailConfig.java (small file (1916 bytes))
2026-03-03 17:08:57,629 - Knowledge - INFO - Fast-tracked /app/data/T0015/327978/b5857iz/shopizer-327978/sm-core/src/main/java/com/salesmanager/core/modules/cms/content/StaticContentFileManager.java (ext=.java, size=203)
2026-03-03 17:08:57,743 - Knowledge - INFO - Worker kw19 processing /app/data/T0015/327978/b5857iz/shopizer-327978/sm-core/src/main/resources/search/settings_product_fr.json
2026-03-03 17:08:57,851 - Knowledge - INFO - Worker kw1 processing /app/data/T0015/327978/b5857iz/shopizer-327978/sm-core/pom.xml
2026-03-03 17:08:57,852 - Knowledge - INFO - [kw6] Queue=699, InProgress=0, PendingWorkers=20/20, Completed=356/1167 (30.5%)
2026-03-03 17:08:57,978 - Knowledge - INFO - Async storing batch of 8 embeddings
2026-03-03 17:08:58,081 - Knowledge - INFO - Worker kw13 processing /app/data/T0015/327978/b5857iz/shopizer-327978/sm-shop/src/main/java/com/salesmanager/web/services/security/ServicesAuthenticationSuccessHandler.java
2026-03-03 17:08:58,161 - Knowledge - INFO - process ingested knowledge for /app/data/T0015/327978/b5857iz/shopizer-327978/sm-core/src/main/java/com/salesmanager/core/business/catalog/product/model/price/FinalPrice.java
2026-03-03 17:08:58,273 - Knowledge - INFO - Async storing batch of 8 embeddings
2026-03-03 17:08:58,412 - Knowledge - INFO - Worker kw9 processing /app/data/T0015/327978/b5857iz/shopizer-327978/sm-core/src/main/java/com/salesmanager/core/modules/integration/shipping/model/CustomShippingQuoteItem.java
2026-03-03 17:08:58,522 - Knowledge - INFO - Worker kw8 processing /app/data/T0015/327978/b5857iz/shopizer-327978/sm-core/src/main/java/com/salesmanager/core/modules/integration/payment/model/PaymentModule.java
2026-03-03 17:08:58,618 - Knowledge - INFO - Fast-tracked /app/data/T0015/327978/b5857iz/shopizer-327978/sm-core/src/main/java/com/salesmanager/core/modules/utils/GeoLocationImpl.java (ext=.java, size=1425)
2026-03-03 17:08:58,696 - Knowledge - INFO - process ingested knowledge for /app/data/T0015/327978/b5857iz/shopizer-327978/sm-core/src/main/java/com/salesmanager/core/business/user/service/UserServiceImpl.java
2026-03-03 17:08:58,936 - Knowledge - INFO - process ingested knowledge for /app/data/T0015/327978/b5857iz/shopizer-327978/sm-core/src/main/java/com/salesmanager/core/business/catalog/product/service/image/ProductImageService.java
2026-03-03 17:08:59,033 - Knowledge - INFO - Fast-tracked /app/data/T0015/327978/b5857iz/shopizer-327978/sm-core/src/main/resources/spring/shopizer-core-config.xml (ext=.xml, size=1920)
2026-03-03 17:08:59,262 - Knowledge - INFO - Worker kw7 processing /app/data/T0015/327978/b5857iz/shopizer-327978/sm-core/src/main/java/com/salesmanager/core/modules/cms/common/ImageGet.java
2026-03-03 17:08:59,378 - Knowledge - INFO - Worker kw5 processing /app/data/T0015/327978/b5857iz/shopizer-327978/sm-core/src/main/java/com/salesmanager/core/modules/cms/product/ProductImageGet.java
2026-03-03 17:08:59,611 - Knowledge - INFO - Worker kw2 processing /app/data/T0015/327978/b5857iz/shopizer-327978/sm-core/src/main/java/com/salesmanager/core/modules/cms/content/ContentImageGet.java
2026-03-03 17:08:59,688 - Knowledge - INFO - Fast-tracked /app/data/T0015/327978/b5857iz/shopizer-327978/sm-core/src/main/resources/search/settings_product_fr.json (ext=.json, size=280)
2026-03-03 17:08:59,807 - Knowledge - INFO - Fast-tracked /app/data/T0015/327978/b5857iz/shopizer-327978/sm-core/pom.xml (ext=.xml, size=19014)
2026-03-03 17:08:59,916 - Knowledge - INFO - Batch sizing: calculated=8, max_allowed=10, queue=699, active_workers=20/20
2026-03-03 17:09:00,029 - Knowledge - INFO - Worker kw12 processing /app/data/T0015/327978/b5857iz/shopizer-327978/sm-shop/src/main/java/com/salesmanager/web/init/data/InitializationLoader.java
2026-03-03 17:09:00,136 - Knowledge - INFO - Fast-tracked /app/data/T0015/327978/b5857iz/shopizer-327978/sm-shop/src/main/java/com/salesmanager/web/services/security/ServicesAuthenticationSuccessHandler.java (ext=.java, size=1716)
2026-03-03 17:09:00,220 - Knowledge - INFO - process ingested knowledge for /app/data/T0015/327978/b5857iz/shopizer-327978/sm-core/src/main/java/com/salesmanager/core/business/catalog/product/model/availability/ProductAvailability.java
2026-03-03 17:09:00,247 - Knowledge - INFO - [LLM_CALL] Completed: User.java:chunk1, Duration: 17161ms, PromptTokens: 3880, CompletionTokens: 1325, Cost: $0.00092
2026-03-03 17:09:00,330 - Knowledge - INFO - Worker kw11 processing /app/data/T0015/327978/b5857iz/shopizer-327978/sm-shop/src/main/java/com/salesmanager/web/shop/controller/shoppingCart/facade/ShoppingCartFacadeImpl.java
2026-03-03 17:09:00,466 - Knowledge - INFO - Fast-tracked /app/data/T0015/327978/b5857iz/shopizer-327978/sm-core/src/main/java/com/salesmanager/core/modules/integration/shipping/model/CustomShippingQuoteItem.java (ext=.java, size=478)
2026-03-03 17:09:00,545 - Knowledge - INFO - Worker kw8 processing /app/data/T0015/327978/b5857iz/shopizer-327978/sm-core/src/main/java/com/salesmanager/core/modules/integration/IntegrationException.java
2026-03-03 17:09:00,631 - Knowledge - INFO - Worker kw4 processing /app/data/T0015/327978/b5857iz/shopizer-327978/sm-core/src/main/java/com/salesmanager/core/modules/utils/EncryptionImpl.java
2026-03-03 17:09:00,707 - Knowledge - INFO - process ingested knowledge for /app/data/T0015/327978/b5857iz/shopizer-327978/sm-core/src/main/java/com/salesmanager/core/business/user/service/PermissionService.java
2026-03-03 17:09:00,762 - Knowledge - INFO - Async storage completed for 8 embeddings
2026-03-03 17:09:00,814 - Knowledge - INFO - process ingested knowledge for /app/data/T0015/327978/b5857iz/shopizer-327978/sm-core/src/main/java/com/salesmanager/core/business/catalog/product/service/image/ProductImageServiceImpl.java
2026-03-03 17:09:00,924 - Knowledge - INFO - Worker kw17 processing /app/data/T0015/327978/b5857iz/shopizer-327978/sm-core/src/main/resources/spring/shopizer-search.xml
2026-03-03 17:09:01,005 - Knowledge - INFO - Fast-tracked /app/data/T0015/327978/b5857iz/shopizer-327978/sm-core/src/main/java/com/salesmanager/core/modules/cms/common/ImageGet.java (ext=.java, size=483)
2026-03-03 17:09:01,105 - Knowledge - INFO - Fast-tracked /app/data/T0015/327978/b5857iz/shopizer-327978/sm-core/src/main/java/com/salesmanager/core/modules/cms/product/ProductImageGet.java (ext=.java, size=1263)
2026-03-03 17:09:01,168 - Knowledge - INFO - Fast-tracked /app/data/T0015/327978/b5857iz/shopizer-327978/sm-core/src/main/java/com/salesmanager/core/utils/DataUtils.java (small file (2800 bytes))
2026-03-03 17:09:01,210 - Knowledge - INFO - Fast-tracked /app/data/T0015/327978/b5857iz/shopizer-327978/sm-core/src/main/java/com/salesmanager/core/modules/cms/content/ContentImageGet.java (ext=.java, size=690)
2026-03-03 17:09:01,298 - Knowledge - INFO - Worker kw19 processing /app/data/T0015/327978/b5857iz/shopizer-327978/sm-core/src/main/resources/search/product_fr.json
2026-03-03 17:09:01,400 - Knowledge - INFO - Worker kw1 processing /app/data/T0015/327978/b5857iz/shopizer-327978/sm-shop/src/test/java/com/salesmanager/test/shop/controller/customer/rest/CustomerRESTControllerTest.java
2026-03-03 17:09:01,577 - Knowledge - INFO - Worker kw12 processing /app/data/T0015/327978/b5857iz/shopizer-327978/sm-shop/src/main/java/com/salesmanager/web/shop/controller/AbstractController.java
2026-03-03 17:09:01,696 - Knowledge - INFO - Worker kw13 processing /app/data/T0015/327978/b5857iz/shopizer-327978/sm-shop/src/main/java/com/salesmanager/web/services/controller/order/OrderRESTController.java
2026-03-03 17:09:01,931 - Knowledge - INFO - done ingest for /app/data/T0015/327978/b5857iz/shopizer-327978/sm-core/src/main/java/com/salesmanager/core/business/user/model/User.java
2026-03-03 17:09:01,932 - Knowledge - INFO - Async storing batch of 8 embeddings
2026-03-03 17:09:02,022 - Knowledge - INFO - Worker kw11 processing /app/data/T0015/327978/b5857iz/shopizer-327978/sm-shop/src/main/java/com/salesmanager/web/shop/controller/shoppingCart/facade/ShoppingCartFacade.java
2026-03-03 17:09:02,177 - Knowledge - INFO - Worker kw9 processing /app/data/T0015/327978/b5857iz/shopizer-327978/sm-core/src/main/java/com/salesmanager/core/modules/integration/shipping/model/ShippingQuoteModule.java
2026-03-03 17:09:02,271 - Knowledge - INFO - Fast-tracked /app/data/T0015/327978/b5857iz/shopizer-327978/sm-core/src/main/java/com/salesmanager/core/modules/integration/IntegrationException.java (ext=.java, size=1206)
2026-03-03 17:09:02,393 - Knowledge - INFO - Worker kw4 processing /app/data/T0015/327978/b5857iz/shopizer-327978/sm-core/src/main/java/com/salesmanager/core/modules/utils/Encryption.java
2026-03-03 17:09:02,908 - Knowledge - INFO - Async storage completed for 10 embeddings
2026-03-03 17:09:02,912 - Knowledge - INFO - Fast-tracked /app/data/T0015/327978/b5857iz/shopizer-327978/sm-core/src/main/resources/spring/shopizer-search.xml (ext=.xml, size=6114)
2026-03-03 17:09:03,008 - Knowledge - INFO - Worker kw7 processing /app/data/T0015/327978/b5857iz/shopizer-327978/sm-core/src/main/java/com/salesmanager/core/modules/cms/content/FileGet.java
2026-03-03 17:09:03,129 - Knowledge - INFO - Worker kw5 processing /app/data/T0015/327978/b5857iz/shopizer-327978/sm-core/src/main/java/com/salesmanager/core/modules/cms/product/ProductFileManager.java
2026-03-03 17:09:03,215 - Knowledge - INFO - Fast-tracked /app/data/T0015/327978/b5857iz/shopizer-327978/sm-core/src/main/java/com/salesmanager/core/utils/reference/ConfigurationModulesLoader.java (small file (3050 bytes))
2026-03-03 17:09:03,293 - Knowledge - INFO - Worker kw2 processing /app/data/T0015/327978/b5857iz/shopizer-327978/sm-core/src/main/java/com/salesmanager/core/modules/cms/content/FilePut.java
2026-03-03 17:09:03,306 - Knowledge - INFO - [kw18] Queue=675, InProgress=0, PendingWorkers=20/20, Completed=356/1167 (30.5%)
2026-03-03 17:09:03,376 - Knowledge - INFO - Fast-tracked /app/data/T0015/327978/b5857iz/shopizer-327978/sm-core/src/main/resources/search/product_fr.json (ext=.json, size=829)
2026-03-03 17:09:03,474 - Knowledge - INFO - Fast-tracked /app/data/T0015/327978/b5857iz/shopizer-327978/sm-shop/src/test/java/com/salesmanager/test/shop/controller/customer/rest/CustomerRESTControllerTest.java (ext=.java, size=6544)
2026-03-03 17:09:03,555 - Knowledge - INFO - Worker kw12 processing /app/data/T0015/327978/b5857iz/shopizer-327978/sm-shop/src/main/java/com/salesmanager/web/shop/controller/order/ShoppingOrderDownloadController.java
2026-03-03 17:09:03,648 - Knowledge - INFO - Worker kw13 processing /app/data/T0015/327978/b5857iz/shopizer-327978/sm-shop/src/main/java/com/salesmanager/web/services/controller/customer/CustomerRESTController.java
2026-03-03 17:09:03,840 - Knowledge - INFO - Worker kw6 processing /app/data/T0015/327978/b5857iz/shopizer-327978/sm-shop/src/main/java/com/salesmanager/web/shop/controller/customer/CustomerProductReviewController.java
2026-03-03 17:09:03,938 - Knowledge - INFO - Worker kw11 processing /app/data/T0015/327978/b5857iz/shopizer-327978/sm-shop/src/main/java/com/salesmanager/web/shop/controller/shoppingCart/ShoppingCartController.java
2026-03-03 17:09:03,939 - Knowledge - INFO - [kw14] Queue=675, InProgress=0, PendingWorkers=20/20, Completed=360/1167 (30.8%)
2026-03-03 17:09:03,940 - Knowledge - INFO - Processing batch of 8 files
2026-03-03 17:09:04,019 - Knowledge - INFO - Fast-tracked /app/data/T0015/327978/b5857iz/shopizer-327978/sm-core/src/main/java/com/salesmanager/core/modules/integration/shipping/model/ShippingQuoteModule.java (ext=.java, size=1416)
2026-03-03 17:09:04,103 - Knowledge - INFO - Worker kw8 processing /app/data/T0015/327978/b5857iz/shopizer-327978/sm-core/src/main/java/com/salesmanager/core/modules/order/ODSInvoiceModule.java
2026-03-03 17:09:04,127 - Knowledge - INFO - [kw15] Queue=675, InProgress=0, PendingWorkers=20/20, Completed=364/1167 (31.2%)
2026-03-03 17:09:04,196 - Knowledge - INFO - Fast-tracked /app/data/T0015/327978/b5857iz/shopizer-327978/sm-core/src/main/java/com/salesmanager/core/modules/utils/Encryption.java (ext=.java, size=549)
2026-03-03 17:09:04,444 - Knowledge - INFO - Worker kw17 processing /app/data/T0015/327978/b5857iz/shopizer-327978/sm-core/src/main/resources/spring/datasource-c3p0.xml
2026-03-03 17:09:04,523 - Knowledge - INFO - Fast-tracked /app/data/T0015/327978/b5857iz/shopizer-327978/sm-core/src/main/java/com/salesmanager/core/modules/cms/content/FileGet.java (ext=.java, size=836)
2026-03-03 17:09:04,603 - Knowledge - INFO - Fast-tracked /app/data/T0015/327978/b5857iz/shopizer-327978/sm-core/src/main/java/com/salesmanager/core/modules/cms/product/ProductFileManager.java (ext=.java, size=182)
2026-03-03 17:09:04,735 - Knowledge - INFO - Async storage completed for 8 embeddings
2026-03-03 17:09:04,828 - Knowledge - INFO - Fast-tracked /app/data/T0015/327978/b5857iz/shopizer-327978/sm-core/src/main/java/com/salesmanager/core/modules/cms/content/FilePut.java (ext=.java, size=574)
2026-03-03 17:09:04,944 - Knowledge - INFO - Batch sizing: calculated=8, max_allowed=10, queue=675, active_workers=20/20
2026-03-03 17:09:05,042 - Knowledge - INFO - Worker kw19 processing /app/data/T0015/327978/b5857iz/shopizer-327978/sm-core/src/main/resources/search/settings_product.json
2026-03-03 17:09:05,141 - Knowledge - INFO - Worker kw1 processing /app/data/T0015/327978/b5857iz/shopizer-327978/sm-shop/src/test/java/com/salesmanager/test/shop/controller/category/rest/CategoryManagementAPITest.java
2026-03-03 17:09:05,304 - Knowledge - INFO - Worker kw12 processing /app/data/T0015/327978/b5857iz/shopizer-327978/sm-shop/src/main/java/com/salesmanager/web/shop/controller/order/ShoppingOrderController.java
2026-03-03 17:09:05,408 - Knowledge - INFO - Worker kw13 processing /app/data/T0015/327978/b5857iz/shopizer-327978/sm-shop/src/main/java/com/salesmanager/web/services/controller/category/ShoppingCategoryRESTController.java
2026-03-03 17:09:05,606 - Knowledge - INFO - Worker kw6 processing /app/data/T0015/327978/b5857iz/shopizer-327978/sm-shop/src/main/java/com/salesmanager/web/shop/controller/customer/CustomerOrdersController.java
2026-03-03 17:09:05,779 - Knowledge - INFO - Worker kw11 processing /app/data/T0015/327978/b5857iz/shopizer-327978/sm-shop/src/main/java/com/salesmanager/web/shop/controller/shoppingCart/MiniCartController.java
2026-03-03 17:09:05,876 - Knowledge - INFO - Batch sizing: calculated=8, max_allowed=10, queue=675, active_workers=20/20
2026-03-03 17:09:06,059 - Knowledge - INFO - process ingested knowledge for /app/data/T0015/327978/b5857iz/shopizer-327978/sm-core/src/main/java/com/salesmanager/core/business/user/service/GroupService.java
2026-03-03 17:09:06,145 - Knowledge - INFO - Worker kw9 processing /app/data/T0015/327978/b5857iz/shopizer-327978/sm-core/src/main/java/com/salesmanager/core/modules/integration/shipping/model/CustomShippingQuotesConfiguration.java
2026-03-03 17:09:06,464 - Knowledge - INFO - Batch sizing: calculated=8, max_allowed=10, queue=675, active_workers=20/20
2026-03-03 17:09:06,692 - Knowledge - INFO - Worker kw4 processing /app/data/T0015/327978/b5857iz/shopizer-327978/sm-core/src/main/java/com/salesmanager/core/modules/cms/impl/StaticContentCacheManagerImpl.java
2026-03-03 17:09:06,845 - Knowledge - INFO - Fast-tracked /app/data/T0015/327978/b5857iz/shopizer-327978/sm-core/src/main/resources/spring/datasource-c3p0.xml (ext=.xml, size=790)
2026-03-03 17:09:06,938 - Knowledge - INFO - Worker kw7 processing /app/data/T0015/327978/b5857iz/shopizer-327978/sm-core/src/main/java/com/salesmanager/core/modules/cms/content/StaticContentFileManagerImpl.java
2026-03-03 17:09:07,084 - Knowledge - INFO - Worker kw5 processing /app/data/T0015/327978/b5857iz/shopizer-327978/sm-core/src/main/java/com/salesmanager/core/modules/cms/product/CmsImageFileManagerInfinispanImpl.java
2026-03-03 17:09:07,366 - Knowledge - INFO - Worker kw2 processing /app/data/T0015/327978/b5857iz/shopizer-327978/sm-core/src/main/java/com/salesmanager/core/constants/MeasureUnit.java
2026-03-03 17:09:07,488 - Knowledge - INFO - Async storing batch of 8 embeddings
2026-03-03 17:09:07,639 - Knowledge - INFO - Fast-tracked /app/data/T0015/327978/b5857iz/shopizer-327978/sm-core/src/main/resources/search/settings_product.json (ext=.json, size=280)
2026-03-03 17:09:07,751 - Knowledge - INFO - Fast-tracked /app/data/T0015/327978/b5857iz/shopizer-327978/sm-shop/src/test/java/com/salesmanager/test/shop/controller/category/rest/CategoryManagementAPITest.java (ext=.java, size=3999)
2026-03-03 17:09:07,878 - Knowledge - INFO - Worker kw12 processing /app/data/T0015/327978/b5857iz/shopizer-327978/sm-shop/src/main/java/com/salesmanager/web/shop/controller/order/facade/OrderFacade.java
2026-03-03 17:09:07,993 - Knowledge - INFO - Worker kw13 processing /app/data/T0015/327978/b5857iz/shopizer-327978/sm-shop/src/main/java/com/salesmanager/web/services/controller/product/ShopProductRESTController.java
2026-03-03 17:09:08,100 - Knowledge - INFO - Worker kw6 processing /app/data/T0015/327978/b5857iz/shopizer-327978/sm-shop/src/main/java/com/salesmanager/web/shop/controller/customer/CustomerAccountController.java
2026-03-03 17:09:08,223 - Knowledge - INFO - [LLM_CALL] Completed: ProductImageSizeUtils.java:chunk1, Duration: 13761ms, PromptTokens: 3046, CompletionTokens: 435, Cost: $0.00048
2026-03-03 17:09:08,253 - Knowledge - INFO - Worker kw11 processing /app/data/T0015/327978/b5857iz/shopizer-327978/sm-shop/src/main/java/com/salesmanager/web/shop/controller/customer/facade/CustomerFacadeImpl.java
2026-03-03 17:09:08,577 - Knowledge - INFO - process ingested knowledge for /app/data/T0015/327978/b5857iz/shopizer-327978/sm-core/src/main/java/com/salesmanager/core/business/user/service/UserServiceLDAPImpl.java
2026-03-03 17:09:08,933 - Knowledge - INFO - Fast-tracked /app/data/T0015/327978/b5857iz/shopizer-327978/sm-core/src/main/java/com/salesmanager/core/modules/cms/impl/StaticContentCacheManagerImpl.java (ext=.java, size=914)
2026-03-03 17:09:09,047 - Knowledge - INFO - Worker kw17 processing /app/data/T0015/327978/b5857iz/shopizer-327978/sm-core/src/main/resources/spring/shopizer-core-ehcache.xml
2026-03-03 17:09:09,186 - Knowledge - INFO - Worker kw7 processing /app/data/T0015/327978/b5857iz/shopizer-327978/sm-core/src/main/java/com/salesmanager/core/modules/cms/content/ContentImageRemove.java
2026-03-03 17:09:09,344 - Knowledge - INFO - Worker kw5 processing /app/data/T0015/327978/b5857iz/shopizer-327978/sm-core/src/main/java/com/salesmanager/core/modules/cms/product/ProductImageRemove.java
2026-03-03 17:09:09,498 - Knowledge - INFO - Fast-tracked /app/data/T0015/327978/b5857iz/shopizer-327978/sm-core/src/main/java/com/salesmanager/core/constants/MeasureUnit.java (ext=.java, size=96)
2026-03-03 17:09:09,623 - Knowledge - INFO - Worker kw18 processing /app/data/T0015/327978/b5857iz/shopizer-327978/sm-shop/src/main/java/com/salesmanager/web/shop/controller/product/ShopProductController.java
2026-03-03 17:09:09,719 - Knowledge - INFO - Worker kw19 processing /app/data/T0015/327978/b5857iz/shopizer-327978/sm-core/src/main/resources/search/product.json
2026-03-03 17:09:09,822 - Knowledge - INFO - Worker kw1 processing /app/data/T0015/327978/b5857iz/shopizer-327978/sm-shop/src/test/java/com/salesmanager/test/shop/controller/product/rest/ProductManagementAPITest.java
2026-03-03 17:09:09,992 - Knowledge - INFO - Worker kw12 processing /app/data/T0015/327978/b5857iz/shopizer-327978/sm-shop/src/main/java/com/salesmanager/web/shop/controller/order/facade/OrderFacadeImpl.java
2026-03-03 17:09:10,168 - Knowledge - INFO - Worker kw13 processing /app/data/T0015/327978/b5857iz/shopizer-327978/sm-shop/src/main/java/com/salesmanager/web/services/controller/store/StoreContactRESTController.java
2026-03-03 17:09:10,364 - Knowledge - INFO - Worker kw6 processing /app/data/T0015/327978/b5857iz/shopizer-327978/sm-shop/src/main/java/com/salesmanager/web/shop/controller/customer/CustomerLoginController.java
2026-03-03 17:09:10,410 - Knowledge - INFO - done ingest for /app/data/T0015/327978/b5857iz/shopizer-327978/sm-core/src/main/java/com/salesmanager/core/utils/ProductImageSizeUtils.java
2026-03-03 17:09:10,421 - Knowledge - INFO - Async storing batch of 8 embeddings
2026-03-03 17:09:10,472 - Knowledge - INFO - Async storing batch of 8 embeddings
2026-03-03 17:09:10,536 - Knowledge - INFO - Worker kw11 processing /app/data/T0015/327978/b5857iz/shopizer-327978/sm-shop/src/main/java/com/salesmanager/web/shop/controller/customer/facade/CustomerFacade.java
2026-03-03 17:09:10,611 - Knowledge - INFO - process ingested knowledge for /app/data/T0015/327978/b5857iz/shopizer-327978/sm-core/src/main/java/com/salesmanager/core/business/user/model/PermissionCriteria.java
2026-03-03 17:09:10,767 - Knowledge - INFO - Worker kw4 processing /app/data/T0015/327978/b5857iz/shopizer-327978/sm-core/src/main/java/com/salesmanager/core/modules/cms/impl/StoreCacheManagerImpl.java
2026-03-03 17:09:10,894 - Knowledge - INFO - Fast-tracked /app/data/T0015/327978/b5857iz/shopizer-327978/sm-core/src/main/resources/spring/shopizer-core-ehcache.xml (ext=.xml, size=2132)
2026-03-03 17:09:10,994 - Knowledge - INFO - Fast-tracked /app/data/T0015/327978/b5857iz/shopizer-327978/sm-core/src/main/java/com/salesmanager/core/modules/cms/content/ContentImageRemove.java (ext=.java, size=484)
2026-03-03 17:09:11,093 - Knowledge - INFO - [LLM_CALL] Completed: ZonesLoader.java:chunk1, Duration: 17480ms, PromptTokens: 2660, CompletionTokens: 397, Cost: $0.00042
2026-03-03 17:09:11,095 - Knowledge - INFO - Fast-tracked /app/data/T0015/327978/b5857iz/shopizer-327978/sm-core/src/main/java/com/salesmanager/core/modules/cms/product/ProductImageRemove.java (ext=.java, size=582)
2026-03-03 17:09:11,237 - Knowledge - INFO - Worker kw2 processing /app/data/T0015/327978/b5857iz/shopizer-327978/sm-core/src/main/java/com/salesmanager/core/constants/SystemConstants.java
2026-03-03 17:09:11,360 - Knowledge - INFO - Worker kw18 processing /app/data/T0015/327978/b5857iz/shopizer-327978/sm-shop/src/main/java/com/salesmanager/web/shop/controller/store/ContactController.java
2026-03-03 17:09:11,450 - Knowledge - INFO - Fast-tracked /app/data/T0015/327978/b5857iz/shopizer-327978/sm-core/src/main/resources/search/product.json (ext=.json, size=830)
2026-03-03 17:09:11,562 - Knowledge - INFO - Fast-tracked /app/data/T0015/327978/b5857iz/shopizer-327978/sm-shop/src/test/java/com/salesmanager/test/shop/controller/product/rest/ProductManagementAPITest.java (ext=.java, size=10023)
2026-03-03 17:09:11,654 - Knowledge - INFO - Worker kw12 processing /app/data/T0015/327978/b5857iz/shopizer-327978/sm-shop/src/main/java/com/salesmanager/web/shop/controller/order/ShoppingOrderPaymentController.java
2026-03-03 17:09:11,744 - Knowledge - INFO - Worker kw13 processing /app/data/T0015/327978/b5857iz/shopizer-327978/sm-shop/src/main/java/com/salesmanager/web/init/data/InitData.java
2026-03-03 17:09:11,834 - Knowledge - INFO - Worker kw6 processing /app/data/T0015/327978/b5857iz/shopizer-327978/sm-shop/src/main/java/com/salesmanager/web/shop/controller/search/SearchController.java
2026-03-03 17:09:12,103 - Knowledge - INFO - Worker kw14 processing /app/data/T0015/327978/b5857iz/shopizer-327978/sm-shop/src/main/java/com/salesmanager/web/shop/model/catalog/AttributeValue.java
2026-03-03 17:09:12,213 - Knowledge - INFO - Worker kw15 processing /app/data/T0015/327978/b5857iz/shopizer-327978/sm-shop/src/main/java/com/salesmanager/web/populator/order/OrderProductPopulator.java
2026-03-03 17:09:12,391 - Knowledge - INFO - Worker kw11 processing /app/data/T0015/327978/b5857iz/shopizer-327978/sm-shop/src/main/java/com/salesmanager/web/shop/controller/customer/CustomerDashboardController.java
2026-03-03 17:09:12,510 - Knowledge - INFO - process ingested knowledge for /app/data/T0015/327978/b5857iz/shopizer-327978/sm-core/src/main/java/com/salesmanager/core/business/user/model/Permission.java
2026-03-03 17:09:12,664 - Knowledge - INFO - Fast-tracked /app/data/T0015/327978/b5857iz/shopizer-327978/sm-core/src/main/java/com/salesmanager/core/modules/cms/impl/StoreCacheManagerImpl.java (ext=.java, size=598)
2026-03-03 17:09:12,755 - Knowledge - INFO - Worker kw17 processing /app/data/T0015/327978/b5857iz/shopizer-327978/sm-core/src/main/resources/spring/shopizer-core-modules.xml
2026-03-03 17:09:12,860 - Knowledge - INFO - Worker kw7 processing /app/data/T0015/327978/b5857iz/shopizer-327978/sm-core/src/main/java/com/salesmanager/core/modules/cms/content/ImagePut.java
2026-03-03 17:09:13,002 - Knowledge - INFO - done ingest for /app/data/T0015/327978/b5857iz/shopizer-327978/sm-core/src/main/java/com/salesmanager/core/utils/reference/ZonesLoader.java
2026-03-03 17:09:13,003 - Knowledge - INFO - [LLM_CALL] Completed: AjaxResponse.java:chunk1, Duration: 14196ms, PromptTokens: 3088, CompletionTokens: 709, Cost: $0.00059
2026-03-03 17:09:13,109 - Knowledge - INFO - Worker kw5 processing /app/data/T0015/327978/b5857iz/shopizer-327978/sm-core/src/main/java/com/salesmanager/core/modules/cms/product/ProductFileManagerImpl.java
2026-03-03 17:09:13,197 - Knowledge - INFO - Fast-tracked /app/data/T0015/327978/b5857iz/shopizer-327978/sm-core/src/main/java/com/salesmanager/core/constants/SystemConstants.java (ext=.java, size=247)
2026-03-03 17:09:13,296 - Knowledge - INFO - Worker kw18 processing /app/data/T0015/327978/b5857iz/shopizer-327978/sm-shop/src/main/java/com/salesmanager/web/shop/controller/content/ShopContentController.java
2026-03-03 17:09:13,378 - Knowledge - INFO - Worker kw19 processing /app/data/T0015/327978/b5857iz/shopizer-327978/sm-core/src/main/resources/META-INF/sm-persistence.xml
2026-03-03 17:09:13,482 - Knowledge - INFO - Worker kw1 processing /app/data/T0015/327978/b5857iz/shopizer-327978/sm-shop/src/test/java/com/salesmanager/test/shop/controller/store/rest/ContactAPITest.java
2026-03-03 17:09:13,583 - Knowledge - INFO - Worker kw12 processing /app/data/T0015/327978/b5857iz/shopizer-327978/sm-shop/src/main/java/com/salesmanager/web/shop/controller/order/ShoppingOrderConfirmationController.java
2026-03-03 17:09:13,686 - Knowledge - INFO - Fast-tracked /app/data/T0015/327978/b5857iz/shopizer-327978/sm-shop/src/main/java/com/salesmanager/web/init/data/InitData.java (ext=.java, size=205)
2026-03-03 17:09:13,814 - Knowledge - INFO - Worker kw6 processing /app/data/T0015/327978/b5857iz/shopizer-327978/sm-shop/src/main/java/com/salesmanager/web/shop/controller/category/ShoppingCategoryController.java
2026-03-03 17:09:13,910 - Knowledge - INFO - Fast-tracked /app/data/T0015/327978/b5857iz/shopizer-327978/sm-shop/src/main/java/com/salesmanager/web/shop/model/catalog/AttributeValue.java (ext=.java, size=1115)
2026-03-03 17:09:14,013 - Knowledge - INFO - Worker kw15 processing /app/data/T0015/327978/b5857iz/shopizer-327978/sm-shop/src/main/java/com/salesmanager/web/populator/order/ReadableOrderProductDownloadPopulator.java
2026-03-03 17:09:14,086 - Knowledge - INFO - Worker kw11 processing /app/data/T0015/327978/b5857iz/shopizer-327978/sm-shop/src/main/java/com/salesmanager/web/shop/controller/customer/CustomerRegistrationController.java
2026-03-03 17:09:14,165 - Knowledge - INFO - process ingested knowledge for /app/data/T0015/327978/b5857iz/shopizer-327978/sm-core/src/main/java/com/salesmanager/core/business/user/model/PermissionList.java
2026-03-03 17:09:14,280 - Knowledge - INFO - Worker kw4 processing /app/data/T0015/327978/b5857iz/shopizer-327978/sm-core/src/main/java/com/salesmanager/core/modules/cms/impl/CacheManagerImpl.java
2026-03-03 17:09:14,367 - Knowledge - INFO - Fast-tracked /app/data/T0015/327978/b5857iz/shopizer-327978/sm-core/src/main/resources/spring/shopizer-core-modules.xml (ext=.xml, size=8496)
2026-03-03 17:09:14,450 - Knowledge - INFO - Fast-tracked /app/data/T0015/327978/b5857iz/shopizer-327978/sm-core/src/main/java/com/salesmanager/core/modules/cms/content/ImagePut.java (ext=.java, size=488)
2026-03-03 17:09:14,670 - Knowledge - INFO - done ingest for /app/data/T0015/327978/b5857iz/shopizer-327978/sm-core/src/main/java/com/salesmanager/core/utils/ajax/AjaxResponse.java
2026-03-03 17:09:14,790 - Knowledge - INFO - Worker kw5 processing /app/data/T0015/327978/b5857iz/shopizer-327978/sm-core/src/main/java/com/salesmanager/core/modules/cms/product/ProductImagePut.java
2026-03-03 17:09:14,869 - Knowledge - INFO - Worker kw2 processing /app/data/T0015/327978/b5857iz/shopizer-327978/sm-core/src/main/java/com/salesmanager/core/constants/Constants.java
2026-03-03 17:09:15,046 - Knowledge - INFO - Worker kw18 processing /app/data/T0015/327978/b5857iz/shopizer-327978/sm-shop/src/main/java/com/salesmanager/web/shop/model/paging/PaginationData.java
2026-03-03 17:09:15,177 - Knowledge - INFO - Fast-tracked /app/data/T0015/327978/b5857iz/shopizer-327978/sm-core/src/main/resources/META-INF/sm-persistence.xml (ext=.xml, size=5882)
2026-03-03 17:09:15,314 - Knowledge - INFO - Fast-tracked /app/data/T0015/327978/b5857iz/shopizer-327978/sm-shop/src/test/java/com/salesmanager/test/shop/controller/store/rest/ContactAPITest.java (ext=.java, size=2037)
2026-03-03 17:09:15,579 - Knowledge - INFO - Worker kw13 processing /app/data/T0015/327978/b5857iz/shopizer-327978/sm-shop/src/main/java/com/salesmanager/web/init/data/InitStoreData.java
2026-03-03 17:09:15,617 - Knowledge - INFO - [LLM_CALL] Completed: DefaultPackagingImpl.java:chunk1, Duration: 13684ms, PromptTokens: 6376, CompletionTokens: 569, Cost: $0.00087
2026-03-03 17:09:15,786 - Knowledge - INFO - Worker kw6 processing /app/data/T0015/327978/b5857iz/shopizer-327978/sm-shop/src/main/java/com/salesmanager/web/shop/controller/LandingController.java
2026-03-03 17:09:15,874 - Knowledge - INFO - Worker kw14 processing /app/data/T0015/327978/b5857iz/shopizer-327978/sm-shop/src/main/java/com/salesmanager/web/populator/order/PersistableOrderPopulator.java
2026-03-03 17:09:16,030 - Knowledge - INFO - Fast-tracked /app/data/T0015/327978/b5857iz/shopizer-327978/sm-shop/src/main/java/com/salesmanager/web/populator/order/ReadableOrderProductDownloadPopulator.java (ext=.java, size=1380)
2026-03-03 17:09:16,233 - Knowledge - INFO - process ingested knowledge for /app/data/T0015/327978/b5857iz/shopizer-327978/sm-core/src/main/java/com/salesmanager/core/business/user/model/Group.java
2026-03-03 17:09:16,313 - Knowledge - INFO - Fast-tracked /app/data/T0015/327978/b5857iz/shopizer-327978/sm-core/src/main/java/com/salesmanager/core/modules/cms/impl/CacheManagerImpl.java (ext=.java, size=1500)
2026-03-03 17:09:16,394 - Knowledge - INFO - Worker kw17 processing /app/data/T0015/327978/b5857iz/shopizer-327978/sm-core/src/main/resources/cms/infinispan_configuration.xml
2026-03-03 17:09:16,482 - Knowledge - INFO - Worker kw7 processing /app/data/T0015/327978/b5857iz/shopizer-327978/sm-core/src/main/java/com/salesmanager/core/modules/cms/content/CmsStaticContentFileManagerInfinispanImpl.java
2026-03-03 17:09:16,658 - Knowledge - INFO - Fast-tracked /app/data/T0015/327978/b5857iz/shopizer-327978/sm-core/src/main/java/com/salesmanager/core/modules/cms/product/ProductImagePut.java (ext=.java, size=447)
2026-03-03 17:09:16,781 - Knowledge - INFO - Fast-tracked /app/data/T0015/327978/b5857iz/shopizer-327978/sm-core/src/main/java/com/salesmanager/core/constants/Constants.java (ext=.java, size=1391)
2026-03-03 17:09:16,914 - Knowledge - INFO - Worker kw18 processing /app/data/T0015/327978/b5857iz/shopizer-327978/sm-shop/src/main/java/com/salesmanager/web/shop/model/search/AutoCompleteRequest.java
2026-03-03 17:09:17,007 - Knowledge - INFO - Worker kw19 processing /app/data/T0015/327978/b5857iz/shopizer-327978/sm-core/src/main/resources/ehcache/smcore-ehcache.xml
2026-03-03 17:09:17,169 - Knowledge - INFO - Worker kw1 processing /app/data/T0015/327978/b5857iz/shopizer-327978/sm-shop/src/test/resources/log4j.xml
2026-03-03 17:09:17,374 - Knowledge - INFO - done ingest for /app/data/T0015/327978/b5857iz/shopizer-327978/sm-core/src/main/java/com/salesmanager/core/modules/integration/shipping/impl/DefaultPackagingImpl.java
2026-03-03 17:09:17,377 - Knowledge - INFO - Processing batch of 8 files
2026-03-03 17:09:17,377 - Knowledge - INFO - [LLM_CALL] Completed: ProductImageCropUtils.java:chunk1, Duration: 22643ms, PromptTokens: 3504, CompletionTokens: 673, Cost: $0.00062
2026-03-03 17:09:17,453 - Knowledge - INFO - Worker kw6 processing /app/data/T0015/327978/b5857iz/shopizer-327978/sm-shop/src/main/java/com/salesmanager/web/shop/controller/ControllerConstants.java
2026-03-03 17:09:17,537 - Knowledge - INFO - Worker kw14 processing /app/data/T0015/327978/b5857iz/shopizer-327978/sm-shop/src/main/java/com/salesmanager/web/populator/order/ReadableShopOrderPopulator.java
2026-03-03 17:09:17,643 - Knowledge - INFO - Worker kw15 processing /app/data/T0015/327978/b5857iz/shopizer-327978/sm-shop/src/main/java/com/salesmanager/web/populator/order/ShoppingCartItemPopulator.java
2026-03-03 17:09:17,658 - Knowledge - INFO - Fast-tracked /app/data/T0015/327978/b5857iz/shopizer-327978/sm-core/src/main/java/com/salesmanager/core/modules/integration/payment/model/PaymentModule.java (small file (2282 bytes))
2026-03-03 17:09:17,741 - Knowledge - INFO - process ingested knowledge for /app/data/T0015/327978/b5857iz/shopizer-327978/sm-core/src/main/java/com/salesmanager/core/business/user/model/User.java
2026-03-03 17:09:17,823 - Knowledge - INFO - Fast-tracked /app/data/T0015/327978/b5857iz/shopizer-327978/sm-core/src/main/java/com/salesmanager/core/modules/utils/EncryptionImpl.java (small file (2620 bytes))
2026-03-03 17:09:17,927 - Knowledge - INFO - Fast-tracked /app/data/T0015/327978/b5857iz/shopizer-327978/sm-core/src/main/resources/cms/infinispan_configuration.xml (ext=.xml, size=4517)
2026-03-03 17:09:18,327 - Knowledge - INFO - Fast-tracked /app/data/T0015/327978/b5857iz/shopizer-327978/sm-core/src/main/java/com/salesmanager/core/modules/cms/content/StaticContentFileManagerImpl.java (small file (3037 bytes))
2026-03-03 17:09:18,478 - Knowledge - INFO - Worker kw2 processing /app/data/T0015/327978/b5857iz/shopizer-327978/sm-core/src/main/java/com/salesmanager/core/constants/SchemaConstant.java
2026-03-03 17:09:18,564 - Knowledge - INFO - Fast-tracked /app/data/T0015/327978/b5857iz/shopizer-327978/sm-shop/src/main/java/com/salesmanager/web/shop/model/search/AutoCompleteRequest.java (ext=.java, size=1964)
2026-03-03 17:09:18,650 - Knowledge - INFO - Fast-tracked /app/data/T0015/327978/b5857iz/shopizer-327978/sm-core/src/main/resources/ehcache/smcore-ehcache.xml (ext=.xml, size=910)
2026-03-03 17:09:18,728 - Knowledge - INFO - Fast-tracked /app/data/T0015/327978/b5857iz/shopizer-327978/sm-shop/src/test/resources/log4j.xml (ext=.xml, size=1043)
2026-03-03 17:09:18,811 - Knowledge - INFO - Fast-tracked /app/data/T0015/327978/b5857iz/shopizer-327978/sm-shop/src/main/java/com/salesmanager/web/shop/controller/AbstractController.java (small file (2875 bytes))
2026-03-03 17:09:19,024 - Knowledge - INFO - process ingested knowledge for /app/data/T0015/327978/b5857iz/shopizer-327978/sm-core/src/main/java/com/salesmanager/core/utils/ProductImageSizeUtils.java
2026-03-03 17:09:19,106 - Knowledge - INFO - done ingest for /app/data/T0015/327978/b5857iz/shopizer-327978/sm-core/src/main/java/com/salesmanager/core/utils/ProductImageCropUtils.java
2026-03-03 17:09:19,146 - Knowledge - INFO - [LLM_CALL] Completed: IntegrationModulesLoader.java:chunk1, Duration: 26442ms, PromptTokens: 3162, CompletionTokens: 441, Cost: $0.00049
2026-03-03 17:09:19,351 - Knowledge - INFO - Worker kw14 processing /app/data/T0015/327978/b5857iz/shopizer-327978/sm-shop/src/main/java/com/salesmanager/web/populator/order/ReadableOrderPopulator.java
2026-03-03 17:09:19,447 - Knowledge - INFO - Worker kw15 processing /app/data/T0015/327978/b5857iz/shopizer-327978/sm-shop/src/main/java/com/salesmanager/web/populator/shoppingCart/ShoppingCartDataPopulator.java
2026-03-03 17:09:19,660 - Knowledge - INFO - process ingested knowledge for /app/data/T0015/327978/b5857iz/shopizer-327978/sm-core/src/main/java/com/salesmanager/core/business/user/model/GroupType.java
2026-03-03 17:09:19,756 - Knowledge - INFO - Async storage completed for 8 embeddings
2026-03-03 17:09:19,878 - Knowledge - INFO - Worker kw17 processing /app/data/T0015/327978/b5857iz/shopizer-327978/sm-core/src/main/resources/reference/zoneconfig.json
2026-03-03 17:09:19,975 - Knowledge - INFO - Fast-tracked /app/data/T0015/327978/b5857iz/shopizer-327978/sm-shop/src/main/java/com/salesmanager/web/shop/controller/shoppingCart/facade/ShoppingCartFacade.java (small file (2465 bytes))
2026-03-03 17:09:20,130 - Knowledge - INFO - Worker kw18 processing /app/data/T0015/327978/b5857iz/shopizer-327978/sm-shop/src/main/java/com/salesmanager/web/shop/model/filter/QueryFilter.java
2026-03-03 17:09:20,293 - Knowledge - INFO - Worker kw19 processing /app/data/T0015/327978/b5857iz/shopizer-327978/sm-core/src/main/resources/spring/spring-context.xml
2026-03-03 17:09:20,376 - Knowledge - INFO - Worker kw1 processing /app/data/T0015/327978/b5857iz/shopizer-327978/sm-shop/src/main/java/com/salesmanager/web/services/security/ServicesAuthenticationEntryPoint.java
2026-03-03 17:09:20,594 - Knowledge - INFO - process ingested knowledge for /app/data/T0015/327978/b5857iz/shopizer-327978/sm-core/src/main/java/com/salesmanager/core/utils/ApplicationContextListenerUtils.java
2026-03-03 17:09:20,819 - Knowledge - INFO - done ingest for /app/data/T0015/327978/b5857iz/shopizer-327978/sm-core/src/main/java/com/salesmanager/core/utils/reference/IntegrationModulesLoader.java
2026-03-03 17:09:20,993 - Knowledge - INFO - Worker kw14 processing /app/data/T0015/327978/b5857iz/shopizer-327978/sm-shop/src/main/java/com/salesmanager/web/populator/order/ReadableShippingSummaryPopulator.java
2026-03-03 17:09:21,040 - Knowledge - INFO - Worker kw15 processing /app/data/T0015/327978/b5857iz/shopizer-327978/sm-shop/src/main/java/com/salesmanager/web/populator/shoppingCart/ShoppingCartModelPopulator.java
2026-03-03 17:09:21,189 - Knowledge - INFO - [LLM_CALL] Completed: ProductPriceUtils.java:chunk1, Duration: 22046ms, PromptTokens: 8544, CompletionTokens: 972, Cost: $0.00124
2026-03-03 17:09:21,384 - Knowledge - INFO - Fast-tracked /app/data/T0015/327978/b5857iz/shopizer-327978/sm-core/src/main/resources/reference/zoneconfig.json (ext=.json, size=31381)
2026-03-03 17:09:21,610 - Knowledge - INFO - Fast-tracked /app/data/T0015/327978/b5857iz/shopizer-327978/sm-shop/src/main/java/com/salesmanager/web/shop/model/filter/QueryFilter.java (ext=.java, size=844)
2026-03-03 17:09:21,733 - Knowledge - INFO - Fast-tracked /app/data/T0015/327978/b5857iz/shopizer-327978/sm-core/src/main/resources/spring/spring-context.xml (ext=.xml, size=5518)
2026-03-03 17:09:21,824 - Knowledge - INFO - Fast-tracked /app/data/T0015/327978/b5857iz/shopizer-327978/sm-shop/src/main/java/com/salesmanager/web/services/security/ServicesAuthenticationEntryPoint.java (ext=.java, size=646)
2026-03-03 17:09:21,956 - Knowledge - INFO - process ingested knowledge for /app/data/T0015/327978/b5857iz/shopizer-327978/sm-core/src/main/java/com/salesmanager/core/utils/DataPopulator.java
2026-03-03 17:09:22,262 - Knowledge - INFO - Fast-tracked /app/data/T0015/327978/b5857iz/shopizer-327978/sm-shop/src/main/java/com/salesmanager/web/populator/order/ReadableShippingSummaryPopulator.java (ext=.java, size=1894)
2026-03-03 17:09:22,509 - Knowledge - INFO - Worker kw15 processing /app/data/T0015/327978/b5857iz/shopizer-327978/sm-shop/src/main/java/com/salesmanager/web/populator/customer/CustomerPopulator.java
2026-03-03 17:09:22,605 - Knowledge - INFO - done ingest for /app/data/T0015/327978/b5857iz/shopizer-327978/sm-core/src/main/java/com/salesmanager/core/utils/ProductPriceUtils.java
2026-03-03 17:09:22,612 - Knowledge - INFO - Processing batch of 8 files
2026-03-03 17:09:22,691 - Knowledge - INFO - Worker kw17 processing /app/data/T0015/327978/b5857iz/shopizer-327978/sm-core/src/main/resources/reference/integrationmodules.json
2026-03-03 17:09:22,697 - Knowledge - INFO - [LLM_CALL] Completed: HtmlEmailSenderImpl.java:chunk1, Duration: 27834ms, PromptTokens: 3498, CompletionTokens: 805, Cost: $0.00067
2026-03-03 17:09:22,808 - Knowledge - INFO - Worker kw18 processing /app/data/T0015/327978/b5857iz/shopizer-327978/sm-shop/src/main/java/com/salesmanager/web/shop/model/filter/QueryFilterType.java
2026-03-03 17:09:22,899 - Knowledge - INFO - Async storage completed for 8 embeddings
2026-03-03 17:09:22,970 - Knowledge - INFO - Worker kw1 processing /app/data/T0015/327978/b5857iz/shopizer-327978/sm-shop/src/main/java/com/salesmanager/web/services/security/CustomerServicesImpl.java
2026-03-03 17:09:23,054 - Knowledge - INFO - process ingested knowledge for /app/data/T0015/327978/b5857iz/shopizer-327978/sm-core/src/main/java/com/salesmanager/core/utils/ajax/AjaxPageableResponse.java
2026-03-03 17:09:23,130 - Knowledge - INFO - Worker kw14 processing /app/data/T0015/327978/b5857iz/shopizer-327978/sm-shop/src/main/java/com/salesmanager/web/populator/order/ReadableOrderTotalPopulator.java
2026-03-03 17:09:23,245 - Knowledge - INFO - Worker kw15 processing /app/data/T0015/327978/b5857iz/shopizer-327978/sm-shop/src/main/java/com/salesmanager/web/populator/customer/ReadableCustomerPopulator.java
2026-03-03 17:09:23,455 - Knowledge - INFO - process ingested knowledge for /app/data/T0015/327978/b5857iz/shopizer-327978/sm-core/src/main/java/com/salesmanager/core/modules/order/InvoiceModule.java
2026-03-03 17:09:23,578 - Knowledge - INFO - Fast-tracked /app/data/T0015/327978/b5857iz/shopizer-327978/sm-core/src/main/resources/reference/integrationmodules.json (ext=.json, size=2188)
2026-03-03 17:09:23,662 - Knowledge - INFO - done ingest for /app/data/T0015/327978/b5857iz/shopizer-327978/sm-core/src/main/java/com/salesmanager/core/modules/email/HtmlEmailSenderImpl.java
2026-03-03 17:09:23,662 - Knowledge - INFO - Processing batch of 8 files
2026-03-03 17:09:23,662 - Knowledge - INFO - [WEBSOCKET] Sent: Type=progress_update, Size: 296, Duration: 1ms
2026-03-03 17:09:23,786 - Knowledge - INFO - Fast-tracked /app/data/T0015/327978/b5857iz/shopizer-327978/sm-shop/src/main/java/com/salesmanager/web/shop/model/filter/QueryFilterType.java (ext=.java, size=91)
2026-03-03 17:09:23,869 - Knowledge - INFO - Fast-tracked /app/data/T0015/327978/b5857iz/shopizer-327978/sm-core/src/main/java/com/salesmanager/core/modules/integration/shipping/model/CustomShippingQuotesRegion.java (small file (2227 bytes))
2026-03-03 17:09:23,970 - Knowledge - INFO - Fast-tracked /app/data/T0015/327978/b5857iz/shopizer-327978/sm-shop/src/main/java/com/salesmanager/web/services/security/CustomerServicesImpl.java (small file (2931 bytes))
2026-03-03 17:09:24,086 - Knowledge - INFO - process ingested knowledge for /app/data/T0015/327978/b5857iz/shopizer-327978/sm-core/src/main/java/com/salesmanager/core/utils/ajax/AjaxResponse.java
2026-03-03 17:09:24,177 - Knowledge - INFO - Worker kw14 processing /app/data/T0015/327978/b5857iz/shopizer-327978/sm-shop/src/main/java/com/salesmanager/web/populator/order/PersistableOrderProductPopulator.java
2026-03-03 17:09:24,249 - Knowledge - INFO - Worker kw15 processing /app/data/T0015/327978/b5857iz/shopizer-327978/sm-shop/src/main/java/com/salesmanager/web/populator/customer/PersistableCustomerOptionValuePopulator.java
2026-03-03 17:09:24,362 - Knowledge - INFO - process ingested knowledge for /app/data/T0015/327978/b5857iz/shopizer-327978/sm-core/src/main/java/com/salesmanager/core/modules/utils/GeoLocation.java
2026-03-03 17:09:24,463 - Knowledge - INFO - Async storage completed for 8 embeddings
2026-03-03 17:09:24,751 - Knowledge - INFO - process ingested knowledge for /app/data/T0015/327978/b5857iz/shopizer-327978/sm-core/src/main/java/com/salesmanager/core/utils/CreditCardUtils.java
2026-03-03 17:09:24,842 - Knowledge - INFO - Processing batch of 8 files
2026-03-03 17:09:24,842 - Knowledge - INFO - [LLM_CALL] Completed: UPSShippingQuote.java:chunk1, Duration: 25362ms, PromptTokens: 11248, CompletionTokens: 600, Cost: $0.00136
2026-03-03 17:09:24,916 - Knowledge - INFO - Worker kw18 processing /app/data/T0015/327978/b5857iz/shopizer-327978/sm-shop/src/main/java/com/salesmanager/web/shop/model/catalog/Attribute.java
2026-03-03 17:09:25,009 - Knowledge - INFO - Fast-tracked /app/data/T0015/327978/b5857iz/shopizer-327978/sm-core/src/main/java/com/salesmanager/core/modules/integration/shipping/model/CustomShippingQuotesConfiguration.java (small file (2188 bytes))
2026-03-03 17:09:25,080 - Knowledge - INFO - Async storage completed for 8 embeddings
2026-03-03 17:09:25,177 - Knowledge - INFO - process ingested knowledge for /app/data/T0015/327978/b5857iz/shopizer-327978/sm-core/src/main/java/com/salesmanager/core/utils/AbstractDataPopulator.java
2026-03-03 17:09:25,274 - Knowledge - INFO - Worker kw14 processing /app/data/T0015/327978/b5857iz/shopizer-327978/sm-shop/src/main/java/com/salesmanager/web/populator/order/ReadableOrderProductPopulator.java
2026-03-03 17:09:25,443 - Knowledge - INFO - process ingested knowledge for /app/data/T0015/327978/b5857iz/shopizer-327978/sm-core/src/main/java/com/salesmanager/core/modules/utils/GeoLocationImpl.java
2026-03-03 17:09:25,628 - Knowledge - INFO - process ingested knowledge for /app/data/T0015/327978/b5857iz/shopizer-327978/sm-core/src/main/java/com/salesmanager/core/utils/CoreConfiguration.java
2026-03-03 17:09:25,699 - Knowledge - INFO - process ingested knowledge for /app/data/T0015/327978/b5857iz/shopizer-327978/sm-core/src/main/java/com/salesmanager/core/constants/ShippingConstants.java
2026-03-03 17:09:25,786 - Knowledge - INFO - done ingest for /app/data/T0015/327978/b5857iz/shopizer-327978/sm-core/src/main/java/com/salesmanager/core/modules/integration/shipping/impl/UPSShippingQuote.java
2026-03-03 17:09:25,786 - Knowledge - INFO - [WEBSOCKET] Sent: Type=unknown, Size: ?, Duration: 2124ms
2026-03-03 17:09:25,879 - Knowledge - INFO - Fast-tracked /app/data/T0015/327978/b5857iz/shopizer-327978/sm-shop/src/main/java/com/salesmanager/web/shop/model/catalog/Attribute.java (ext=.java, size=1163)
2026-03-03 17:09:25,960 - Knowledge - INFO - Async storage completed for 10 embeddings
2026-03-03 17:09:26,173 - Knowledge - INFO - process ingested knowledge for /app/data/T0015/327978/b5857iz/shopizer-327978/sm-core/src/main/java/com/salesmanager/core/utils/CloneUtils.java
2026-03-03 17:09:26,386 - Knowledge - INFO - process ingested knowledge for /app/data/T0015/327978/b5857iz/shopizer-327978/sm-core/src/main/java/com/salesmanager/core/modules/utils/EncryptionImpl.java
2026-03-03 17:09:26,500 - Knowledge - INFO - process ingested knowledge for /app/data/T0015/327978/b5857iz/shopizer-327978/sm-core/src/main/java/com/salesmanager/core/utils/ProductImageCropUtils.java
2026-03-03 17:09:26,590 - Knowledge - INFO - process ingested knowledge for /app/data/T0015/327978/b5857iz/shopizer-327978/sm-core/src/main/resources/search/settings_product_fr.json
2026-03-03 17:09:26,771 - Knowledge - INFO - Async storage completed for 8 embeddings
2026-03-03 17:09:26,813 - Knowledge - INFO - Progress: 33.2% | Files: 420/1167 | Rate: 1.47 files/sec | Queue: 651
2026-03-03 17:09:26,815 - Knowledge - INFO - Processing batch of 8 files
2026-03-03 17:09:26,816 - Knowledge - INFO - Processing batch of 8 files
2026-03-03 17:09:26,816 - Knowledge - INFO - Processing batch of 8 files
2026-03-03 17:09:26,856 - Knowledge - INFO - Async storage completed for 8 embeddings
2026-03-03 17:09:27,113 - Knowledge - INFO - process ingested knowledge for /app/data/T0015/327978/b5857iz/shopizer-327978/sm-core/src/main/java/com/salesmanager/core/utils/ProductUtils.java
2026-03-03 17:09:27,227 - Knowledge - INFO - process ingested knowledge for /app/data/T0015/327978/b5857iz/shopizer-327978/sm-core/src/main/java/com/salesmanager/core/modules/utils/Encryption.java
2026-03-03 17:09:27,350 - Knowledge - INFO - process ingested knowledge for /app/data/T0015/327978/b5857iz/shopizer-327978/sm-core/src/main/java/com/salesmanager/core/utils/CacheUtils.java
2026-03-03 17:09:27,443 - Knowledge - INFO - process ingested knowledge for /app/data/T0015/327978/b5857iz/shopizer-327978/sm-core/src/main/resources/search/product_fr.json
2026-03-03 17:09:27,658 - Knowledge - INFO - [kw20] Queue=651, InProgress=0, PendingWorkers=20/20, Completed=420/1167 (36.0%)
2026-03-03 17:09:27,779 - Knowledge - INFO - process ingested knowledge for /app/data/T0015/327978/b5857iz/shopizer-327978/sm-core/src/main/resources/spring/shopizer-core-config.xml
2026-03-03 17:09:27,865 - Knowledge - INFO - process ingested knowledge for /app/data/T0015/327978/b5857iz/shopizer-327978/sm-core/pom.xml
2026-03-03 17:09:27,945 - Knowledge - INFO - process ingested knowledge for /app/data/T0015/327978/b5857iz/shopizer-327978/sm-core/src/main/java/com/salesmanager/core/utils/reference/IntegrationModulesLoader.java
2026-03-03 17:09:28,024 - Knowledge - INFO - Async storage completed for 8 embeddings
2026-03-03 17:09:28,244 - Knowledge - INFO - process ingested knowledge for /app/data/T0015/327978/b5857iz/shopizer-327978/sm-core/src/main/java/com/salesmanager/core/modules/cms/impl/StaticContentCacheManagerImpl.java
2026-03-03 17:09:28,348 - Knowledge - INFO - process ingested knowledge for /app/data/T0015/327978/b5857iz/shopizer-327978/sm-core/src/main/java/com/salesmanager/core/utils/ProductPriceUtils.java
2026-03-03 17:09:28,453 - Knowledge - INFO - process ingested knowledge for /app/data/T0015/327978/b5857iz/shopizer-327978/sm-core/src/main/resources/search/settings_product.json
2026-03-03 17:09:28,618 - Knowledge - INFO - Batch sizing: calculated=8, max_allowed=10, queue=651, active_workers=20/20
2026-03-03 17:09:28,747 - Knowledge - INFO - process ingested knowledge for /app/data/T0015/327978/b5857iz/shopizer-327978/sm-core/src/main/resources/spring/shopizer-search.xml
2026-03-03 17:09:28,787 - Knowledge - INFO - process ingested knowledge for /app/data/T0015/327978/b5857iz/shopizer-327978/sm-shop/src/test/java/com/salesmanager/test/shop/controller/customer/rest/CustomerRESTControllerTest.java
2026-03-03 17:09:28,886 - Knowledge - INFO - process ingested knowledge for /app/data/T0015/327978/b5857iz/shopizer-327978/sm-core/src/main/java/com/salesmanager/core/utils/reference/ZonesLoader.java
2026-03-03 17:09:29,149 - Knowledge - INFO - process ingested knowledge for /app/data/T0015/327978/b5857iz/shopizer-327978/sm-core/src/main/java/com/salesmanager/core/modules/cms/impl/StoreCacheManagerImpl.java
2026-03-03 17:09:29,164 - Knowledge - INFO - process ingested knowledge for /app/data/T0015/327978/b5857iz/shopizer-327978/sm-core/src/main/java/com/salesmanager/core/utils/EntityPopulator.java
2026-03-03 17:09:29,191 - Knowledge - INFO - [WEBSOCKET] Sent: Type=progress_update, Size: 293, Duration: 0ms
2026-03-03 17:09:29,247 - Knowledge - INFO - process ingested knowledge for /app/data/T0015/327978/b5857iz/shopizer-327978/sm-core/src/main/resources/search/product.json
2026-03-03 17:09:29,436 - Knowledge - INFO - process ingested knowledge for /app/data/T0015/327978/b5857iz/shopizer-327978/sm-core/src/main/resources/spring/datasource-c3p0.xml
2026-03-03 17:09:29,539 - Knowledge - INFO - process ingested knowledge for /app/data/T0015/327978/b5857iz/shopizer-327978/sm-shop/src/test/java/com/salesmanager/test/shop/controller/category/rest/CategoryManagementAPITest.java
2026-03-03 17:09:29,671 - Knowledge - INFO - process ingested knowledge for /app/data/T0015/327978/b5857iz/shopizer-327978/sm-core/src/main/java/com/salesmanager/core/modules/email/HtmlEmailSenderImpl.java
2026-03-03 17:09:29,793 - Knowledge - INFO - process ingested knowledge for /app/data/T0015/327978/b5857iz/shopizer-327978/sm-core/src/main/java/com/salesmanager/core/modules/cms/impl/CacheManagerImpl.java
2026-03-03 17:09:29,945 - Knowledge - INFO - process ingested knowledge for /app/data/T0015/327978/b5857iz/shopizer-327978/sm-core/src/main/java/com/salesmanager/core/utils/DataUtils.java
2026-03-03 17:09:30,036 - Knowledge - INFO - Async storing batch of 8 embeddings
2026-03-03 17:09:30,039 - Knowledge - INFO - [WEBSOCKET] Sent: Type=unknown, Size: ?, Duration: 848ms
2026-03-03 17:09:30,152 - Knowledge - INFO - process ingested knowledge for /app/data/T0015/327978/b5857iz/shopizer-327978/sm-core/src/main/resources/META-INF/sm-persistence.xml
2026-03-03 17:09:30,233 - Knowledge - INFO - process ingested knowledge for /app/data/T0015/327978/b5857iz/shopizer-327978/sm-core/src/main/resources/spring/shopizer-core-ehcache.xml
2026-03-03 17:09:30,316 - Knowledge - INFO - process ingested knowledge for /app/data/T0015/327978/b5857iz/shopizer-327978/sm-shop/src/test/java/com/salesmanager/test/shop/controller/product/rest/ProductManagementAPITest.java
2026-03-03 17:09:30,410 - Knowledge - INFO - process ingested knowledge for /app/data/T0015/327978/b5857iz/shopizer-327978/sm-core/src/main/java/com/salesmanager/core/modules/email/Email.java
2026-03-03 17:09:30,619 - Knowledge - INFO - process ingested knowledge for /app/data/T0015/327978/b5857iz/shopizer-327978/sm-core/src/main/java/com/salesmanager/core/utils/reference/ConfigurationModulesLoader.java
2026-03-03 17:09:30,712 - Knowledge - INFO - Worker kw20 processing /app/data/T0015/327978/b5857iz/shopizer-327978/sm-shop/src/main/java/com/salesmanager/web/populator/customer/CustomerDeliveryAddressPopulator.java
2026-03-03 17:09:30,840 - Knowledge - INFO - Progress: 36.0% | Files: 420/1167 | Rate: 1.44 files/sec | Queue: 643
2026-03-03 17:09:31,151 - Knowledge - INFO - process ingested knowledge for /app/data/T0015/327978/b5857iz/shopizer-327978/sm-core/src/main/resources/ehcache/smcore-ehcache.xml
2026-03-03 17:09:31,152 - Knowledge - INFO - process ingested knowledge for /app/data/T0015/327978/b5857iz/shopizer-327978/sm-core/src/main/resources/spring/shopizer-core-modules.xml
2026-03-03 17:09:31,254 - Knowledge - INFO - process ingested knowledge for /app/data/T0015/327978/b5857iz/shopizer-327978/sm-shop/src/test/java/com/salesmanager/test/shop/controller/store/rest/ContactAPITest.java
2026-03-03 17:09:31,497 - Knowledge - INFO - process ingested knowledge for /app/data/T0015/327978/b5857iz/shopizer-327978/sm-core/src/main/java/com/salesmanager/core/modules/email/EmailConfig.java
2026-03-03 17:09:31,643 - Knowledge - INFO - Worker kw20 processing /app/data/T0015/327978/b5857iz/shopizer-327978/sm-shop/src/main/java/com/salesmanager/web/populator/customer/PersistableCustomerPopulator.java
2026-03-03 17:09:32,276 - Knowledge - INFO - [kw16] Queue=643, InProgress=0, PendingWorkers=20/20, Completed=420/1167 (36.0%)
2026-03-03 17:09:32,288 - Knowledge - INFO - process ingested knowledge for /app/data/T0015/327978/b5857iz/shopizer-327978/sm-core/src/main/resources/cms/infinispan_configuration.xml
2026-03-03 17:09:32,419 - Knowledge - INFO - Worker kw20 processing /app/data/T0015/327978/b5857iz/shopizer-327978/sm-shop/src/main/java/com/salesmanager/web/populator/customer/PersistableCustomerShippingAddressPopulator.java
2026-03-03 17:09:32,506 - Knowledge - INFO - Batch sizing: calculated=8, max_allowed=10, queue=643, active_workers=20/20
2026-03-03 17:09:32,526 - Knowledge - INFO - [LLM_CALL] Completed: SchemaConstant.java:chunk1, Duration: 11669ms, PromptTokens: 8230, CompletionTokens: 269, Cost: $0.00093
2026-03-03 17:09:32,676 - Knowledge - INFO - process ingested knowledge for /app/data/T0015/327978/b5857iz/shopizer-327978/sm-core/src/main/java/com/salesmanager/core/modules/email/HtmlEmailSender.java
2026-03-03 17:09:32,710 - Knowledge - INFO - process ingested knowledge for /app/data/T0015/327978/b5857iz/shopizer-327978/sm-core/src/main/resources/spring/spring-context.xml
2026-03-03 17:09:32,806 - Knowledge - INFO - Worker kw20 processing /app/data/T0015/327978/b5857iz/shopizer-327978/sm-shop/src/main/java/com/salesmanager/web/populator/customer/CustomerOptionPopulator.java
2026-03-03 17:09:33,069 - Knowledge - INFO - process ingested knowledge for /app/data/T0015/327978/b5857iz/shopizer-327978/sm-shop/src/test/resources/log4j.xml
2026-03-03 17:09:33,070 - Knowledge - INFO - process ingested knowledge for /app/data/T0015/327978/b5857iz/shopizer-327978/sm-core/src/main/resources/reference/zoneconfig.json
2026-03-03 17:09:33,115 - Knowledge - INFO - done ingest for /app/data/T0015/327978/b5857iz/shopizer-327978/sm-core/src/main/java/com/salesmanager/core/constants/SchemaConstant.java
2026-03-03 17:09:33,396 - Knowledge - INFO - Async storing batch of 8 embeddings
2026-03-03 17:09:33,538 - Knowledge - INFO - Worker kw20 processing /app/data/T0015/327978/b5857iz/shopizer-327978/sm-shop/src/main/java/com/salesmanager/web/populator/customer/CustomerEntityPopulator.java
2026-03-03 17:09:33,670 - Knowledge - INFO - process ingested knowledge for /app/data/T0015/327978/b5857iz/shopizer-327978/sm-core/src/main/java/com/salesmanager/core/modules/integration/shipping/impl/UPSShippingQuote.java
2026-03-03 17:09:34,263 - Knowledge - INFO - Worker kw16 processing /app/data/T0015/327978/b5857iz/shopizer-327978/sm-shop/src/main/java/com/salesmanager/web/populator/manufacturer/PersistableManufacturerPopulator.java
2026-03-03 17:09:34,411 - Knowledge - INFO - Worker kw20 processing /app/data/T0015/327978/b5857iz/shopizer-327978/sm-shop/src/main/java/com/salesmanager/web/populator/customer/PersistableCustomerBillingAddressPopulator.java
2026-03-03 17:09:34,688 - Knowledge - INFO - Worker kw16 processing /app/data/T0015/327978/b5857iz/shopizer-327978/sm-shop/src/main/java/com/salesmanager/web/populator/manufacturer/ReadableManufacturerPopulator.java
2026-03-03 17:09:34,688 - Knowledge - INFO - process ingested knowledge for /app/data/T0015/327978/b5857iz/shopizer-327978/sm-shop/src/main/java/com/salesmanager/web/services/security/ServicesAuthenticationEntryPoint.java
2026-03-03 17:09:34,852 - Knowledge - INFO - Worker kw20 processing /app/data/T0015/327978/b5857iz/shopizer-327978/sm-shop/src/main/java/com/salesmanager/web/populator/customer/PersistableCustomerOptionPopulator.java
2026-03-03 17:09:34,955 - Knowledge - INFO - Fast-tracked /app/data/T0015/327978/b5857iz/shopizer-327978/sm-shop/src/main/java/com/salesmanager/web/populator/manufacturer/ReadableManufacturerPopulator.java (ext=.java, size=1946)
2026-03-03 17:09:35,010 - Knowledge - INFO - process ingested knowledge for /app/data/T0015/327978/b5857iz/shopizer-327978/sm-core/src/main/java/com/salesmanager/core/modules/integration/shipping/impl/DefaultPackagingImpl.java
2026-03-03 17:09:35,160 - Knowledge - INFO - process ingested knowledge for /app/data/T0015/327978/b5857iz/shopizer-327978/sm-core/src/main/resources/reference/integrationmodules.json
2026-03-03 17:09:35,209 - Knowledge - INFO - process ingested knowledge for /app/data/T0015/327978/b5857iz/shopizer-327978/sm-shop/src/main/java/com/salesmanager/web/services/security/CustomerServicesImpl.java
2026-03-03 17:09:35,277 - Knowledge - INFO - Worker kw20 processing /app/data/T0015/327978/b5857iz/shopizer-327978/sm-shop/src/main/java/com/salesmanager/web/populator/customer/CustomerBillingAddressPopulator.java
2026-03-03 17:09:35,337 - Knowledge - INFO - Worker kw16 processing /app/data/T0015/327978/b5857iz/shopizer-327978/sm-shop/src/main/java/com/salesmanager/web/populator/catalog/ReadableCategoryPopulator.java
2026-03-03 17:09:35,456 - Knowledge - INFO - [LLM_CALL] Completed: CustomWeightBasedShippingQuote.java:chunk1, Duration: 24949ms, PromptTokens: 2832, CompletionTokens: 561, Cost: $0.00051
2026-03-03 17:09:35,816 - Knowledge - INFO - Async storage completed for 8 embeddings
2026-03-03 17:09:35,884 - Knowledge - INFO - Fast-tracked /app/data/T0015/327978/b5857iz/shopizer-327978/sm-shop/src/main/java/com/salesmanager/web/populator/customer/CustomerBillingAddressPopulator.java (ext=.java, size=1831)
2026-03-03 17:09:36,029 - Knowledge - INFO - Worker kw16 processing /app/data/T0015/327978/b5857iz/shopizer-327978/sm-shop/src/main/java/com/salesmanager/web/populator/catalog/PersistableCategoryPopulator.java
2026-03-03 17:09:36,130 - Knowledge - INFO - done ingest for /app/data/T0015/327978/b5857iz/shopizer-327978/sm-core/src/main/java/com/salesmanager/core/modules/integration/shipping/impl/CustomWeightBasedShippingQuote.java
2026-03-03 17:09:36,153 - Knowledge - INFO - Processing batch of 8 files
2026-03-03 17:09:36,427 - Knowledge - INFO - Fast-tracked /app/data/T0015/327978/b5857iz/shopizer-327978/sm-shop/src/main/java/com/salesmanager/web/populator/customer/CustomerDeliveryAddressPopulator.java (small file (2626 bytes))
2026-03-03 17:09:36,507 - Knowledge - INFO - Worker kw16 processing /app/data/T0015/327978/b5857iz/shopizer-327978/sm-shop/src/main/java/com/salesmanager/web/populator/catalog/ReadableProductPricePopulator.java
2026-03-03 17:09:36,737 - Knowledge - INFO - process ingested knowledge for /app/data/T0015/327978/b5857iz/shopizer-327978/sm-core/src/main/java/com/salesmanager/core/modules/cms/content/FileRemove.java
2026-03-03 17:09:37,019 - Knowledge - INFO - Fast-tracked /app/data/T0015/327978/b5857iz/shopizer-327978/sm-shop/src/main/java/com/salesmanager/web/populator/catalog/ReadableProductPricePopulator.java (ext=.java, size=1818)
2026-03-03 17:09:37,313 - Knowledge - INFO - Worker kw16 processing /app/data/T0015/327978/b5857iz/shopizer-327978/sm-shop/src/main/java/com/salesmanager/web/populator/catalog/PersistableProductOptionPopulator.java
2026-03-03 17:09:37,643 - Knowledge - INFO - Worker kw16 processing /app/data/T0015/327978/b5857iz/shopizer-327978/sm-shop/src/main/java/com/salesmanager/web/populator/catalog/ReadableProductReviewPopulator.java
2026-03-03 17:09:37,951 - Knowledge - INFO - Worker kw16 processing /app/data/T0015/327978/b5857iz/shopizer-327978/sm-shop/src/main/java/com/salesmanager/web/populator/catalog/PersistableProductPopulator.java
2026-03-03 17:09:38,438 - Knowledge - INFO - Fast-tracked /app/data/T0015/327978/b5857iz/shopizer-327978/sm-shop/src/main/java/com/salesmanager/web/populator/manufacturer/PersistableManufacturerPopulator.java (small file (2742 bytes))
2026-03-03 17:09:38,439 - Knowledge - INFO - process ingested knowledge for /app/data/T0015/327978/b5857iz/shopizer-327978/sm-core/src/main/java/com/salesmanager/core/modules/cms/content/StaticContentFileManager.java
2026-03-03 17:09:38,918 - Knowledge - INFO - Fast-tracked /app/data/T0015/327978/b5857iz/shopizer-327978/sm-shop/src/main/java/com/salesmanager/web/populator/catalog/ReadableCategoryPopulator.java (small file (2010 bytes))
2026-03-03 17:09:39,046 - Knowledge - INFO - [kw4] Queue=635, InProgress=0, PendingWorkers=20/20, Completed=428/1167 (36.7%)
2026-03-03 17:09:39,345 - Knowledge - INFO - Batch sizing: calculated=8, max_allowed=10, queue=635, active_workers=20/20
2026-03-03 17:09:39,546 - Knowledge - INFO - [LLM_CALL] Completed: CmsStaticContentFileManagerInfinispanImpl.java:chunk1, Duration: 18694ms, PromptTokens: 6768, CompletionTokens: 891, Cost: $0.00103
2026-03-03 17:09:39,791 - Knowledge - INFO - done ingest for /app/data/T0015/327978/b5857iz/shopizer-327978/sm-core/src/main/java/com/salesmanager/core/modules/cms/content/CmsStaticContentFileManagerInfinispanImpl.java
2026-03-03 17:09:39,817 - Knowledge - INFO - [LLM_CALL] Completed: CanadaPostShippingQuote.java:chunk1, Duration: 25146ms, PromptTokens: 10202, CompletionTokens: 679, Cost: $0.00129
2026-03-03 17:09:40,129 - Knowledge - INFO - done ingest for /app/data/T0015/327978/b5857iz/shopizer-327978/sm-core/src/main/java/com/salesmanager/core/modules/integration/shipping/impl/CanadaPostShippingQuote.java
2026-03-03 17:09:40,160 - Knowledge - INFO - process ingested knowledge for /app/data/T0015/327978/b5857iz/shopizer-327978/sm-core/src/main/java/com/salesmanager/core/modules/cms/content/ContentImageGet.java
2026-03-03 17:09:40,859 - Knowledge - INFO - Async storing batch of 8 embeddings
2026-03-03 17:09:41,111 - Knowledge - INFO - Worker kw4 processing /app/data/T0015/327978/b5857iz/shopizer-327978/sm-shop/src/main/java/com/salesmanager/web/populator/catalog/PersistableProductOptionValuePopulator.java
2026-03-03 17:09:41,459 - Knowledge - INFO - Worker kw4 processing /app/data/T0015/327978/b5857iz/shopizer-327978/sm-shop/src/main/java/com/salesmanager/web/populator/catalog/PersistableProductReviewPopulator.java
2026-03-03 17:09:41,743 - Knowledge - INFO - Worker kw4 processing /app/data/T0015/327978/b5857iz/shopizer-327978/sm-shop/src/main/java/com/salesmanager/web/populator/catalog/ReadableProductPopulator.java
2026-03-03 17:09:42,102 - Knowledge - INFO - [LLM_CALL] Completed: USPSShippingQuote.java:chunk1, Duration: 22995ms, PromptTokens: 12562, CompletionTokens: 807, Cost: $0.00158
2026-03-03 17:09:42,104 - Knowledge - INFO - Worker kw4 processing /app/data/T0015/327978/b5857iz/shopizer-327978/sm-shop/src/main/java/com/salesmanager/web/images/ImagesController.java
2026-03-03 17:09:42,373 - Knowledge - INFO - done ingest for /app/data/T0015/327978/b5857iz/shopizer-327978/sm-core/src/main/java/com/salesmanager/core/modules/integration/shipping/impl/USPSShippingQuote.java
2026-03-03 17:09:42,597 - Knowledge - INFO - Worker kw4 processing /app/data/T0015/327978/b5857iz/shopizer-327978/sm-shop/src/main/java/com/salesmanager/web/filter/StoreFilter.java
2026-03-03 17:09:42,786 - Knowledge - INFO - process ingested knowledge for /app/data/T0015/327978/b5857iz/shopizer-327978/sm-core/src/main/java/com/salesmanager/core/modules/cms/content/FilePut.java
2026-03-03 17:09:42,976 - Knowledge - INFO - Worker kw4 processing /app/data/T0015/327978/b5857iz/shopizer-327978/sm-shop/src/main/java/com/salesmanager/web/filter/AdminFilter.java
2026-03-03 17:09:43,073 - Knowledge - INFO - [kw3] Queue=627, InProgress=0, PendingWorkers=20/20, Completed=433/1167 (37.1%)
2026-03-03 17:09:43,196 - Knowledge - INFO - Worker kw4 processing /app/data/T0015/327978/b5857iz/shopizer-327978/sm-shop/src/main/java/com/salesmanager/web/utils/UserUtils.java
2026-03-03 17:09:43,275 - Knowledge - INFO - Batch sizing: calculated=8, max_allowed=10, queue=627, active_workers=20/20
2026-03-03 17:09:43,507 - Knowledge - INFO - Fast-tracked /app/data/T0015/327978/b5857iz/shopizer-327978/sm-shop/src/main/java/com/salesmanager/web/utils/UserUtils.java (ext=.java, size=469)
2026-03-03 17:09:43,602 - Knowledge - INFO - process ingested knowledge for /app/data/T0015/327978/b5857iz/shopizer-327978/sm-core/src/main/java/com/salesmanager/core/constants/MeasureUnit.java
2026-03-03 17:09:43,820 - Knowledge - INFO - Worker kw4 processing /app/data/T0015/327978/b5857iz/shopizer-327978/sm-shop/src/main/java/com/salesmanager/web/utils/EmailTemplatesUtils.java
2026-03-03 17:09:44,101 - Knowledge - INFO - Fast-tracked /app/data/T0015/327978/b5857iz/shopizer-327978/sm-shop/src/main/java/com/salesmanager/web/populator/catalog/PersistableProductOptionValuePopulator.java (small file (2977 bytes))
2026-03-03 17:09:44,564 - Knowledge - INFO - Async storing batch of 8 embeddings
2026-03-03 17:09:44,810 - Knowledge - INFO - process ingested knowledge for /app/data/T0015/327978/b5857iz/shopizer-327978/sm-core/src/main/java/com/salesmanager/core/constants/SystemConstants.java
2026-03-03 17:09:44,827 - Knowledge - INFO - Worker kw3 processing /app/data/T0015/327978/b5857iz/shopizer-327978/sm-shop/src/main/java/com/salesmanager/web/utils/DateUtil.java
2026-03-03 17:09:45,264 - Knowledge - INFO - [LLM_CALL] Completed: ODSInvoiceModule.java:chunk1, Duration: 24418ms, PromptTokens: 7156, CompletionTokens: 968, Cost: $0.00110
2026-03-03 17:09:45,284 - Knowledge - INFO - Worker kw3 processing /app/data/T0015/327978/b5857iz/shopizer-327978/sm-shop/src/main/java/com/salesmanager/web/utils/AdminAccessDeniedHandler.java
2026-03-03 17:09:45,490 - Knowledge - INFO - done ingest for /app/data/T0015/327978/b5857iz/shopizer-327978/sm-core/src/main/java/com/salesmanager/core/modules/order/ODSInvoiceModule.java
2026-03-03 17:09:45,598 - Knowledge - INFO - Fast-tracked /app/data/T0015/327978/b5857iz/shopizer-327978/sm-shop/src/main/java/com/salesmanager/web/utils/AdminAccessDeniedHandler.java (ext=.java, size=883)
2026-03-03 17:09:45,880 - Knowledge - INFO - Worker kw3 processing /app/data/T0015/327978/b5857iz/shopizer-327978/sm-shop/src/main/java/com/salesmanager/web/utils/SessionUtil.java
2026-03-03 17:09:46,089 - Knowledge - INFO - Fast-tracked /app/data/T0015/327978/b5857iz/shopizer-327978/sm-shop/src/main/java/com/salesmanager/web/utils/SessionUtil.java (ext=.java, size=718)
2026-03-03 17:09:46,381 - Knowledge - INFO - Worker kw3 processing /app/data/T0015/327978/b5857iz/shopizer-327978/sm-shop/src/main/java/com/salesmanager/web/utils/FilePathUtils.java
2026-03-03 17:09:46,587 - Knowledge - INFO - Processing batch of 8 files
2026-03-03 17:09:46,603 - Knowledge - INFO - [LLM_CALL] Completed: ProductFileManagerImpl.java:chunk1, Duration: 19789ms, PromptTokens: 5588, CompletionTokens: 756, Cost: $0.00086
2026-03-03 17:09:46,742 - Knowledge - INFO - Worker kw3 processing /app/data/T0015/327978/b5857iz/shopizer-327978/sm-shop/src/main/java/com/salesmanager/web/utils/ImageFilePathUtils.java
2026-03-03 17:09:46,796 - Knowledge - INFO - process ingested knowledge for /app/data/T0015/327978/b5857iz/shopizer-327978/sm-core/src/main/java/com/salesmanager/core/modules/cms/common/ImageRemove.java
2026-03-03 17:09:46,924 - Knowledge - INFO - done ingest for /app/data/T0015/327978/b5857iz/shopizer-327978/sm-core/src/main/java/com/salesmanager/core/modules/cms/product/ProductFileManagerImpl.java
2026-03-03 17:09:46,941 - Knowledge - INFO - Fast-tracked /app/data/T0015/327978/b5857iz/shopizer-327978/sm-shop/src/main/java/com/salesmanager/web/shop/controller/content/ShopContentController.java (small file (2277 bytes))
2026-03-03 17:09:46,976 - Knowledge - INFO - process ingested knowledge for /app/data/T0015/327978/b5857iz/shopizer-327978/sm-core/src/main/java/com/salesmanager/core/constants/Constants.java
2026-03-03 17:09:47,006 - Knowledge - INFO - Processing batch of 8 files
2026-03-03 17:09:47,044 - Knowledge - INFO - [WEBSOCKET] Sent: Type=progress_update, Size: 293, Duration: 0ms
2026-03-03 17:09:47,080 - Knowledge - INFO - Worker kw3 processing /app/data/T0015/327978/b5857iz/shopizer-327978/sm-shop/src/main/java/com/salesmanager/web/utils/FieldMatch.java
2026-03-03 17:09:47,401 - Knowledge - INFO - [kw1] Queue=619, InProgress=0, PendingWorkers=20/20, Completed=444/1167 (38.0%)
2026-03-03 17:09:47,566 - Knowledge - INFO - Fast-tracked /app/data/T0015/327978/b5857iz/shopizer-327978/sm-shop/src/main/java/com/salesmanager/web/shop/model/paging/PaginationData.java (small file (2646 bytes))
2026-03-03 17:09:47,653 - Knowledge - INFO - process ingested knowledge for /app/data/T0015/327978/b5857iz/shopizer-327978/sm-core/src/main/java/com/salesmanager/core/modules/cms/common/StaticContentData.java
2026-03-03 17:09:47,806 - Knowledge - INFO - process ingested knowledge for /app/data/T0015/327978/b5857iz/shopizer-327978/sm-core/src/main/java/com/salesmanager/core/modules/integration/shipping/impl/CustomWeightBasedShippingQuote.java
2026-03-03 17:09:47,927 - Knowledge - INFO - process ingested knowledge for /app/data/T0015/327978/b5857iz/shopizer-327978/sm-core/src/main/java/com/salesmanager/core/constants/SchemaConstant.java
2026-03-03 17:09:47,954 - Knowledge - INFO - [LLM_CALL] Completed: BeanStreamPayment.java:chunk1, Duration: 41541ms, PromptTokens: 13636, CompletionTokens: 923, Cost: $0.00173
2026-03-03 17:09:48,045 - Knowledge - INFO - Fast-tracked /app/data/T0015/327978/b5857iz/shopizer-327978/sm-shop/src/main/java/com/salesmanager/web/utils/FieldMatch.java (ext=.java, size=1821)
2026-03-03 17:09:48,134 - Knowledge - INFO - Batch sizing: calculated=8, max_allowed=10, queue=619, active_workers=20/20
2026-03-03 17:09:48,325 - Knowledge - INFO - Async storage completed for 8 embeddings
2026-03-03 17:09:48,449 - Knowledge - INFO - process ingested knowledge for /app/data/T0015/327978/b5857iz/shopizer-327978/sm-core/src/main/java/com/salesmanager/core/modules/cms/common/ImageGet.java
2026-03-03 17:09:48,570 - Knowledge - INFO - process ingested knowledge for /app/data/T0015/327978/b5857iz/shopizer-327978/sm-core/src/main/java/com/salesmanager/core/modules/integration/shipping/impl/CanadaPostShippingQuote.java
2026-03-03 17:09:48,787 - Knowledge - INFO - done ingest for /app/data/T0015/327978/b5857iz/shopizer-327978/sm-core/src/main/java/com/salesmanager/core/modules/integration/payment/impl/BeanStreamPayment.java
2026-03-03 17:09:48,789 - Knowledge - INFO - [WEBSOCKET] Sent: Type=unknown, Size: ?, Duration: 1745ms
2026-03-03 17:09:48,908 - Knowledge - INFO - Worker kw3 processing /app/data/T0015/327978/b5857iz/shopizer-327978/sm-shop/src/main/java/com/salesmanager/web/utils/LabelUtils.java
2026-03-03 17:09:49,198 - Knowledge - INFO - process ingested knowledge for /app/data/T0015/327978/b5857iz/shopizer-327978/sm-core/src/main/java/com/salesmanager/core/modules/cms/content/FileGet.java
2026-03-03 17:09:49,576 - Knowledge - INFO - Progress: 38.0% | Files: 444/1167 | Rate: 1.44 files/sec | Queue: 611
2026-03-03 17:09:49,594 - Knowledge - INFO - process ingested knowledge for /app/data/T0015/327978/b5857iz/shopizer-327978/sm-core/src/main/java/com/salesmanager/core/modules/integration/shipping/impl/USPSShippingQuote.java
2026-03-03 17:09:49,603 - Knowledge - INFO - [LLM_CALL] Completed: CmsImageFileManagerInfinispanImpl.java:chunk1, Duration: 30496ms, PromptTokens: 6478, CompletionTokens: 837, Cost: $0.00098
2026-03-03 17:09:49,690 - Knowledge - INFO - Fast-tracked /app/data/T0015/327978/b5857iz/shopizer-327978/sm-shop/src/main/java/com/salesmanager/web/utils/LabelUtils.java (ext=.java, size=965)
2026-03-03 17:09:50,015 - Knowledge - INFO - process ingested knowledge for /app/data/T0015/327978/b5857iz/shopizer-327978/sm-core/src/main/java/com/salesmanager/core/modules/cms/content/StaticContentFileManagerImpl.java
2026-03-03 17:09:50,016 - Knowledge - INFO - [kw19] Queue=611, InProgress=0, PendingWorkers=20/20, Completed=444/1167 (38.0%)
2026-03-03 17:09:50,103 - Knowledge - INFO - process ingested knowledge for /app/data/T0015/327978/b5857iz/shopizer-327978/sm-core/src/main/java/com/salesmanager/core/modules/integration/shipping/model/CustomShippingQuoteWeightItem.java
2026-03-03 17:09:50,221 - Knowledge - INFO - done ingest for /app/data/T0015/327978/b5857iz/shopizer-327978/sm-core/src/main/java/com/salesmanager/core/modules/cms/product/CmsImageFileManagerInfinispanImpl.java
2026-03-03 17:09:50,248 - Knowledge - INFO - Async storing batch of 8 embeddings
2026-03-03 17:09:50,357 - Knowledge - INFO - Worker kw3 processing /app/data/T0015/327978/b5857iz/shopizer-327978/sm-shop/src/main/java/com/salesmanager/web/utils/LocaleUtils.java
2026-03-03 17:09:50,418 - Knowledge - INFO - [kw17] Queue=611, InProgress=0, PendingWorkers=20/20, Completed=444/1167 (38.0%)
2026-03-03 17:09:50,435 - Knowledge - INFO - [kw10] Queue=611, InProgress=0, PendingWorkers=20/20, Completed=444/1167 (38.0%)
2026-03-03 17:09:50,468 - Knowledge - INFO - process ingested knowledge for /app/data/T0015/327978/b5857iz/shopizer-327978/sm-core/src/main/java/com/salesmanager/core/modules/cms/content/ContentImageRemove.java
2026-03-03 17:09:50,565 - Knowledge - INFO - [LLM_CALL] Completed: PayPalRestPayment.java:chunk1, Duration: 35895ms, PromptTokens: 4712, CompletionTokens: 724, Cost: $0.00076
2026-03-03 17:09:50,674 - Knowledge - INFO - Batch sizing: calculated=8, max_allowed=10, queue=611, active_workers=20/20
2026-03-03 17:09:50,790 - Knowledge - INFO - process ingested knowledge for /app/data/T0015/327978/b5857iz/shopizer-327978/sm-core/src/main/java/com/salesmanager/core/modules/integration/shipping/model/CustomShippingQuotesRegion.java
2026-03-03 17:09:51,021 - Knowledge - INFO - Worker kw1 processing /app/data/T0015/327978/b5857iz/shopizer-327978/sm-shop/src/main/java/com/salesmanager/web/utils/EmailUtils.java
2026-03-03 17:09:51,143 - Knowledge - INFO - Fast-tracked /app/data/T0015/327978/b5857iz/shopizer-327978/sm-shop/src/main/java/com/salesmanager/web/utils/LocaleUtils.java (ext=.java, size=1429)
2026-03-03 17:09:51,236 - Knowledge - INFO - Batch sizing: calculated=8, max_allowed=10, queue=611, active_workers=20/20
2026-03-03 17:09:51,336 - Knowledge - INFO - Batch sizing: calculated=8, max_allowed=10, queue=611, active_workers=20/20
2026-03-03 17:09:51,414 - Knowledge - INFO - process ingested knowledge for /app/data/T0015/327978/b5857iz/shopizer-327978/sm-core/src/main/java/com/salesmanager/core/modules/cms/content/ImagePut.java
2026-03-03 17:09:51,521 - Knowledge - INFO - done ingest for /app/data/T0015/327978/b5857iz/shopizer-327978/sm-core/src/main/java/com/salesmanager/core/modules/integration/payment/impl/PayPalRestPayment.java
2026-03-03 17:09:51,521 - Knowledge - INFO - Processing batch of 8 files
2026-03-03 17:09:51,522 - Knowledge - INFO - [kw2] Queue=611, InProgress=0, PendingWorkers=20/20, Completed=452/1167 (38.7%)
2026-03-03 17:09:51,523 - Knowledge - INFO - Fast-tracked /app/data/T0015/327978/b5857iz/shopizer-327978/sm-shop/src/main/java/com/salesmanager/web/populator/catalog/PersistableProductOptionPopulator.java (small file (2769 bytes))
2026-03-03 17:09:51,630 - Knowledge - INFO - Async storing batch of 8 embeddings
2026-03-03 17:09:51,737 - Knowledge - INFO - process ingested knowledge for /app/data/T0015/327978/b5857iz/shopizer-327978/sm-core/src/main/java/com/salesmanager/core/modules/integration/shipping/model/CustomShippingQuoteItem.java
2026-03-03 17:09:51,917 - Knowledge - INFO - Worker kw1 processing /app/data/T0015/327978/b5857iz/shopizer-327978/sm-shop/src/main/java/com/salesmanager/web/utils/AppConfiguration.java
2026-03-03 17:09:52,178 - Knowledge - INFO - Async storing batch of 8 embeddings
2026-03-03 17:09:52,397 - Knowledge - INFO - Async storing batch of 8 embeddings
2026-03-03 17:09:52,478 - Knowledge - INFO - process ingested knowledge for /app/data/T0015/327978/b5857iz/shopizer-327978/sm-core/src/main/java/com/salesmanager/core/modules/cms/content/CmsStaticContentFileManagerInfinispanImpl.java
2026-03-03 17:09:52,831 - Knowledge - INFO - process ingested knowledge for /app/data/T0015/327978/b5857iz/shopizer-327978/sm-core/src/main/java/com/salesmanager/core/modules/cms/impl/VendorCacheManager.java
2026-03-03 17:09:52,998 - Knowledge - INFO - Batch sizing: calculated=8, max_allowed=10, queue=611, active_workers=20/20
2026-03-03 17:09:53,136 - Knowledge - INFO - Fast-tracked /app/data/T0015/327978/b5857iz/shopizer-327978/sm-shop/src/main/java/com/salesmanager/web/populator/catalog/ReadableProductReviewPopulator.java (small file (2014 bytes))
2026-03-03 17:09:53,276 - Knowledge - INFO - Worker kw19 processing /app/data/T0015/327978/b5857iz/shopizer-327978/sm-shop/src/main/java/com/salesmanager/web/utils/BeanUtils.java
2026-03-03 17:09:53,404 - Knowledge - INFO - process ingested knowledge for /app/data/T0015/327978/b5857iz/shopizer-327978/sm-core/src/main/java/com/salesmanager/core/modules/integration/shipping/model/ShippingQuoteModule.java
2026-03-03 17:09:53,595 - Knowledge - INFO - Fast-tracked /app/data/T0015/327978/b5857iz/shopizer-327978/sm-shop/src/main/java/com/salesmanager/web/utils/AppConfiguration.java (ext=.java, size=745)
2026-03-03 17:09:53,733 - Knowledge - INFO - Worker kw17 processing /app/data/T0015/327978/b5857iz/shopizer-327978/sm-shop/src/main/java/com/salesmanager/web/admin/controller/products/ProductsController.java
2026-03-03 17:09:53,836 - Knowledge - INFO - Worker kw10 processing /app/data/T0015/327978/b5857iz/shopizer-327978/sm-shop/src/main/java/com/salesmanager/web/admin/controller/products/DigitalProductController.java
2026-03-03 17:09:54,290 - Knowledge - INFO - process ingested knowledge for /app/data/T0015/327978/b5857iz/shopizer-327978/sm-core/src/main/java/com/salesmanager/core/modules/cms/impl/CacheManager.java
2026-03-03 17:09:54,290 - Knowledge - INFO - Async storing batch of 8 embeddings
2026-03-03 17:09:54,483 - Knowledge - INFO - Worker kw19 processing /app/data/T0015/327978/b5857iz/shopizer-327978/sm-shop/src/main/java/com/salesmanager/web/admin/security/SecurityQuestion.java
2026-03-03 17:09:54,769 - Knowledge - INFO - Worker kw1 processing /app/data/T0015/327978/b5857iz/shopizer-327978/sm-shop/src/main/java/com/salesmanager/web/utils/PageBuilderUtils.java
2026-03-03 17:09:54,826 - Knowledge - INFO - process ingested knowledge for /app/data/T0015/327978/b5857iz/shopizer-327978/sm-core/src/main/java/com/salesmanager/core/modules/integration/shipping/model/CustomShippingQuotesConfiguration.java
2026-03-03 17:09:54,898 - Knowledge - INFO - Worker kw17 processing /app/data/T0015/327978/b5857iz/shopizer-327978/sm-shop/src/main/java/com/salesmanager/web/admin/controller/products/ProductPriceController.java
2026-03-03 17:09:55,012 - Knowledge - INFO - Worker kw10 processing /app/data/T0015/327978/b5857iz/shopizer-327978/sm-shop/src/main/java/com/salesmanager/web/admin/controller/products/ProductImagesController.java
2026-03-03 17:09:55,085 - Knowledge - INFO - [LLM_CALL] Completed: PayPalExpressCheckoutPayment.java:chunk1, Duration: 44577ms, PromptTokens: 14152, CompletionTokens: 771, Cost: $0.00172
2026-03-03 17:09:55,291 - Knowledge - INFO - Worker kw2 processing /app/data/T0015/327978/b5857iz/shopizer-327978/sm-shop/src/main/java/com/salesmanager/web/admin/controller/shipping/ShippingConfigsController.java
2026-03-03 17:09:55,301 - Knowledge - INFO - process ingested knowledge for /app/data/T0015/327978/b5857iz/shopizer-327978/sm-core/src/main/java/com/salesmanager/core/modules/cms/product/ProductImageGet.java
2026-03-03 17:09:55,405 - Knowledge - INFO - Fast-tracked /app/data/T0015/327978/b5857iz/shopizer-327978/sm-shop/src/main/java/com/salesmanager/web/admin/security/SecurityQuestion.java (ext=.java, size=473)
2026-03-03 17:09:55,510 - Knowledge - INFO - Fast-tracked /app/data/T0015/327978/b5857iz/shopizer-327978/sm-shop/src/main/java/com/salesmanager/web/utils/PageBuilderUtils.java (ext=.java, size=412)
2026-03-03 17:09:55,705 - Knowledge - INFO - Worker kw17 processing /app/data/T0015/327978/b5857iz/shopizer-327978/sm-shop/src/main/java/com/salesmanager/web/admin/controller/products/FeaturedItemsController.java
2026-03-03 17:09:55,828 - Knowledge - INFO - Worker kw10 processing /app/data/T0015/327978/b5857iz/shopizer-327978/sm-shop/src/main/java/com/salesmanager/web/admin/controller/products/ProductReviewController.java
2026-03-03 17:09:55,943 - Knowledge - INFO - done ingest for /app/data/T0015/327978/b5857iz/shopizer-327978/sm-core/src/main/java/com/salesmanager/core/modules/integration/payment/impl/PayPalExpressCheckoutPayment.java
2026-03-03 17:09:56,047 - Knowledge - INFO - Worker kw2 processing /app/data/T0015/327978/b5857iz/shopizer-327978/sm-shop/src/main/java/com/salesmanager/web/admin/controller/merchant/StoreBrandingController.java
2026-03-03 17:09:56,195 - Knowledge - INFO - Worker kw19 processing /app/data/T0015/327978/b5857iz/shopizer-327978/sm-shop/src/main/java/com/salesmanager/web/admin/security/UserAuthenticationSuccessHandler.java
2026-03-03 17:09:56,219 - Knowledge - INFO - process ingested knowledge for /app/data/T0015/327978/b5857iz/shopizer-327978/sm-core/src/main/java/com/salesmanager/core/modules/cms/product/ProductFileManager.java
2026-03-03 17:09:56,284 - Knowledge - INFO - Worker kw1 processing /app/data/T0015/327978/b5857iz/shopizer-327978/sm-shop/src/main/java/com/salesmanager/web/utils/GeoLocationUtils.java
2026-03-03 17:09:56,407 - Knowledge - INFO - Worker kw17 processing /app/data/T0015/327978/b5857iz/shopizer-327978/sm-shop/src/main/java/com/salesmanager/web/admin/controller/products/ManufacturerController.java
2026-03-03 17:09:56,491 - Knowledge - INFO - Worker kw10 processing /app/data/T0015/327978/b5857iz/shopizer-327978/sm-shop/src/main/java/com/salesmanager/web/admin/controller/products/RelatedItemsController.java
2026-03-03 17:09:56,727 - Knowledge - INFO - Worker kw2 processing /app/data/T0015/327978/b5857iz/shopizer-327978/sm-shop/src/main/java/com/salesmanager/web/admin/controller/merchant/StoreLandingController.java
2026-03-03 17:09:56,859 - Knowledge - INFO - Fast-tracked /app/data/T0015/327978/b5857iz/shopizer-327978/sm-shop/src/main/java/com/salesmanager/web/admin/security/UserAuthenticationSuccessHandler.java (ext=.java, size=1569)
2026-03-03 17:09:57,071 - Knowledge - INFO - Fast-tracked /app/data/T0015/327978/b5857iz/shopizer-327978/sm-shop/src/main/java/com/salesmanager/web/utils/GeoLocationUtils.java (ext=.java, size=776)
2026-03-03 17:09:57,220 - Knowledge - INFO - Worker kw17 processing /app/data/T0015/327978/b5857iz/shopizer-327978/sm-shop/src/main/java/com/salesmanager/web/admin/controller/products/ProductAttributeController.java
2026-03-03 17:09:57,305 - Knowledge - INFO - process ingested knowledge for /app/data/T0015/327978/b5857iz/shopizer-327978/sm-core/src/main/java/com/salesmanager/core/modules/cms/product/CmsImageFileManagerInfinispanImpl.java
2026-03-03 17:09:57,345 - Knowledge - INFO - Worker kw10 processing /app/data/T0015/327978/b5857iz/shopizer-327978/sm-shop/src/main/java/com/salesmanager/web/admin/controller/shipping/ShippingOptionsController.java
2026-03-03 17:09:57,472 - Knowledge - INFO - [LLM_CALL] Completed: MoneyOrderPayment.java:chunk1, Duration: 49765ms, PromptTokens: 2242, CompletionTokens: 689, Cost: $0.00050
2026-03-03 17:09:57,478 - Knowledge - INFO - Worker kw2 processing /app/data/T0015/327978/b5857iz/shopizer-327978/sm-shop/src/main/java/com/salesmanager/web/admin/controller/merchant/MerchantStoreController.java
2026-03-03 17:09:57,556 - Knowledge - INFO - [kw7] Queue=579, InProgress=0, PendingWorkers=20/20, Completed=452/1167 (38.7%)
2026-03-03 17:09:57,594 - Knowledge - INFO - Worker kw19 processing /app/data/T0015/327978/b5857iz/shopizer-327978/sm-shop/src/main/java/com/salesmanager/web/admin/security/WebUserServices.java
2026-03-03 17:09:57,677 - Knowledge - INFO - Worker kw1 processing /app/data/T0015/327978/b5857iz/shopizer-327978/sm-shop/src/main/java/com/salesmanager/web/utils/MerchantUtils.java
2026-03-03 17:09:57,794 - Knowledge - INFO - Worker kw17 processing /app/data/T0015/327978/b5857iz/shopizer-327978/sm-shop/src/main/java/com/salesmanager/web/admin/controller/products/ProductController.java
2026-03-03 17:09:57,999 - Knowledge - INFO - Worker kw10 processing /app/data/T0015/327978/b5857iz/shopizer-327978/sm-shop/src/main/java/com/salesmanager/web/admin/controller/shipping/ShippingMethodsController.java
2026-03-03 17:09:58,012 - Knowledge - INFO - process ingested knowledge for /app/data/T0015/327978/b5857iz/shopizer-327978/sm-core/src/main/java/com/salesmanager/core/modules/cms/product/ProductImageRemove.java
2026-03-03 17:09:58,077 - Knowledge - INFO - done ingest for /app/data/T0015/327978/b5857iz/shopizer-327978/sm-core/src/main/java/com/salesmanager/core/modules/integration/payment/impl/MoneyOrderPayment.java
2026-03-03 17:09:58,077 - Knowledge - INFO - [kw9] Queue=579, InProgress=0, PendingWorkers=20/20, Completed=452/1167 (38.7%)
2026-03-03 17:09:58,155 - Knowledge - INFO - Worker kw2 processing /app/data/T0015/327978/b5857iz/shopizer-327978/sm-shop/src/main/java/com/salesmanager/web/admin/controller/categories/CategoryController.java
2026-03-03 17:09:58,238 - Knowledge - INFO - Batch sizing: calculated=8, max_allowed=10, queue=579, active_workers=20/20
2026-03-03 17:09:58,335 - Knowledge - INFO - Fast-tracked /app/data/T0015/327978/b5857iz/shopizer-327978/sm-shop/src/main/java/com/salesmanager/web/admin/security/WebUserServices.java (ext=.java, size=240)
2026-03-03 17:09:58,492 - Knowledge - INFO - Fast-tracked /app/data/T0015/327978/b5857iz/shopizer-327978/sm-shop/src/main/java/com/salesmanager/web/utils/MerchantUtils.java (ext=.java, size=575)
2026-03-03 17:09:58,549 - Knowledge - INFO - [LLM_CALL] Completed: ContactController.java:chunk1, Duration: 21456ms, PromptTokens: 3282, CompletionTokens: 607, Cost: $0.00057
2026-03-03 17:09:58,593 - Knowledge - INFO - Worker kw17 processing /app/data/T0015/327978/b5857iz/shopizer-327978/sm-shop/src/main/java/com/salesmanager/web/admin/controller/products/ProductKeywordsController.java
2026-03-03 17:09:58,728 - Knowledge - INFO - Worker kw10 processing /app/data/T0015/327978/b5857iz/shopizer-327978/sm-shop/src/main/java/com/salesmanager/web/admin/controller/shipping/CustomShippingMethodsController.java
2026-03-03 17:09:58,831 - Knowledge - INFO - process ingested knowledge for /app/data/T0015/327978/b5857iz/shopizer-327978/sm-core/src/main/java/com/salesmanager/core/modules/cms/product/ProductFileManagerImpl.java
2026-03-03 17:09:59,026 - Knowledge - INFO - Batch sizing: calculated=8, max_allowed=10, queue=579, active_workers=20/20
2026-03-03 17:09:59,131 - Knowledge - INFO - Worker kw2 processing /app/data/T0015/327978/b5857iz/shopizer-327978/sm-shop/src/main/java/com/salesmanager/web/admin/controller/ControllerConstants.java
2026-03-03 17:09:59,285 - Knowledge - INFO - Worker kw19 processing /app/data/T0015/327978/b5857iz/shopizer-327978/sm-shop/src/main/java/com/salesmanager/web/admin/security/UserServicesImpl.java
2026-03-03 17:09:59,372 - Knowledge - INFO - Worker kw1 processing /app/data/T0015/327978/b5857iz/shopizer-327978/sm-shop/src/main/java/com/salesmanager/web/utils/BreadcrumbsUtils.java
2026-03-03 17:09:59,438 - Knowledge - INFO - done ingest for /app/data/T0015/327978/b5857iz/shopizer-327978/sm-shop/src/main/java/com/salesmanager/web/shop/controller/store/ContactController.java
2026-03-03 17:09:59,438 - Knowledge - INFO - Processing batch of 8 files
2026-03-03 17:09:59,439 - Knowledge - INFO - Async storing batch of 8 embeddings
2026-03-03 17:09:59,483 - Knowledge - INFO - Fast-tracked /app/data/T0015/327978/b5857iz/shopizer-327978/sm-shop/src/main/java/com/salesmanager/web/populator/order/ReadableOrderTotalPopulator.java (small file (2157 bytes))
2026-03-03 17:09:59,544 - Knowledge - INFO - Worker kw17 processing /app/data/T0015/327978/b5857iz/shopizer-327978/sm-shop/src/main/java/com/salesmanager/web/admin/controller/products/OptionsValueController.java
2026-03-03 17:09:59,638 - Knowledge - INFO - Worker kw10 processing /app/data/T0015/327978/b5857iz/shopizer-327978/sm-shop/src/main/java/com/salesmanager/web/admin/controller/shipping/ShippingPackagingController.java
2026-03-03 17:09:59,750 - Knowledge - INFO - process ingested knowledge for /app/data/T0015/327978/b5857iz/shopizer-327978/sm-core/src/main/java/com/salesmanager/core/modules/cms/product/ProductImagePut.java
2026-03-03 17:09:59,867 - Knowledge - INFO - Async storing batch of 8 embeddings
2026-03-03 17:09:59,946 - Knowledge - INFO - Worker kw2 processing /app/data/T0015/327978/b5857iz/shopizer-327978/sm-shop/src/main/java/com/salesmanager/web/admin/controller/payments/PaymentsController.java
2026-03-03 17:10:00,039 - Knowledge - INFO - Worker kw19 processing /app/data/T0015/327978/b5857iz/shopizer-327978/sm-shop/src/main/java/com/salesmanager/web/admin/security/SecurityDataAccessException.java
2026-03-03 17:10:00,134 - Knowledge - INFO - Worker kw1 processing /app/data/T0015/327978/b5857iz/shopizer-327978/sm-shop/src/main/java/com/salesmanager/web/utils/TokenizeTool.java
2026-03-03 17:10:00,324 - Knowledge - INFO - process ingested knowledge for /app/data/T0015/327978/b5857iz/shopizer-327978/sm-core/src/main/java/com/salesmanager/core/modules/integration/shipping/model/Packaging.java
2026-03-03 17:10:00,596 - Knowledge - INFO - Worker kw7 processing /app/data/T0015/327978/b5857iz/shopizer-327978/sm-shop/src/main/java/com/salesmanager/web/admin/controller/customers/CustomerController.java
2026-03-03 17:10:00,608 - Knowledge - INFO - Fast-tracked /app/data/T0015/327978/b5857iz/shopizer-327978/sm-shop/src/main/java/com/salesmanager/web/populator/customer/CustomerOptionPopulator.java (small file (2317 bytes))
2026-03-03 17:10:01,106 - Knowledge - INFO - Worker kw9 processing /app/data/T0015/327978/b5857iz/shopizer-327978/sm-shop/src/main/java/com/salesmanager/web/admin/controller/content/ContentImageController.java
2026-03-03 17:10:01,266 - Knowledge - INFO - Worker kw2 processing /app/data/T0015/327978/b5857iz/shopizer-327978/sm-shop/src/main/java/com/salesmanager/web/admin/controller/customers/CustomerOptionsController.java
2026-03-03 17:10:01,338 - Knowledge - INFO - Fast-tracked /app/data/T0015/327978/b5857iz/shopizer-327978/sm-shop/src/main/java/com/salesmanager/web/admin/security/SecurityDataAccessException.java (ext=.java, size=391)
2026-03-03 17:10:01,430 - Knowledge - INFO - Fast-tracked /app/data/T0015/327978/b5857iz/shopizer-327978/sm-shop/src/main/java/com/salesmanager/web/utils/TokenizeTool.java (ext=.java, size=950)
2026-03-03 17:10:01,626 - Knowledge - INFO - Worker kw7 processing /app/data/T0015/327978/b5857iz/shopizer-327978/sm-shop/src/main/java/com/salesmanager/web/admin/controller/customers/CustomerOptionsSetController.java
2026-03-03 17:10:01,699 - Knowledge - INFO - process ingested knowledge for /app/data/T0015/327978/b5857iz/shopizer-327978/sm-core/src/main/java/com/salesmanager/core/modules/integration/payment/impl/BeanStreamPayment.java
2026-03-03 17:10:01,839 - Knowledge - INFO - Worker kw9 processing /app/data/T0015/327978/b5857iz/shopizer-327978/sm-shop/src/main/java/com/salesmanager/web/admin/controller/content/StaticContentController.java
2026-03-03 17:10:02,019 - Knowledge - INFO - Worker kw19 processing /app/data/T0015/327978/b5857iz/shopizer-327978/sm-shop/src/main/java/com/salesmanager/web/admin/controller/products/CustomProductGroupsController.java
2026-03-03 17:10:02,105 - Knowledge - INFO - Worker kw1 processing /app/data/T0015/327978/b5857iz/shopizer-327978/sm-shop/src/main/java/com/salesmanager/web/utils/FieldMatchValidator.java
2026-03-03 17:10:02,178 - Knowledge - INFO - Worker kw7 processing /app/data/T0015/327978/b5857iz/shopizer-327978/sm-shop/src/main/java/com/salesmanager/web/admin/controller/customers/CustomerOptionsValueController.java
2026-03-03 17:10:02,368 - Knowledge - INFO - process ingested knowledge for /app/data/T0015/327978/b5857iz/shopizer-327978/sm-core/src/main/java/com/salesmanager/core/modules/integration/payment/impl/MoneyOrderPayment.java
2026-03-03 17:10:02,390 - Knowledge - INFO - Worker kw9 processing /app/data/T0015/327978/b5857iz/shopizer-327978/sm-shop/src/main/java/com/salesmanager/web/admin/controller/content/ContentPagesController.java
2026-03-03 17:10:02,917 - Knowledge - INFO - Worker kw19 processing /app/data/T0015/327978/b5857iz/shopizer-327978/sm-shop/src/main/java/com/salesmanager/web/admin/controller/products/OptionsController.java
2026-03-03 17:10:03,033 - Knowledge - INFO - Fast-tracked /app/data/T0015/327978/b5857iz/shopizer-327978/sm-shop/src/main/java/com/salesmanager/web/utils/FieldMatchValidator.java (ext=.java, size=1442)
2026-03-03 17:10:03,135 - Knowledge - INFO - Worker kw7 processing /app/data/T0015/327978/b5857iz/shopizer-327978/sm-shop/src/main/java/com/salesmanager/web/admin/controller/tax/TaxRatesController.java
2026-03-03 17:10:03,243 - Knowledge - INFO - [LLM_CALL] Completed: ShopProductController.java:chunk1, Duration: 36315ms, PromptTokens: 7272, CompletionTokens: 1056, Cost: $0.00115
2026-03-03 17:10:03,308 - Knowledge - INFO - process ingested knowledge for /app/data/T0015/327978/b5857iz/shopizer-327978/sm-core/src/main/java/com/salesmanager/core/modules/integration/payment/impl/PayPalExpressCheckoutPayment.java
2026-03-03 17:10:03,362 - Knowledge - INFO - Worker kw9 processing /app/data/T0015/327978/b5857iz/shopizer-327978/sm-shop/src/main/java/com/salesmanager/web/admin/controller/configurations/CacheController.java
2026-03-03 17:10:03,445 - Knowledge - INFO - Fast-tracked /app/data/T0015/327978/b5857iz/shopizer-327978/sm-shop/src/main/java/com/salesmanager/web/utils/BeanUtils.java (small file (2248 bytes))
2026-03-03 17:10:03,536 - Knowledge - INFO - Fast-tracked /app/data/T0015/327978/b5857iz/shopizer-327978/sm-shop/src/main/java/com/salesmanager/web/utils/EmailUtils.java (small file (2216 bytes))
2026-03-03 17:10:03,621 - Knowledge - INFO - Worker kw7 processing /app/data/T0015/327978/b5857iz/shopizer-327978/sm-shop/src/main/java/com/salesmanager/web/admin/controller/tax/TaxConfigurationController.java
2026-03-03 17:10:03,707 - Knowledge - INFO - done ingest for /app/data/T0015/327978/b5857iz/shopizer-327978/sm-shop/src/main/java/com/salesmanager/web/shop/controller/product/ShopProductController.java
2026-03-03 17:10:03,708 - Knowledge - INFO - [kw5] Queue=563, InProgress=0, PendingWorkers=20/20, Completed=460/1167 (39.4%)
2026-03-03 17:10:03,814 - Knowledge - INFO - process ingested knowledge for /app/data/T0015/327978/b5857iz/shopizer-327978/sm-core/src/main/java/com/salesmanager/core/modules/integration/payment/impl/PayPalRestPayment.java
2026-03-03 17:10:03,917 - Knowledge - INFO - Worker kw9 processing /app/data/T0015/327978/b5857iz/shopizer-327978/sm-shop/src/main/java/com/salesmanager/web/admin/controller/configurations/ConfigurationController.java
2026-03-03 17:10:04,207 - Knowledge - INFO - Worker kw7 processing /app/data/T0015/327978/b5857iz/shopizer-327978/sm-shop/src/main/java/com/salesmanager/web/admin/controller/tax/TaxClassController.java
2026-03-03 17:10:04,295 - Knowledge - INFO - Processing batch of 8 files
2026-03-03 17:10:04,412 - Knowledge - INFO - Batch sizing: calculated=8, max_allowed=10, queue=563, active_workers=20/20
2026-03-03 17:10:04,522 - Knowledge - INFO - process ingested knowledge for /app/data/T0015/327978/b5857iz/shopizer-327978/sm-core/src/main/java/com/salesmanager/core/modules/integration/payment/model/PaymentModule.java
2026-03-03 17:10:04,610 - Knowledge - INFO - Worker kw9 processing /app/data/T0015/327978/b5857iz/shopizer-327978/sm-shop/src/main/java/com/salesmanager/web/admin/controller/configurations/SystemConfigurationController.java
2026-03-03 17:10:04,727 - Knowledge - INFO - Worker kw7 processing /app/data/T0015/327978/b5857iz/shopizer-327978/sm-shop/src/main/java/com/salesmanager/web/admin/controller/AdminController.java
2026-03-03 17:10:04,815 - Knowledge - INFO - process ingested knowledge for /app/data/T0015/327978/b5857iz/shopizer-327978/sm-shop/src/main/java/com/salesmanager/web/shop/controller/product/ShopProductController.java
2026-03-03 17:10:04,908 - Knowledge - INFO - Async storing batch of 8 embeddings
2026-03-03 17:10:05,006 - Knowledge - INFO - process ingested knowledge for /app/data/T0015/327978/b5857iz/shopizer-327978/sm-core/src/main/java/com/salesmanager/core/modules/integration/IntegrationException.java
2026-03-03 17:10:05,103 - Knowledge - INFO - Worker kw9 processing /app/data/T0015/327978/b5857iz/shopizer-327978/sm-shop/src/main/java/com/salesmanager/web/admin/controller/user/GroupsController.java
2026-03-03 17:10:05,162 - Knowledge - INFO - Worker kw7 processing /app/data/T0015/327978/b5857iz/shopizer-327978/sm-shop/src/main/java/com/salesmanager/web/admin/controller/content/ContentBoxesController.java
2026-03-03 17:10:05,246 - Knowledge - INFO - process ingested knowledge for /app/data/T0015/327978/b5857iz/shopizer-327978/sm-shop/src/main/java/com/salesmanager/web/shop/controller/store/ContactController.java
2026-03-03 17:10:05,323 - Knowledge - INFO - Worker kw5 processing /app/data/T0015/327978/b5857iz/shopizer-327978/sm-shop/src/main/java/com/salesmanager/web/admin/controller/user/PermissionController.java
2026-03-03 17:10:05,421 - Knowledge - INFO - process ingested knowledge for /app/data/T0015/327978/b5857iz/shopizer-327978/sm-core/src/main/java/com/salesmanager/core/modules/order/ODSInvoiceModule.java
2026-03-03 17:10:05,518 - Knowledge - INFO - Worker kw9 processing /app/data/T0015/327978/b5857iz/shopizer-327978/sm-shop/src/main/java/com/salesmanager/web/admin/controller/user/SecurityController.java
2026-03-03 17:10:05,723 - Knowledge - INFO - process ingested knowledge for /app/data/T0015/327978/b5857iz/shopizer-327978/sm-shop/src/main/java/com/salesmanager/web/shop/controller/content/ShopContentController.java
2026-03-03 17:10:05,804 - Knowledge - INFO - Worker kw5 processing /app/data/T0015/327978/b5857iz/shopizer-327978/sm-shop/src/main/java/com/salesmanager/web/admin/controller/user/LoginController.java
2026-03-03 17:10:06,124 - Knowledge - INFO - process ingested knowledge for /app/data/T0015/327978/b5857iz/shopizer-327978/sm-shop/src/main/java/com/salesmanager/web/shop/model/paging/PaginationData.java
2026-03-03 17:10:06,184 - Knowledge - INFO - Fast-tracked /app/data/T0015/327978/b5857iz/shopizer-327978/sm-shop/src/main/java/com/salesmanager/web/admin/controller/user/LoginController.java (ext=.java, size=1648)
2026-03-03 17:10:06,383 - Knowledge - INFO - process ingested knowledge for /app/data/T0015/327978/b5857iz/shopizer-327978/sm-shop/src/main/java/com/salesmanager/web/shop/model/search/AutoCompleteRequest.java
2026-03-03 17:10:06,458 - Knowledge - INFO - Worker kw5 processing /app/data/T0015/327978/b5857iz/shopizer-327978/sm-shop/src/main/java/com/salesmanager/web/admin/controller/user/UserController.java
2026-03-03 17:10:06,545 - Knowledge - INFO - process ingested knowledge for /app/data/T0015/327978/b5857iz/shopizer-327978/sm-shop/src/main/java/com/salesmanager/web/shop/model/filter/QueryFilter.java
2026-03-03 17:10:06,636 - Knowledge - INFO - Worker kw5 processing /app/data/T0015/327978/b5857iz/shopizer-327978/sm-shop/src/main/java/com/salesmanager/web/admin/controller/orders/OrderControler.java
2026-03-03 17:10:06,789 - Knowledge - INFO - process ingested knowledge for /app/data/T0015/327978/b5857iz/shopizer-327978/sm-shop/src/main/java/com/salesmanager/web/shop/model/filter/QueryFilterType.java
2026-03-03 17:10:06,812 - Knowledge - INFO - Async storage completed for 8 embeddings
2026-03-03 17:10:06,820 - Knowledge - INFO - Worker kw5 processing /app/data/T0015/327978/b5857iz/shopizer-327978/sm-shop/src/main/java/com/salesmanager/web/admin/controller/orders/OrderActionsControler.java
2026-03-03 17:10:06,947 - Knowledge - INFO - [WEBSOCKET] Sent: Type=progress_update, Size: 292, Duration: 0ms
2026-03-03 17:10:06,978 - Knowledge - INFO - process ingested knowledge for /app/data/T0015/327978/b5857iz/shopizer-327978/sm-shop/src/main/java/com/salesmanager/web/shop/model/catalog/Attribute.java
2026-03-03 17:10:07,167 - Knowledge - INFO - Worker kw5 processing /app/data/T0015/327978/b5857iz/shopizer-327978/sm-shop/src/main/java/com/salesmanager/web/admin/controller/orders/OrdersController.java
2026-03-03 17:10:07,267 - Knowledge - INFO - [WEBSOCKET] Sent: Type=unknown, Size: ?, Duration: 320ms
2026-03-03 17:10:07,449 - Knowledge - INFO - Worker kw5 processing /app/data/T0015/327978/b5857iz/shopizer-327978/sm-shop/src/main/java/com/salesmanager/web/admin/entity/merchant/StoreLanding.java
2026-03-03 17:10:07,555 - Knowledge - INFO - Progress: 40.1% | Files: 468/1167 | Rate: 1.42 files/sec | Queue: 555
2026-03-03 17:10:07,641 - Knowledge - INFO - Fast-tracked /app/data/T0015/327978/b5857iz/shopizer-327978/sm-shop/src/main/java/com/salesmanager/web/admin/entity/merchant/StoreLanding.java (ext=.java, size=495)
2026-03-03 17:10:07,804 - Knowledge - INFO - [kw8] Queue=555, InProgress=0, PendingWorkers=20/20, Completed=468/1167 (40.1%)
2026-03-03 17:10:07,868 - Knowledge - INFO - Worker kw5 processing /app/data/T0015/327978/b5857iz/shopizer-327978/sm-shop/src/main/java/com/salesmanager/web/admin/entity/merchant/StoreLandingDescription.java
2026-03-03 17:10:07,966 - Knowledge - INFO - Batch sizing: calculated=8, max_allowed=10, queue=555, active_workers=20/20
2026-03-03 17:10:08,077 - Knowledge - INFO - Fast-tracked /app/data/T0015/327978/b5857iz/shopizer-327978/sm-shop/src/main/java/com/salesmanager/web/admin/entity/merchant/StoreLandingDescription.java (ext=.java, size=1202)
2026-03-03 17:10:08,229 - Knowledge - INFO - Async storing batch of 8 embeddings
2026-03-03 17:10:08,386 - Knowledge - INFO - Worker kw8 processing /app/data/T0015/327978/b5857iz/shopizer-327978/sm-shop/src/main/java/com/salesmanager/web/admin/entity/customer/attribute/CustomerOptionValue.java
2026-03-03 17:10:08,399 - Knowledge - INFO - [kw18] Queue=547, InProgress=0, PendingWorkers=20/20, Completed=468/1167 (40.1%)
2026-03-03 17:10:08,607 - Knowledge - INFO - Fast-tracked /app/data/T0015/327978/b5857iz/shopizer-327978/sm-shop/src/main/java/com/salesmanager/web/admin/entity/customer/attribute/CustomerOptionValue.java (ext=.java, size=438)
2026-03-03 17:10:08,714 - Knowledge - INFO - Batch sizing: calculated=8, max_allowed=10, queue=547, active_workers=20/20
2026-03-03 17:10:08,829 - Knowledge - INFO - Worker kw8 processing /app/data/T0015/327978/b5857iz/shopizer-327978/sm-shop/src/main/java/com/salesmanager/web/admin/entity/customer/attribute/CustomerAttributes.java
2026-03-03 17:10:09,051 - Knowledge - INFO - Async storing batch of 8 embeddings
2026-03-03 17:10:09,143 - Knowledge - INFO - Fast-tracked /app/data/T0015/327978/b5857iz/shopizer-327978/sm-shop/src/main/java/com/salesmanager/web/admin/entity/customer/attribute/CustomerAttributes.java (ext=.java, size=374)
2026-03-03 17:10:09,215 - Knowledge - INFO - Worker kw18 processing /app/data/T0015/327978/b5857iz/shopizer-327978/sm-shop/src/main/java/com/salesmanager/web/admin/entity/content/ContentFiles.java
2026-03-03 17:10:09,339 - Knowledge - INFO - Worker kw8 processing /app/data/T0015/327978/b5857iz/shopizer-327978/sm-shop/src/main/java/com/salesmanager/web/admin/entity/customer/attribute/CustomerOption.java
2026-03-03 17:10:09,444 - Knowledge - INFO - Fast-tracked /app/data/T0015/327978/b5857iz/shopizer-327978/sm-shop/src/main/java/com/salesmanager/web/admin/entity/content/ContentFiles.java (ext=.java, size=1193)
2026-03-03 17:10:09,542 - Knowledge - INFO - Fast-tracked /app/data/T0015/327978/b5857iz/shopizer-327978/sm-shop/src/main/java/com/salesmanager/web/admin/entity/customer/attribute/CustomerOption.java (ext=.java, size=1216)
2026-03-03 17:10:09,619 - Knowledge - INFO - Worker kw18 processing /app/data/T0015/327978/b5857iz/shopizer-327978/sm-shop/src/main/java/com/salesmanager/web/admin/entity/content/ProductImages.java
2026-03-03 17:10:09,706 - Knowledge - INFO - Worker kw8 processing /app/data/T0015/327978/b5857iz/shopizer-327978/sm-shop/src/main/java/com/salesmanager/web/admin/entity/userpassword/UserReset.java
2026-03-03 17:10:09,795 - Knowledge - INFO - Fast-tracked /app/data/T0015/327978/b5857iz/shopizer-327978/sm-shop/src/main/java/com/salesmanager/web/admin/entity/content/ProductImages.java (ext=.java, size=347)
2026-03-03 17:10:09,907 - Knowledge - INFO - Fast-tracked /app/data/T0015/327978/b5857iz/shopizer-327978/sm-shop/src/main/java/com/salesmanager/web/admin/entity/userpassword/UserReset.java (ext=.java, size=1275)
2026-03-03 17:10:09,971 - Knowledge - INFO - Worker kw18 processing /app/data/T0015/327978/b5857iz/shopizer-327978/sm-shop/src/main/java/com/salesmanager/web/admin/entity/catalog/ProductPrice.java
2026-03-03 17:10:10,102 - Knowledge - INFO - Worker kw8 processing /app/data/T0015/327978/b5857iz/shopizer-327978/sm-shop/src/main/java/com/salesmanager/web/admin/entity/secutity/Password.java
2026-03-03 17:10:10,209 - Knowledge - INFO - Worker kw18 processing /app/data/T0015/327978/b5857iz/shopizer-327978/sm-shop/src/main/java/com/salesmanager/web/admin/entity/catalog/Product.java
2026-03-03 17:10:10,292 - Knowledge - INFO - Fast-tracked /app/data/T0015/327978/b5857iz/shopizer-327978/sm-shop/src/main/java/com/salesmanager/web/admin/entity/secutity/Password.java (ext=.java, size=995)
2026-03-03 17:10:10,436 - Knowledge - INFO - Worker kw18 processing /app/data/T0015/327978/b5857iz/shopizer-327978/sm-shop/src/main/java/com/salesmanager/web/admin/entity/catalog/Keyword.java
2026-03-03 17:10:10,538 - Knowledge - INFO - Worker kw8 processing /app/data/T0015/327978/b5857iz/shopizer-327978/sm-shop/src/main/java/com/salesmanager/web/admin/entity/digital/ProductFiles.java
2026-03-03 17:10:10,680 - Knowledge - INFO - Fast-tracked /app/data/T0015/327978/b5857iz/shopizer-327978/sm-shop/src/main/java/com/salesmanager/web/admin/entity/catalog/Keyword.java (ext=.java, size=856)
2026-03-03 17:10:10,818 - Knowledge - INFO - Fast-tracked /app/data/T0015/327978/b5857iz/shopizer-327978/sm-shop/src/main/java/com/salesmanager/web/admin/entity/digital/ProductFiles.java (ext=.java, size=1592)
2026-03-03 17:10:10,913 - Knowledge - INFO - Worker kw18 processing /app/data/T0015/327978/b5857iz/shopizer-327978/sm-shop/src/main/java/com/salesmanager/web/admin/entity/catalog/Manufacturer.java
2026-03-03 17:10:11,039 - Knowledge - INFO - Worker kw8 processing /app/data/T0015/327978/b5857iz/shopizer-327978/sm-shop/src/main/java/com/salesmanager/web/admin/entity/web/Menu.java
2026-03-03 17:10:11,227 - Knowledge - INFO - Fast-tracked /app/data/T0015/327978/b5857iz/shopizer-327978/sm-shop/src/main/java/com/salesmanager/web/admin/entity/catalog/Manufacturer.java (ext=.java, size=1954)
2026-03-03 17:10:11,331 - Knowledge - INFO - Fast-tracked /app/data/T0015/327978/b5857iz/shopizer-327978/sm-shop/src/main/java/com/salesmanager/web/admin/entity/web/Menu.java (ext=.java, size=1281)
2026-03-03 17:10:11,459 - Knowledge - INFO - Worker kw18 processing /app/data/T0015/327978/b5857iz/shopizer-327978/sm-shop/src/main/java/com/salesmanager/web/admin/entity/reference/Weight.java
2026-03-03 17:10:11,582 - Knowledge - INFO - Worker kw8 processing /app/data/T0015/327978/b5857iz/shopizer-327978/sm-shop/src/main/java/com/salesmanager/web/admin/entity/web/ConfigListWrapper.java
2026-03-03 17:10:11,782 - Knowledge - INFO - Fast-tracked /app/data/T0015/327978/b5857iz/shopizer-327978/sm-shop/src/main/java/com/salesmanager/web/admin/entity/reference/Weight.java (ext=.java, size=559)
2026-03-03 17:10:11,916 - Knowledge - INFO - Fast-tracked /app/data/T0015/327978/b5857iz/shopizer-327978/sm-shop/src/main/java/com/salesmanager/web/admin/entity/web/ConfigListWrapper.java (ext=.java, size=453)
2026-03-03 17:10:12,017 - Knowledge - INFO - Worker kw18 processing /app/data/T0015/327978/b5857iz/shopizer-327978/sm-shop/src/main/java/com/salesmanager/web/admin/entity/reference/Size.java
2026-03-03 17:10:12,106 - Knowledge - INFO - Async storage completed for 8 embeddings
2026-03-03 17:10:12,238 - Knowledge - INFO - Fast-tracked /app/data/T0015/327978/b5857iz/shopizer-327978/sm-shop/src/main/java/com/salesmanager/web/admin/entity/reference/Size.java (ext=.java, size=557)
2026-03-03 17:10:12,345 - Knowledge - INFO - Processing batch of 8 files
2026-03-03 17:10:12,451 - Knowledge - INFO - Fast-tracked /app/data/T0015/327978/b5857iz/shopizer-327978/sm-shop/src/main/java/com/salesmanager/web/admin/entity/catalog/ProductPrice.java (small file (2631 bytes))
2026-03-03 17:10:12,615 - Knowledge - INFO - process ingested knowledge for /app/data/T0015/327978/b5857iz/shopizer-327978/sm-shop/src/main/java/com/salesmanager/web/admin/entity/customer/attribute/CustomerOptionValue.java
2026-03-03 17:10:12,696 - Knowledge - INFO - Fast-tracked /app/data/T0015/327978/b5857iz/shopizer-327978/sm-shop/src/main/java/com/salesmanager/web/admin/entity/catalog/Product.java (small file (2825 bytes))
2026-03-03 17:10:12,873 - Knowledge - INFO - process ingested knowledge for /app/data/T0015/327978/b5857iz/shopizer-327978/sm-shop/src/main/java/com/salesmanager/web/admin/entity/customer/attribute/CustomerAttributes.java
2026-03-03 17:10:12,952 - Knowledge - INFO - Async storage completed for 8 embeddings
2026-03-03 17:10:13,098 - Knowledge - INFO - process ingested knowledge for /app/data/T0015/327978/b5857iz/shopizer-327978/sm-shop/src/main/java/com/salesmanager/web/admin/entity/customer/attribute/CustomerOption.java
2026-03-03 17:10:13,201 - Knowledge - INFO - Processing batch of 8 files
2026-03-03 17:10:13,325 - Knowledge - INFO - [LLM_CALL] Completed: PersistableCategoryPopulator.java:chunk1, Duration: 34026ms, PromptTokens: 2364, CompletionTokens: 429, Cost: $0.00041
2026-03-03 17:10:13,328 - Knowledge - INFO - process ingested knowledge for /app/data/T0015/327978/b5857iz/shopizer-327978/sm-shop/src/main/java/com/salesmanager/web/admin/entity/userpassword/UserReset.java
2026-03-03 17:10:13,410 - Knowledge - INFO - process ingested knowledge for /app/data/T0015/327978/b5857iz/shopizer-327978/sm-shop/src/main/java/com/salesmanager/web/admin/entity/content/ContentFiles.java
2026-03-03 17:10:13,547 - Knowledge - INFO - done ingest for /app/data/T0015/327978/b5857iz/shopizer-327978/sm-shop/src/main/java/com/salesmanager/web/populator/catalog/PersistableCategoryPopulator.java
2026-03-03 17:10:13,630 - Knowledge - INFO - process ingested knowledge for /app/data/T0015/327978/b5857iz/shopizer-327978/sm-shop/src/main/java/com/salesmanager/web/admin/entity/secutity/Password.java
2026-03-03 17:10:13,717 - Knowledge - INFO - process ingested knowledge for /app/data/T0015/327978/b5857iz/shopizer-327978/sm-shop/src/main/java/com/salesmanager/web/admin/entity/content/ProductImages.java
2026-03-03 17:10:13,979 - Knowledge - INFO - process ingested knowledge for /app/data/T0015/327978/b5857iz/shopizer-327978/sm-shop/src/main/java/com/salesmanager/web/admin/entity/digital/ProductFiles.java
2026-03-03 17:10:14,070 - Knowledge - INFO - process ingested knowledge for /app/data/T0015/327978/b5857iz/shopizer-327978/sm-shop/src/main/java/com/salesmanager/web/admin/entity/catalog/ProductPrice.java
2026-03-03 17:10:14,170 - Knowledge - INFO - process ingested knowledge for /app/data/T0015/327978/b5857iz/shopizer-327978/sm-shop/src/main/java/com/salesmanager/web/admin/entity/web/Menu.java
2026-03-03 17:10:14,268 - Knowledge - INFO - process ingested knowledge for /app/data/T0015/327978/b5857iz/shopizer-327978/sm-shop/src/main/java/com/salesmanager/web/admin/entity/catalog/Product.java
2026-03-03 17:10:14,353 - Knowledge - INFO - process ingested knowledge for /app/data/T0015/327978/b5857iz/shopizer-327978/sm-shop/src/main/java/com/salesmanager/web/admin/entity/web/ConfigListWrapper.java
2026-03-03 17:10:14,470 - Knowledge - INFO - process ingested knowledge for /app/data/T0015/327978/b5857iz/shopizer-327978/sm-shop/src/main/java/com/salesmanager/web/admin/entity/catalog/Keyword.java
2026-03-03 17:10:14,699 - Knowledge - INFO - process ingested knowledge for /app/data/T0015/327978/b5857iz/shopizer-327978/sm-shop/src/main/java/com/salesmanager/web/admin/entity/catalog/Manufacturer.java
2026-03-03 17:10:14,931 - Knowledge - INFO - process ingested knowledge for /app/data/T0015/327978/b5857iz/shopizer-327978/sm-shop/src/main/java/com/salesmanager/web/admin/entity/reference/Weight.java
2026-03-03 17:10:15,203 - Knowledge - INFO - process ingested knowledge for /app/data/T0015/327978/b5857iz/shopizer-327978/sm-shop/src/main/java/com/salesmanager/web/admin/entity/reference/Size.java
2026-03-03 17:10:15,696 - Knowledge - INFO - [kw8] Queue=539, InProgress=0, PendingWorkers=20/20, Completed=484/1167 (41.5%)
2026-03-03 17:10:15,898 - Knowledge - INFO - Batch sizing: calculated=8, max_allowed=10, queue=539, active_workers=20/20
2026-03-03 17:10:16,097 - Knowledge - INFO - Async storing batch of 8 embeddings
2026-03-03 17:10:16,266 - Knowledge - INFO - Worker kw8 processing /app/data/T0015/327978/b5857iz/shopizer-327978/sm-shop/src/main/java/com/salesmanager/web/admin/entity/orders/Refund.java
2026-03-03 17:10:16,423 - Knowledge - INFO - [kw18] Queue=531, InProgress=0, PendingWorkers=20/20, Completed=484/1167 (41.5%)
2026-03-03 17:10:16,443 - Knowledge - INFO - Fast-tracked /app/data/T0015/327978/b5857iz/shopizer-327978/sm-shop/src/main/java/com/salesmanager/web/admin/entity/orders/Refund.java (ext=.java, size=496)
2026-03-03 17:10:16,607 - Knowledge - INFO - Batch sizing: calculated=8, max_allowed=10, queue=531, active_workers=20/20
2026-03-03 17:10:16,698 - Knowledge - INFO - Worker kw8 processing /app/data/T0015/327978/b5857iz/shopizer-327978/sm-shop/src/main/java/com/salesmanager/web/admin/entity/orders/Order.java
2026-03-03 17:10:16,818 - Knowledge - INFO - Async storing batch of 8 embeddings
2026-03-03 17:10:16,829 - Knowledge - INFO - Fast-tracked /app/data/T0015/327978/b5857iz/shopizer-327978/sm-shop/src/main/java/com/salesmanager/web/populator/customer/PersistableCustomerBillingAddressPopulator.java (small file (2053 bytes))
2026-03-03 17:10:16,911 - Knowledge - INFO - Worker kw8 processing /app/data/T0015/327978/b5857iz/shopizer-327978/sm-shop/src/main/java/com/salesmanager/web/constants/ApplicationConstants.java
2026-03-03 17:10:17,078 - Knowledge - INFO - Worker kw18 processing /app/data/T0015/327978/b5857iz/shopizer-327978/sm-shop/src/main/java/com/salesmanager/web/entity/order/ReadableOrderList.java
2026-03-03 17:10:17,160 - Knowledge - INFO - Async storage completed for 8 embeddings
2026-03-03 17:10:17,209 - Knowledge - INFO - Fast-tracked /app/data/T0015/327978/b5857iz/shopizer-327978/sm-shop/src/main/java/com/salesmanager/web/populator/customer/PersistableCustomerOptionPopulator.java (small file (2963 bytes))
2026-03-03 17:10:17,287 - Knowledge - INFO - Fast-tracked /app/data/T0015/327978/b5857iz/shopizer-327978/sm-shop/src/main/java/com/salesmanager/web/constants/ApplicationConstants.java (ext=.java, size=269)
2026-03-03 17:10:17,380 - Knowledge - INFO - Fast-tracked /app/data/T0015/327978/b5857iz/shopizer-327978/sm-shop/src/main/java/com/salesmanager/web/entity/order/ReadableOrderList.java (ext=.java, size=605)
2026-03-03 17:10:17,577 - Knowledge - INFO - Async storage completed for 8 embeddings
2026-03-03 17:10:17,607 - Knowledge - INFO - Async storage completed for 8 embeddings
2026-03-03 17:10:17,714 - Knowledge - INFO - Worker kw8 processing /app/data/T0015/327978/b5857iz/shopizer-327978/sm-shop/src/main/java/com/salesmanager/web/constants/EmailConstants.java
2026-03-03 17:10:17,795 - Knowledge - INFO - Worker kw18 processing /app/data/T0015/327978/b5857iz/shopizer-327978/sm-shop/src/main/java/com/salesmanager/web/entity/order/ReadableOrder.java
2026-03-03 17:10:18,079 - Knowledge - INFO - Worker kw8 processing /app/data/T0015/327978/b5857iz/shopizer-327978/sm-shop/src/main/java/com/salesmanager/web/constants/Constants.java
2026-03-03 17:10:18,157 - Knowledge - INFO - Fast-tracked /app/data/T0015/327978/b5857iz/shopizer-327978/sm-shop/src/main/java/com/salesmanager/web/entity/order/ReadableOrder.java (ext=.java, size=1865)
2026-03-03 17:10:18,241 - Knowledge - INFO - Worker kw8 processing /app/data/T0015/327978/b5857iz/shopizer-327978/sm-shop/src/main/java/com/salesmanager/web/entity/order/OrderTotal.java
2026-03-03 17:10:18,358 - Knowledge - INFO - Worker kw18 processing /app/data/T0015/327978/b5857iz/shopizer-327978/sm-shop/src/main/java/com/salesmanager/web/entity/order/Order.java
2026-03-03 17:10:18,446 - Knowledge - INFO - Fast-tracked /app/data/T0015/327978/b5857iz/shopizer-327978/sm-shop/src/main/java/com/salesmanager/web/entity/order/OrderTotal.java (ext=.java, size=1002)
2026-03-03 17:10:18,571 - Knowledge - INFO - Fast-tracked /app/data/T0015/327978/b5857iz/shopizer-327978/sm-shop/src/main/java/com/salesmanager/web/entity/order/Order.java (ext=.java, size=261)
2026-03-03 17:10:18,642 - Knowledge - INFO - Worker kw8 processing /app/data/T0015/327978/b5857iz/shopizer-327978/sm-shop/src/main/java/com/salesmanager/web/entity/order/ReadableOrderTotal.java
2026-03-03 17:10:18,763 - Knowledge - INFO - Worker kw18 processing /app/data/T0015/327978/b5857iz/shopizer-327978/sm-shop/src/main/java/com/salesmanager/web/entity/order/OrderProductEntity.java
2026-03-03 17:10:18,855 - Knowledge - INFO - Fast-tracked /app/data/T0015/327978/b5857iz/shopizer-327978/sm-shop/src/main/java/com/salesmanager/web/entity/order/ReadableOrderTotal.java (ext=.java, size=353)
2026-03-03 17:10:18,969 - Knowledge - INFO - Fast-tracked /app/data/T0015/327978/b5857iz/shopizer-327978/sm-shop/src/main/java/com/salesmanager/web/entity/order/OrderProductEntity.java (ext=.java, size=703)
2026-03-03 17:10:19,096 - Knowledge - INFO - Worker kw8 processing /app/data/T0015/327978/b5857iz/shopizer-327978/sm-shop/src/main/java/com/salesmanager/web/entity/order/ReadableShippingSummary.java
2026-03-03 17:10:19,181 - Knowledge - INFO - Worker kw18 processing /app/data/T0015/327978/b5857iz/shopizer-327978/sm-shop/src/main/java/com/salesmanager/web/entity/order/PersistableOrder.java
2026-03-03 17:10:19,486 - Knowledge - INFO - Fast-tracked /app/data/T0015/327978/b5857iz/shopizer-327978/sm-shop/src/main/java/com/salesmanager/web/admin/entity/orders/Order.java (small file (2007 bytes))
2026-03-03 17:10:19,549 - Knowledge - INFO - Fast-tracked /app/data/T0015/327978/b5857iz/shopizer-327978/sm-shop/src/main/java/com/salesmanager/web/entity/order/PersistableOrder.java (ext=.java, size=1123)
2026-03-03 17:10:19,700 - Knowledge - INFO - [LLM_CALL] Completed: PersistableProductPopulator.java:chunk1, Duration: 25334ms, PromptTokens: 4872, CompletionTokens: 1024, Cost: $0.00090
2026-03-03 17:10:19,823 - Knowledge - INFO - Worker kw18 processing /app/data/T0015/327978/b5857iz/shopizer-327978/sm-shop/src/main/java/com/salesmanager/web/entity/order/ReadableShopOrder.java
2026-03-03 17:10:19,942 - Knowledge - INFO - done ingest for /app/data/T0015/327978/b5857iz/shopizer-327978/sm-shop/src/main/java/com/salesmanager/web/populator/catalog/PersistableProductPopulator.java
2026-03-03 17:10:20,064 - Knowledge - INFO - Fast-tracked /app/data/T0015/327978/b5857iz/shopizer-327978/sm-shop/src/main/java/com/salesmanager/web/entity/order/ReadableShopOrder.java (ext=.java, size=1152)
2026-03-03 17:10:20,160 - Knowledge - INFO - Processing batch of 8 files
2026-03-03 17:10:20,260 - Knowledge - INFO - Worker kw18 processing /app/data/T0015/327978/b5857iz/shopizer-327978/sm-shop/src/main/java/com/salesmanager/web/entity/order/ShopOrder.java
2026-03-03 17:10:20,353 - Knowledge - INFO - process ingested knowledge for /app/data/T0015/327978/b5857iz/shopizer-327978/sm-shop/src/main/java/com/salesmanager/web/populator/manufacturer/PersistableManufacturerPopulator.java
2026-03-03 17:10:20,443 - Knowledge - INFO - Worker kw18 processing /app/data/T0015/327978/b5857iz/shopizer-327978/sm-shop/src/main/java/com/salesmanager/web/entity/order/OrderEntity.java
2026-03-03 17:10:20,526 - Knowledge - INFO - process ingested knowledge for /app/data/T0015/327978/b5857iz/shopizer-327978/sm-shop/src/main/java/com/salesmanager/web/populator/manufacturer/ReadableManufacturerPopulator.java
2026-03-03 17:10:20,629 - Knowledge - INFO - Fast-tracked /app/data/T0015/327978/b5857iz/shopizer-327978/sm-shop/src/main/java/com/salesmanager/web/entity/order/ShopOrder.java (small file (2474 bytes))
2026-03-03 17:10:20,751 - Knowledge - INFO - process ingested knowledge for /app/data/T0015/327978/b5857iz/shopizer-327978/sm-shop/src/main/java/com/salesmanager/web/populator/catalog/ReadableCategoryPopulator.java
2026-03-03 17:10:20,901 - Knowledge - INFO - Fast-tracked /app/data/T0015/327978/b5857iz/shopizer-327978/sm-shop/src/main/java/com/salesmanager/web/entity/order/OrderEntity.java (small file (2188 bytes))
2026-03-03 17:10:21,018 - Knowledge - INFO - process ingested knowledge for /app/data/T0015/327978/b5857iz/shopizer-327978/sm-shop/src/main/java/com/salesmanager/web/populator/catalog/PersistableCategoryPopulator.java
2026-03-03 17:10:21,113 - Knowledge - INFO - Async storage completed for 8 embeddings
2026-03-03 17:10:21,300 - Knowledge - INFO - process ingested knowledge for /app/data/T0015/327978/b5857iz/shopizer-327978/sm-shop/src/main/java/com/salesmanager/web/populator/catalog/ReadableProductPricePopulator.java
2026-03-03 17:10:21,378 - Knowledge - INFO - Processing batch of 8 files
2026-03-03 17:10:21,494 - Knowledge - INFO - process ingested knowledge for /app/data/T0015/327978/b5857iz/shopizer-327978/sm-shop/src/main/java/com/salesmanager/web/populator/catalog/PersistableProductOptionPopulator.java
2026-03-03 17:10:21,575 - Knowledge - INFO - process ingested knowledge for /app/data/T0015/327978/b5857iz/shopizer-327978/sm-shop/src/main/java/com/salesmanager/web/entity/order/ReadableOrderList.java
2026-03-03 17:10:21,726 - Knowledge - INFO - process ingested knowledge for /app/data/T0015/327978/b5857iz/shopizer-327978/sm-shop/src/main/java/com/salesmanager/web/populator/catalog/ReadableProductReviewPopulator.java
2026-03-03 17:10:21,923 - Knowledge - INFO - process ingested knowledge for /app/data/T0015/327978/b5857iz/shopizer-327978/sm-shop/src/main/java/com/salesmanager/web/entity/order/ReadableOrder.java
2026-03-03 17:10:22,134 - Knowledge - INFO - process ingested knowledge for /app/data/T0015/327978/b5857iz/shopizer-327978/sm-shop/src/main/java/com/salesmanager/web/populator/catalog/PersistableProductPopulator.java
2026-03-03 17:10:22,248 - Knowledge - INFO - process ingested knowledge for /app/data/T0015/327978/b5857iz/shopizer-327978/sm-shop/src/main/java/com/salesmanager/web/entity/order/Order.java
2026-03-03 17:10:22,463 - Knowledge - INFO - process ingested knowledge for /app/data/T0015/327978/b5857iz/shopizer-327978/sm-shop/src/main/java/com/salesmanager/web/entity/order/OrderProductEntity.java
2026-03-03 17:10:22,659 - Knowledge - INFO - process ingested knowledge for /app/data/T0015/327978/b5857iz/shopizer-327978/sm-shop/src/main/java/com/salesmanager/web/entity/order/PersistableOrder.java
2026-03-03 17:10:22,871 - Knowledge - INFO - process ingested knowledge for /app/data/T0015/327978/b5857iz/shopizer-327978/sm-shop/src/main/java/com/salesmanager/web/entity/order/ReadableShopOrder.java
2026-03-03 17:10:23,089 - Knowledge - INFO - process ingested knowledge for /app/data/T0015/327978/b5857iz/shopizer-327978/sm-shop/src/main/java/com/salesmanager/web/entity/order/ShopOrder.java
2026-03-03 17:10:23,256 - Knowledge - INFO - process ingested knowledge for /app/data/T0015/327978/b5857iz/shopizer-327978/sm-shop/src/main/java/com/salesmanager/web/entity/order/OrderEntity.java
2026-03-03 17:10:23,259 - Knowledge - INFO - [WEBSOCKET] Sent: Type=progress_update, Size: 292, Duration: 0ms
2026-03-03 17:10:23,533 - Knowledge - INFO - [WEBSOCKET] Sent: Type=unknown, Size: ?, Duration: 274ms
2026-03-03 17:10:23,717 - Knowledge - INFO - Progress: 42.8% | Files: 500/1167 | Rate: 1.45 files/sec | Queue: 523
2026-03-03 17:10:24,002 - Knowledge - INFO - [kw16] Queue=523, InProgress=0, PendingWorkers=20/20, Completed=500/1167 (42.8%)
2026-03-03 17:10:24,239 - Knowledge - INFO - Batch sizing: calculated=8, max_allowed=10, queue=523, active_workers=20/20
2026-03-03 17:10:24,530 - Knowledge - INFO - Async storing batch of 8 embeddings
2026-03-03 17:10:24,771 - Knowledge - INFO - Worker kw16 processing /app/data/T0015/327978/b5857iz/shopizer-327978/sm-shop/src/main/java/com/salesmanager/web/entity/order/ReadableOrderProductDownload.java
2026-03-03 17:10:25,074 - Knowledge - INFO - Fast-tracked /app/data/T0015/327978/b5857iz/shopizer-327978/sm-shop/src/main/java/com/salesmanager/web/entity/order/ReadableOrderProductDownload.java (ext=.java, size=1327)
2026-03-03 17:10:25,342 - Knowledge - INFO - Worker kw16 processing /app/data/T0015/327978/b5857iz/shopizer-327978/sm-shop/src/main/java/com/salesmanager/web/entity/order/ReadableOrderProduct.java
2026-03-03 17:10:25,444 - Knowledge - INFO - [LLM_CALL] Completed: BreadcrumbsUtils.java:chunk1, Duration: 21355ms, PromptTokens: 3442, CompletionTokens: 605, Cost: $0.00059
2026-03-03 17:10:25,815 - Knowledge - INFO - Fast-tracked /app/data/T0015/327978/b5857iz/shopizer-327978/sm-shop/src/main/java/com/salesmanager/web/entity/order/ReadableOrderProduct.java (ext=.java, size=1005)
2026-03-03 17:10:25,905 - Knowledge - INFO - done ingest for /app/data/T0015/327978/b5857iz/shopizer-327978/sm-shop/src/main/java/com/salesmanager/web/utils/BreadcrumbsUtils.java
2026-03-03 17:10:25,926 - Knowledge - INFO - [kw18] Queue=515, InProgress=0, PendingWorkers=20/20, Completed=500/1167 (42.8%)
2026-03-03 17:10:26,027 - Knowledge - INFO - Worker kw16 processing /app/data/T0015/327978/b5857iz/shopizer-327978/sm-shop/src/main/java/com/salesmanager/web/entity/order/OrderProduct.java
2026-03-03 17:10:26,242 - Knowledge - INFO - Processing batch of 8 files
2026-03-03 17:10:26,310 - Knowledge - INFO - Batch sizing: calculated=8, max_allowed=10, queue=515, active_workers=20/20
2026-03-03 17:10:26,444 - Knowledge - INFO - Fast-tracked /app/data/T0015/327978/b5857iz/shopizer-327978/sm-shop/src/main/java/com/salesmanager/web/entity/order/OrderProduct.java (ext=.java, size=268)
2026-03-03 17:10:26,448 - Knowledge - INFO - [LLM_CALL] Completed: PersistableCustomerPopulator.java:chunk1, Duration: 49490ms, PromptTokens: 2168, CompletionTokens: 582, Cost: $0.00045
2026-03-03 17:10:26,522 - Knowledge - INFO - process ingested knowledge for /app/data/T0015/327978/b5857iz/shopizer-327978/sm-shop/src/main/java/com/salesmanager/web/utils/EmailUtils.java
2026-03-03 17:10:26,731 - Knowledge - INFO - Worker kw16 processing /app/data/T0015/327978/b5857iz/shopizer-327978/sm-shop/src/main/java/com/salesmanager/web/entity/order/PersistableOrderProduct.java
2026-03-03 17:10:26,836 - Knowledge - INFO - done ingest for /app/data/T0015/327978/b5857iz/shopizer-327978/sm-shop/src/main/java/com/salesmanager/web/populator/customer/PersistableCustomerPopulator.java
2026-03-03 17:10:26,837 - Knowledge - INFO - Async storing batch of 8 embeddings
2026-03-03 17:10:26,917 - Knowledge - INFO - process ingested knowledge for /app/data/T0015/327978/b5857iz/shopizer-327978/sm-shop/src/main/java/com/salesmanager/web/utils/AppConfiguration.java
2026-03-03 17:10:27,037 - Knowledge - INFO - Fast-tracked /app/data/T0015/327978/b5857iz/shopizer-327978/sm-shop/src/main/java/com/salesmanager/web/entity/order/PersistableOrderProduct.java (ext=.java, size=813)
2026-03-03 17:10:27,316 - Knowledge - INFO - Worker kw18 processing /app/data/T0015/327978/b5857iz/shopizer-327978/sm-shop/src/main/java/com/salesmanager/web/entity/customer/PersistableCustomer.java
2026-03-03 17:10:27,442 - Knowledge - INFO - process ingested knowledge for /app/data/T0015/327978/b5857iz/shopizer-327978/sm-shop/src/main/java/com/salesmanager/web/utils/PageBuilderUtils.java
2026-03-03 17:10:27,594 - Knowledge - INFO - Worker kw16 processing /app/data/T0015/327978/b5857iz/shopizer-327978/sm-shop/src/main/java/com/salesmanager/web/entity/order/CartModificationException.java
2026-03-03 17:10:27,739 - Knowledge - INFO - Fast-tracked /app/data/T0015/327978/b5857iz/shopizer-327978/sm-shop/src/main/java/com/salesmanager/web/entity/customer/PersistableCustomer.java (ext=.java, size=613)
2026-03-03 17:10:27,784 - Knowledge - INFO - [LLM_CALL] Completed: PersistableCustomerShippingAddressPopulator.java:chunk1, Duration: 37536ms, PromptTokens: 1998, CompletionTokens: 498, Cost: $0.00040
2026-03-03 17:10:27,830 - Knowledge - INFO - process ingested knowledge for /app/data/T0015/327978/b5857iz/shopizer-327978/sm-shop/src/main/java/com/salesmanager/web/utils/GeoLocationUtils.java
2026-03-03 17:10:27,935 - Knowledge - INFO - Fast-tracked /app/data/T0015/327978/b5857iz/shopizer-327978/sm-shop/src/main/java/com/salesmanager/web/entity/order/CartModificationException.java (ext=.java, size=529)
2026-03-03 17:10:28,038 - Knowledge - INFO - Worker kw18 processing /app/data/T0015/327978/b5857iz/shopizer-327978/sm-shop/src/main/java/com/salesmanager/web/entity/customer/attribute/CustomerOptionValue.java
2026-03-03 17:10:28,119 - Knowledge - INFO - done ingest for /app/data/T0015/327978/b5857iz/shopizer-327978/sm-shop/src/main/java/com/salesmanager/web/populator/customer/PersistableCustomerShippingAddressPopulator.java
2026-03-03 17:10:28,236 - Knowledge - INFO - process ingested knowledge for /app/data/T0015/327978/b5857iz/shopizer-327978/sm-shop/src/main/java/com/salesmanager/web/utils/MerchantUtils.java
2026-03-03 17:10:28,322 - Knowledge - INFO - Worker kw16 processing /app/data/T0015/327978/b5857iz/shopizer-327978/sm-shop/src/main/java/com/salesmanager/web/entity/shoppingcart/ShoppingCartData.java
2026-03-03 17:10:28,415 - Knowledge - INFO - Fast-tracked /app/data/T0015/327978/b5857iz/shopizer-327978/sm-shop/src/main/java/com/salesmanager/web/entity/customer/attribute/CustomerOptionValue.java (ext=.java, size=291)
2026-03-03 17:10:28,658 - Knowledge - INFO - process ingested knowledge for /app/data/T0015/327978/b5857iz/shopizer-327978/sm-shop/src/main/java/com/salesmanager/web/utils/BreadcrumbsUtils.java
2026-03-03 17:10:28,870 - Knowledge - INFO - Fast-tracked /app/data/T0015/327978/b5857iz/shopizer-327978/sm-shop/src/main/java/com/salesmanager/web/entity/shoppingcart/ShoppingCartData.java (ext=.java, size=1750)
2026-03-03 17:10:29,033 - Knowledge - INFO - Async storage completed for 8 embeddings
2026-03-03 17:10:29,041 - Knowledge - INFO - Worker kw18 processing /app/data/T0015/327978/b5857iz/shopizer-327978/sm-shop/src/main/java/com/salesmanager/web/entity/customer/attribute/CustomerOptionEntity.java
2026-03-03 17:10:29,131 - Knowledge - INFO - process ingested knowledge for /app/data/T0015/327978/b5857iz/shopizer-327978/sm-shop/src/main/java/com/salesmanager/web/utils/TokenizeTool.java
2026-03-03 17:10:29,323 - Knowledge - INFO - Worker kw16 processing /app/data/T0015/327978/b5857iz/shopizer-327978/sm-shop/src/main/java/com/salesmanager/web/entity/shoppingcart/ShoppingCartAttribute.java
2026-03-03 17:10:29,593 - Knowledge - INFO - Fast-tracked /app/data/T0015/327978/b5857iz/shopizer-327978/sm-shop/src/main/java/com/salesmanager/web/entity/customer/attribute/CustomerOptionEntity.java (ext=.java, size=679)
2026-03-03 17:10:29,715 - Knowledge - INFO - process ingested knowledge for /app/data/T0015/327978/b5857iz/shopizer-327978/sm-shop/src/main/java/com/salesmanager/web/utils/FieldMatchValidator.java
2026-03-03 17:10:29,834 - Knowledge - INFO - Fast-tracked /app/data/T0015/327978/b5857iz/shopizer-327978/sm-shop/src/main/java/com/salesmanager/web/entity/shoppingcart/ShoppingCartAttribute.java (ext=.java, size=1173)
2026-03-03 17:10:29,933 - Knowledge - INFO - Worker kw18 processing /app/data/T0015/327978/b5857iz/shopizer-327978/sm-shop/src/main/java/com/salesmanager/web/entity/customer/attribute/ReadableCustomerOptionValue.java
2026-03-03 17:10:29,968 - Knowledge - INFO - [LLM_CALL] Completed: CustomerEntityPopulator.java:chunk1, Duration: 28214ms, PromptTokens: 2238, CompletionTokens: 829, Cost: $0.00056
2026-03-03 17:10:30,137 - Knowledge - INFO - Worker kw16 processing /app/data/T0015/327978/b5857iz/shopizer-327978/sm-shop/src/main/java/com/salesmanager/web/entity/shoppingcart/ShoppingCartItem.java
2026-03-03 17:10:30,222 - Knowledge - INFO - Fast-tracked /app/data/T0015/327978/b5857iz/shopizer-327978/sm-shop/src/main/java/com/salesmanager/web/entity/customer/attribute/ReadableCustomerOptionValue.java (ext=.java, size=531)
2026-03-03 17:10:30,306 - Knowledge - INFO - done ingest for /app/data/T0015/327978/b5857iz/shopizer-327978/sm-shop/src/main/java/com/salesmanager/web/populator/customer/CustomerEntityPopulator.java
2026-03-03 17:10:30,405 - Knowledge - INFO - Fast-tracked /app/data/T0015/327978/b5857iz/shopizer-327978/sm-shop/src/main/java/com/salesmanager/web/entity/shoppingcart/ShoppingCartItem.java (small file (2209 bytes))
2026-03-03 17:10:30,508 - Knowledge - INFO - Worker kw18 processing /app/data/T0015/327978/b5857iz/shopizer-327978/sm-shop/src/main/java/com/salesmanager/web/entity/customer/attribute/PersistableCustomerAttribute.java
2026-03-03 17:10:30,606 - Knowledge - INFO - Processing batch of 8 files
2026-03-03 17:10:30,690 - Knowledge - INFO - Async storage completed for 8 embeddings
2026-03-03 17:10:30,807 - Knowledge - INFO - Fast-tracked /app/data/T0015/327978/b5857iz/shopizer-327978/sm-shop/src/main/java/com/salesmanager/web/entity/customer/attribute/PersistableCustomerAttribute.java (ext=.java, size=718)
2026-03-03 17:10:30,903 - Knowledge - INFO - process ingested knowledge for /app/data/T0015/327978/b5857iz/shopizer-327978/sm-shop/src/main/java/com/salesmanager/web/populator/customer/CustomerDeliveryAddressPopulator.java
2026-03-03 17:10:31,052 - Knowledge - INFO - Processing batch of 8 files
2026-03-03 17:10:31,149 - Knowledge - INFO - Worker kw18 processing /app/data/T0015/327978/b5857iz/shopizer-327978/sm-shop/src/main/java/com/salesmanager/web/entity/customer/attribute/CustomerOptionValueDescription.java
2026-03-03 17:10:31,420 - Knowledge - INFO - process ingested knowledge for /app/data/T0015/327978/b5857iz/shopizer-327978/sm-shop/src/main/java/com/salesmanager/web/entity/order/ReadableOrderProductDownload.java
2026-03-03 17:10:31,422 - Knowledge - INFO - process ingested knowledge for /app/data/T0015/327978/b5857iz/shopizer-327978/sm-shop/src/main/java/com/salesmanager/web/populator/customer/PersistableCustomerPopulator.java
2026-03-03 17:10:31,640 - Knowledge - INFO - Fast-tracked /app/data/T0015/327978/b5857iz/shopizer-327978/sm-shop/src/main/java/com/salesmanager/web/entity/customer/attribute/CustomerOptionValueDescription.java (ext=.java, size=324)
2026-03-03 17:10:31,947 - Knowledge - INFO - Worker kw18 processing /app/data/T0015/327978/b5857iz/shopizer-327978/sm-shop/src/main/java/com/salesmanager/web/entity/customer/attribute/ReadableCustomerAttribute.java
2026-03-03 17:10:31,975 - Knowledge - INFO - process ingested knowledge for /app/data/T0015/327978/b5857iz/shopizer-327978/sm-shop/src/main/java/com/salesmanager/web/entity/order/ReadableOrderProduct.java
2026-03-03 17:10:31,997 - Knowledge - INFO - process ingested knowledge for /app/data/T0015/327978/b5857iz/shopizer-327978/sm-shop/src/main/java/com/salesmanager/web/populator/customer/PersistableCustomerShippingAddressPopulator.java
2026-03-03 17:10:32,214 - Knowledge - INFO - Fast-tracked /app/data/T0015/327978/b5857iz/shopizer-327978/sm-shop/src/main/java/com/salesmanager/web/entity/customer/attribute/ReadableCustomerAttribute.java (ext=.java, size=765)
2026-03-03 17:10:32,545 - Knowledge - INFO - process ingested knowledge for /app/data/T0015/327978/b5857iz/shopizer-327978/sm-shop/src/main/java/com/salesmanager/web/entity/order/OrderProduct.java
2026-03-03 17:10:32,559 - Knowledge - INFO - process ingested knowledge for /app/data/T0015/327978/b5857iz/shopizer-327978/sm-shop/src/main/java/com/salesmanager/web/populator/customer/CustomerOptionPopulator.java
2026-03-03 17:10:32,627 - Knowledge - INFO - Worker kw18 processing /app/data/T0015/327978/b5857iz/shopizer-327978/sm-shop/src/main/java/com/salesmanager/web/entity/customer/attribute/PersistableCustomerOptionValue.java
2026-03-03 17:10:33,106 - Knowledge - INFO - Fast-tracked /app/data/T0015/327978/b5857iz/shopizer-327978/sm-shop/src/main/java/com/salesmanager/web/entity/customer/attribute/PersistableCustomerOptionValue.java (ext=.java, size=583)
2026-03-03 17:10:33,216 - Knowledge - INFO - process ingested knowledge for /app/data/T0015/327978/b5857iz/shopizer-327978/sm-shop/src/main/java/com/salesmanager/web/entity/order/PersistableOrderProduct.java
2026-03-03 17:10:33,219 - Knowledge - INFO - process ingested knowledge for /app/data/T0015/327978/b5857iz/shopizer-327978/sm-shop/src/main/java/com/salesmanager/web/populator/customer/CustomerEntityPopulator.java
2026-03-03 17:10:33,353 - Knowledge - INFO - Async storage completed for 8 embeddings
2026-03-03 17:10:33,406 - Knowledge - INFO - [WEBSOCKET] Sent: Type=progress_update, Size: 293, Duration: 0ms
2026-03-03 17:10:33,458 - Knowledge - INFO - process ingested knowledge for /app/data/T0015/327978/b5857iz/shopizer-327978/sm-shop/src/main/java/com/salesmanager/web/entity/order/CartModificationException.java
2026-03-03 17:10:33,694 - Knowledge - INFO - process ingested knowledge for /app/data/T0015/327978/b5857iz/shopizer-327978/sm-shop/src/main/java/com/salesmanager/web/populator/customer/PersistableCustomerBillingAddressPopulator.java
2026-03-03 17:10:33,890 - Knowledge - INFO - Processing batch of 8 files
2026-03-03 17:10:33,891 - Knowledge - INFO - [WEBSOCKET] Sent: Type=unknown, Size: ?, Duration: 484ms
2026-03-03 17:10:34,774 - Knowledge - INFO - process ingested knowledge for /app/data/T0015/327978/b5857iz/shopizer-327978/sm-shop/src/main/java/com/salesmanager/web/populator/customer/PersistableCustomerOptionPopulator.java
2026-03-03 17:10:34,429 - Knowledge - INFO - process ingested knowledge for /app/data/T0015/327978/b5857iz/shopizer-327978/sm-shop/src/main/java/com/salesmanager/web/entity/shoppingcart/ShoppingCartData.java
2026-03-03 17:10:34,897 - Knowledge - INFO - process ingested knowledge for /app/data/T0015/327978/b5857iz/shopizer-327978/sm-shop/src/main/java/com/salesmanager/web/entity/customer/PersistableCustomer.java
2026-03-03 17:10:35,030 - Knowledge - INFO - Progress: 44.9% | Files: 532/1167 | Rate: 1.50 files/sec | Queue: 507
2026-03-03 17:10:35,152 - Knowledge - INFO - process ingested knowledge for /app/data/T0015/327978/b5857iz/shopizer-327978/sm-shop/src/main/java/com/salesmanager/web/populator/customer/CustomerBillingAddressPopulator.java
2026-03-03 17:10:35,300 - Knowledge - INFO - process ingested knowledge for /app/data/T0015/327978/b5857iz/shopizer-327978/sm-shop/src/main/java/com/salesmanager/web/entity/shoppingcart/ShoppingCartAttribute.java
2026-03-03 17:10:35,435 - Knowledge - INFO - process ingested knowledge for /app/data/T0015/327978/b5857iz/shopizer-327978/sm-shop/src/main/java/com/salesmanager/web/entity/customer/attribute/CustomerOptionValue.java
2026-03-03 17:10:35,626 - Knowledge - INFO - [kw1] Queue=507, InProgress=0, PendingWorkers=20/20, Completed=532/1167 (45.6%)
2026-03-03 17:10:36,053 - Knowledge - INFO - process ingested knowledge for /app/data/T0015/327978/b5857iz/shopizer-327978/sm-shop/src/main/java/com/salesmanager/web/entity/shoppingcart/ShoppingCartItem.java
2026-03-03 17:10:36,112 - Knowledge - INFO - process ingested knowledge for /app/data/T0015/327978/b5857iz/shopizer-327978/sm-shop/src/main/java/com/salesmanager/web/entity/customer/attribute/CustomerOptionEntity.java
2026-03-03 17:10:36,229 - Knowledge - INFO - Batch sizing: calculated=8, max_allowed=10, queue=507, active_workers=20/20
2026-03-03 17:10:36,722 - Knowledge - INFO - process ingested knowledge for /app/data/T0015/327978/b5857iz/shopizer-327978/sm-shop/src/main/java/com/salesmanager/web/entity/customer/attribute/ReadableCustomerOptionValue.java
2026-03-03 17:10:36,724 - Knowledge - INFO - [LLM_CALL] Completed: OrderRESTController.java:chunk1, Duration: 77617ms, PromptTokens: 4906, CompletionTokens: 759, Cost: $0.00079
2026-03-03 17:10:37,015 - Knowledge - INFO - done ingest for /app/data/T0015/327978/b5857iz/shopizer-327978/sm-shop/src/main/java/com/salesmanager/web/services/controller/order/OrderRESTController.java
2026-03-03 17:10:37,021 - Knowledge - INFO - Async storing batch of 8 embeddings
2026-03-03 17:10:37,063 - Knowledge - INFO - Async storage completed for 8 embeddings
2026-03-03 17:10:37,101 - Knowledge - INFO - process ingested knowledge for /app/data/T0015/327978/b5857iz/shopizer-327978/sm-shop/src/main/java/com/salesmanager/web/entity/customer/attribute/PersistableCustomerAttribute.java
2026-03-03 17:10:37,345 - Knowledge - INFO - Worker kw1 processing /app/data/T0015/327978/b5857iz/shopizer-327978/sm-shop/src/main/java/com/salesmanager/web/entity/customer/attribute/CustomerAttribute.java
2026-03-03 17:10:37,779 - Knowledge - INFO - Fast-tracked /app/data/T0015/327978/b5857iz/shopizer-327978/sm-shop/src/main/java/com/salesmanager/web/entity/customer/attribute/CustomerAttribute.java (ext=.java, size=275)
2026-03-03 17:10:38,061 - Knowledge - INFO - Worker kw1 processing /app/data/T0015/327978/b5857iz/shopizer-327978/sm-shop/src/main/java/com/salesmanager/web/entity/customer/attribute/PersistableCustomerOption.java
2026-03-03 17:10:38,275 - Knowledge - INFO - process ingested knowledge for /app/data/T0015/327978/b5857iz/shopizer-327978/sm-shop/src/main/java/com/salesmanager/web/entity/customer/attribute/CustomerOptionValueDescription.java
2026-03-03 17:10:38,441 - Knowledge - INFO - Fast-tracked /app/data/T0015/327978/b5857iz/shopizer-327978/sm-shop/src/main/java/com/salesmanager/web/entity/customer/attribute/PersistableCustomerOption.java (ext=.java, size=558)
2026-03-03 17:10:38,681 - Knowledge - INFO - Worker kw1 processing /app/data/T0015/327978/b5857iz/shopizer-327978/sm-shop/src/main/java/com/salesmanager/web/entity/customer/attribute/CustomerOptionValueEntity.java
2026-03-03 17:10:38,920 - Knowledge - INFO - Fast-tracked /app/data/T0015/327978/b5857iz/shopizer-327978/sm-shop/src/main/java/com/salesmanager/web/entity/customer/attribute/CustomerOptionValueEntity.java (ext=.java, size=528)
2026-03-03 17:10:39,169 - Knowledge - INFO - Worker kw1 processing /app/data/T0015/327978/b5857iz/shopizer-327978/sm-shop/src/main/java/com/salesmanager/web/entity/customer/attribute/CustomerAttributeEntity.java
2026-03-03 17:10:39,178 - Knowledge - INFO - process ingested knowledge for /app/data/T0015/327978/b5857iz/shopizer-327978/sm-shop/src/main/java/com/salesmanager/web/entity/customer/attribute/ReadableCustomerAttribute.java
2026-03-03 17:10:39,311 - Knowledge - INFO - [LLM_CALL] Completed: CustomerRESTController.java:chunk1, Duration: 74470ms, PromptTokens: 6632, CompletionTokens: 873, Cost: $0.00101
2026-03-03 17:10:39,394 - Knowledge - INFO - Fast-tracked /app/data/T0015/327978/b5857iz/shopizer-327978/sm-shop/src/main/java/com/salesmanager/web/entity/customer/attribute/CustomerAttributeEntity.java (ext=.java, size=432)
2026-03-03 17:10:39,448 - Knowledge - INFO - Async storage completed for 8 embeddings
2026-03-03 17:10:39,637 - Knowledge - INFO - done ingest for /app/data/T0015/327978/b5857iz/shopizer-327978/sm-shop/src/main/java/com/salesmanager/web/services/controller/customer/CustomerRESTController.java
2026-03-03 17:10:39,682 - Knowledge - INFO - process ingested knowledge for /app/data/T0015/327978/b5857iz/shopizer-327978/sm-shop/src/main/java/com/salesmanager/web/entity/customer/attribute/PersistableCustomerOptionValue.java
2026-03-03 17:10:39,724 - Knowledge - INFO - Worker kw1 processing /app/data/T0015/327978/b5857iz/shopizer-327978/sm-shop/src/main/java/com/salesmanager/web/entity/customer/attribute/CustomerOption.java
2026-03-03 17:10:39,953 - Knowledge - INFO - [kw20] Queue=499, InProgress=0, PendingWorkers=20/20, Completed=532/1167 (45.6%)
2026-03-03 17:10:39,971 - Knowledge - WARNING - Timeout processing /app/data/T0015/327978/b5857iz/shopizer-327978/sm-shop/src/main/java/com/salesmanager/web/shop/controller/shoppingCart/facade/ShoppingCartFacadeImpl.java after 90s - using fallback metadata
2026-03-03 17:10:40,276 - Knowledge - INFO - Fast-tracked /app/data/T0015/327978/b5857iz/shopizer-327978/sm-shop/src/main/java/com/salesmanager/web/entity/customer/attribute/CustomerOption.java (ext=.java, size=290)
2026-03-03 17:10:40,367 - Knowledge - INFO - Batch sizing: calculated=6, max_allowed=10, queue=499, active_workers=20/20
2026-03-03 17:10:40,469 - Knowledge - WARNING - Timeout processing /app/data/T0015/327978/b5857iz/shopizer-327978/sm-shop/src/main/java/com/salesmanager/web/shop/controller/shoppingCart/ShoppingCartController.java after 90s - using fallback metadata
2026-03-03 17:10:40,508 - Knowledge - INFO - Fast-tracked /app/data/T0015/327978/b5857iz/shopizer-327978/sm-shop/src/main/java/com/salesmanager/web/populator/customer/PersistableCustomerOptionValuePopulator.java (small file (2806 bytes))
2026-03-03 17:10:40,596 - Knowledge - INFO - Worker kw1 processing /app/data/T0015/327978/b5857iz/shopizer-327978/sm-shop/src/main/java/com/salesmanager/web/entity/customer/attribute/ReadableCustomerOption.java
2026-03-03 17:10:40,789 - Knowledge - INFO - [kw16] Queue=499, InProgress=0, PendingWorkers=20/20, Completed=532/1167 (45.6%)
2026-03-03 17:10:40,797 - Knowledge - INFO - Async storing batch of 8 embeddings
2026-03-03 17:10:40,971 - Knowledge - WARNING - Timeout processing /app/data/T0015/327978/b5857iz/shopizer-327978/sm-shop/src/main/java/com/salesmanager/web/shop/controller/shoppingCart/MiniCartController.java after 90s - using fallback metadata
2026-03-03 17:10:41,112 - Knowledge - INFO - Async storage completed for 8 embeddings
2026-03-03 17:10:41,352 - Knowledge - INFO - Fast-tracked /app/data/T0015/327978/b5857iz/shopizer-327978/sm-shop/src/main/java/com/salesmanager/web/entity/customer/attribute/ReadableCustomerOption.java (ext=.java, size=506)
2026-03-03 17:10:41,415 - Knowledge - INFO - Batch sizing: calculated=6, max_allowed=10, queue=499, active_workers=20/20
2026-03-03 17:10:41,501 - Knowledge - INFO - Worker kw20 processing /app/data/T0015/327978/b5857iz/shopizer-327978/sm-shop/src/main/java/com/salesmanager/web/entity/customer/ReadableCustomer.java
2026-03-03 17:10:41,859 - Knowledge - WARNING - Timeout processing /app/data/T0015/327978/b5857iz/shopizer-327978/sm-shop/src/main/java/com/salesmanager/web/shop/controller/customer/facade/CustomerFacadeImpl.java after 90s - using fallback metadata
2026-03-03 17:10:42,006 - Knowledge - INFO - Worker kw1 processing /app/data/T0015/327978/b5857iz/shopizer-327978/sm-shop/src/main/java/com/salesmanager/web/entity/customer/attribute/CustomerOptionDescription.java
2026-03-03 17:10:42,230 - Knowledge - INFO - Async storing batch of 8 embeddings
2026-03-03 17:10:42,256 - Knowledge - INFO - Fast-tracked /app/data/T0015/327978/b5857iz/shopizer-327978/sm-shop/src/main/java/com/salesmanager/web/entity/customer/ReadableCustomer.java (ext=.java, size=669)
2026-03-03 17:10:42,528 - Knowledge - INFO - Fast-tracked /app/data/T0015/327978/b5857iz/shopizer-327978/sm-shop/src/main/java/com/salesmanager/web/entity/customer/attribute/CustomerOptionDescription.java (ext=.java, size=319)
2026-03-03 17:10:42,541 - Knowledge - WARNING - Timeout processing /app/data/T0015/327978/b5857iz/shopizer-327978/sm-shop/src/main/java/com/salesmanager/web/shop/controller/customer/facade/CustomerFacade.java after 90s - using fallback metadata
2026-03-03 17:10:42,597 - Knowledge - INFO - Worker kw16 processing /app/data/T0015/327978/b5857iz/shopizer-327978/sm-shop/src/main/java/com/salesmanager/web/entity/customer/CustomerEntity.java
2026-03-03 17:10:42,712 - Knowledge - INFO - Worker kw20 processing /app/data/T0015/327978/b5857iz/shopizer-327978/sm-shop/src/main/java/com/salesmanager/web/entity/customer/Address.java
2026-03-03 17:10:42,825 - Knowledge - INFO - Worker kw1 processing /app/data/T0015/327978/b5857iz/shopizer-327978/sm-shop/src/main/java/com/salesmanager/web/entity/customer/Customer.java
2026-03-03 17:10:43,000 - Knowledge - INFO - [LLM_CALL] Completed: ShoppingCategoryRESTController.java:chunk1, Duration: 69290ms, PromptTokens: 3576, CompletionTokens: 801, Cost: $0.00068
2026-03-03 17:10:43,115 - Knowledge - INFO - Worker kw16 processing /app/data/T0015/327978/b5857iz/shopizer-327978/sm-shop/src/main/java/com/salesmanager/web/entity/shop/ContactForm.java
2026-03-03 17:10:43,267 - Knowledge - INFO - Worker kw20 processing /app/data/T0015/327978/b5857iz/shopizer-327978/sm-shop/src/main/java/com/salesmanager/web/entity/customer/CustomerPassword.java
2026-03-03 17:10:43,419 - Knowledge - INFO - Fast-tracked /app/data/T0015/327978/b5857iz/shopizer-327978/sm-shop/src/main/java/com/salesmanager/web/entity/customer/Customer.java (ext=.java, size=257)
2026-03-03 17:10:43,481 - Knowledge - INFO - done ingest for /app/data/T0015/327978/b5857iz/shopizer-327978/sm-shop/src/main/java/com/salesmanager/web/services/controller/category/ShoppingCategoryRESTController.java
2026-03-03 17:10:43,600 - Knowledge - INFO - Fast-tracked /app/data/T0015/327978/b5857iz/shopizer-327978/sm-shop/src/main/java/com/salesmanager/web/entity/shop/ContactForm.java (ext=.java, size=1264)
2026-03-03 17:10:43,723 - Knowledge - INFO - Fast-tracked /app/data/T0015/327978/b5857iz/shopizer-327978/sm-shop/src/main/java/com/salesmanager/web/entity/customer/CustomerPassword.java (ext=.java, size=1152)
2026-03-03 17:10:43,809 - Knowledge - INFO - Async storage completed for 8 embeddings
2026-03-03 17:10:44,058 - Knowledge - INFO - Worker kw16 processing /app/data/T0015/327978/b5857iz/shopizer-327978/sm-shop/src/main/java/com/salesmanager/web/entity/shop/BreadcrumbItemType.java
2026-03-03 17:10:44,157 - Knowledge - INFO - Worker kw20 processing /app/data/T0015/327978/b5857iz/shopizer-327978/sm-shop/src/main/java/com/salesmanager/web/entity/customer/SecuredShopPersistableCustomer.java
2026-03-03 17:10:44,284 - Knowledge - INFO - [kw18] Queue=487, InProgress=0, PendingWorkers=20/20, Completed=532/1167 (45.6%)
2026-03-03 17:10:44,348 - Knowledge - INFO - Processing batch of 8 files
2026-03-03 17:10:44,489 - Knowledge - INFO - Fast-tracked /app/data/T0015/327978/b5857iz/shopizer-327978/sm-shop/src/main/java/com/salesmanager/web/entity/shop/BreadcrumbItemType.java (ext=.java, size=119)
2026-03-03 17:10:44,649 - Knowledge - INFO - Fast-tracked /app/data/T0015/327978/b5857iz/shopizer-327978/sm-shop/src/main/java/com/salesmanager/web/entity/customer/SecuredShopPersistableCustomer.java (ext=.java, size=1344)
2026-03-03 17:10:44,767 - Knowledge - INFO - Batch sizing: calculated=6, max_allowed=10, queue=487, active_workers=20/20
2026-03-03 17:10:44,888 - Knowledge - INFO - process ingested knowledge for /app/data/T0015/327978/b5857iz/shopizer-327978/sm-shop/src/main/java/com/salesmanager/web/entity/customer/attribute/CustomerAttribute.java
2026-03-03 17:10:45,068 - Knowledge - INFO - Worker kw16 processing /app/data/T0015/327978/b5857iz/shopizer-327978/sm-shop/src/main/java/com/salesmanager/web/entity/shop/BreadcrumbItem.java
2026-03-03 17:10:45,192 - Knowledge - INFO - Worker kw20 processing /app/data/T0015/327978/b5857iz/shopizer-327978/sm-shop/src/main/java/com/salesmanager/web/entity/customer/SecuredCustomer.java
2026-03-03 17:10:45,330 - Knowledge - INFO - Async storing batch of 8 embeddings
2026-03-03 17:10:45,478 - Knowledge - INFO - process ingested knowledge for /app/data/T0015/327978/b5857iz/shopizer-327978/sm-shop/src/main/java/com/salesmanager/web/entity/customer/attribute/PersistableCustomerOption.java
2026-03-03 17:10:45,484 - Knowledge - INFO - Async storage completed for 8 embeddings
2026-03-03 17:10:46,038 - Knowledge - INFO - Fast-tracked /app/data/T0015/327978/b5857iz/shopizer-327978/sm-shop/src/main/java/com/salesmanager/web/entity/shop/BreadcrumbItem.java (ext=.java, size=785)
2026-03-03 17:10:46,194 - Knowledge - INFO - Fast-tracked /app/data/T0015/327978/b5857iz/shopizer-327978/sm-shop/src/main/java/com/salesmanager/web/entity/customer/SecuredCustomer.java (ext=.java, size=994)
2026-03-03 17:10:46,248 - Knowledge - INFO - [LLM_CALL] Completed: PersistableOrderPopulator.java:chunk1, Duration: 79433ms, PromptTokens: 4176, CompletionTokens: 882, Cost: $0.00077
2026-03-03 17:10:46,310 - Knowledge - INFO - Worker kw18 processing /app/data/T0015/327978/b5857iz/shopizer-327978/sm-shop/src/main/java/com/salesmanager/web/entity/ServiceEntity.java
2026-03-03 17:10:46,430 - Knowledge - INFO - process ingested knowledge for /app/data/T0015/327978/b5857iz/shopizer-327978/sm-shop/src/main/java/com/salesmanager/web/entity/customer/attribute/CustomerOptionValueEntity.java
2026-03-03 17:10:46,699 - Knowledge - INFO - Worker kw16 processing /app/data/T0015/327978/b5857iz/shopizer-327978/sm-shop/src/main/java/com/salesmanager/web/entity/shop/PageInformation.java
2026-03-03 17:10:46,826 - Knowledge - INFO - Worker kw20 processing /app/data/T0015/327978/b5857iz/shopizer-327978/sm-shop/src/main/java/com/salesmanager/web/entity/customer/AnonymousCustomer.java
2026-03-03 17:10:46,938 - Knowledge - INFO - done ingest for /app/data/T0015/327978/b5857iz/shopizer-327978/sm-shop/src/main/java/com/salesmanager/web/populator/order/PersistableOrderPopulator.java
2026-03-03 17:10:46,938 - Knowledge - INFO - [LLM_CALL] Completed: StoreContactRESTController.java:chunk1, Duration: 53079ms, PromptTokens: 2404, CompletionTokens: 572, Cost: $0.00047
2026-03-03 17:10:46,998 - Knowledge - WARNING - Timeout processing /app/data/T0015/327978/b5857iz/shopizer-327978/sm-shop/src/main/java/com/salesmanager/web/shop/controller/order/ShoppingOrderConfirmationController.java after 90s - using fallback metadata
2026-03-03 17:10:47,124 - Knowledge - INFO - Fast-tracked /app/data/T0015/327978/b5857iz/shopizer-327978/sm-shop/src/main/java/com/salesmanager/web/entity/ServiceEntity.java (ext=.java, size=372)
2026-03-03 17:10:47,195 - Knowledge - INFO - process ingested knowledge for /app/data/T0015/327978/b5857iz/shopizer-327978/sm-shop/src/main/java/com/salesmanager/web/entity/customer/attribute/CustomerAttributeEntity.java
2026-03-03 17:10:47,453 - Knowledge - INFO - Fast-tracked /app/data/T0015/327978/b5857iz/shopizer-327978/sm-shop/src/main/java/com/salesmanager/web/entity/customer/AnonymousCustomer.java (ext=.java, size=177)
2026-03-03 17:10:47,453 - Knowledge - INFO - Fast-tracked /app/data/T0015/327978/b5857iz/shopizer-327978/sm-shop/src/main/java/com/salesmanager/web/entity/shop/PageInformation.java (ext=.java, size=931)
2026-03-03 17:10:47,602 - Knowledge - INFO - Async storage completed for 8 embeddings
2026-03-03 17:10:47,751 - Knowledge - INFO - done ingest for /app/data/T0015/327978/b5857iz/shopizer-327978/sm-shop/src/main/java/com/salesmanager/web/services/controller/store/StoreContactRESTController.java
2026-03-03 17:10:47,910 - Knowledge - WARNING - Timeout processing /app/data/T0015/327978/b5857iz/shopizer-327978/sm-shop/src/main/java/com/salesmanager/web/init/data/InitializationLoader.java after 90s - using fallback metadata
2026-03-03 17:10:47,979 - Knowledge - INFO - Worker kw18 processing /app/data/T0015/327978/b5857iz/shopizer-327978/sm-shop/src/main/java/com/salesmanager/web/entity/Entity.java
2026-03-03 17:10:48,131 - Knowledge - INFO - process ingested knowledge for /app/data/T0015/327978/b5857iz/shopizer-327978/sm-shop/src/main/java/com/salesmanager/web/entity/customer/attribute/CustomerOption.java
2026-03-03 17:10:48,432 - Knowledge - INFO - Fast-tracked /app/data/T0015/327978/b5857iz/shopizer-327978/sm-shop/src/main/java/com/salesmanager/web/entity/customer/Address.java (small file (2421 bytes))
2026-03-03 17:10:48,450 - Knowledge - INFO - Worker kw16 processing /app/data/T0015/327978/b5857iz/shopizer-327978/sm-shop/src/main/java/com/salesmanager/web/entity/shop/Breadcrumb.java
2026-03-03 17:10:48,473 - Knowledge - INFO - Fast-tracked /app/data/T0015/327978/b5857iz/shopizer-327978/sm-shop/src/main/java/com/salesmanager/web/entity/order/ReadableShippingSummary.java (small file (2433 bytes))
2026-03-03 17:10:48,932 - Knowledge - WARNING - Timeout processing /app/data/T0015/327978/b5857iz/shopizer-327978/sm-shop/src/main/java/com/salesmanager/web/shop/controller/order/ShoppingOrderDownloadController.java after 90s - using fallback metadata
2026-03-03 17:10:49,118 - Knowledge - INFO - Fast-tracked /app/data/T0015/327978/b5857iz/shopizer-327978/sm-shop/src/main/java/com/salesmanager/web/entity/Entity.java (ext=.java, size=314)
2026-03-03 17:10:49,228 - Knowledge - INFO - process ingested knowledge for /app/data/T0015/327978/b5857iz/shopizer-327978/sm-shop/src/main/java/com/salesmanager/web/entity/customer/attribute/ReadableCustomerOption.java
2026-03-03 17:10:49,463 - Knowledge - INFO - Async storage completed for 8 embeddings
2026-03-03 17:10:49,759 - Knowledge - INFO - Fast-tracked /app/data/T0015/327978/b5857iz/shopizer-327978/sm-shop/src/main/java/com/salesmanager/web/entity/shop/Breadcrumb.java (ext=.java, size=1159)
2026-03-03 17:10:49,802 - Knowledge - INFO - Async storage completed for 8 embeddings
2026-03-03 17:10:49,977 - Knowledge - WARNING - Timeout processing /app/data/T0015/327978/b5857iz/shopizer-327978/sm-shop/src/main/java/com/salesmanager/web/shop/controller/order/ShoppingOrderController.java after 90s - using fallback metadata
2026-03-03 17:10:50,127 - Knowledge - INFO - Worker kw18 processing /app/data/T0015/327978/b5857iz/shopizer-327978/sm-shop/src/main/java/com/salesmanager/web/entity/catalog/CatalogEntity.java
2026-03-03 17:10:50,288 - Knowledge - INFO - process ingested knowledge for /app/data/T0015/327978/b5857iz/shopizer-327978/sm-shop/src/main/java/com/salesmanager/web/entity/customer/attribute/CustomerOptionDescription.java
2026-03-03 17:10:50,522 - Knowledge - INFO - Processing batch of 6 files
2026-03-03 17:10:50,852 - Knowledge - INFO - Fast-tracked /app/data/T0015/327978/b5857iz/shopizer-327978/sm-shop/src/main/java/com/salesmanager/web/entity/customer/CustomerEntity.java (small file (2421 bytes))
2026-03-03 17:10:51,144 - Knowledge - WARNING - Timeout processing /app/data/T0015/327978/b5857iz/shopizer-327978/sm-shop/src/main/java/com/salesmanager/web/shop/controller/order/facade/OrderFacade.java after 90s - using fallback metadata
2026-03-03 17:10:51,237 - Knowledge - INFO - Fast-tracked /app/data/T0015/327978/b5857iz/shopizer-327978/sm-shop/src/main/java/com/salesmanager/web/entity/catalog/CatalogEntity.java (ext=.java, size=1472)
2026-03-03 17:10:51,259 - Knowledge - INFO - process ingested knowledge for /app/data/T0015/327978/b5857iz/shopizer-327978/sm-shop/src/main/java/com/salesmanager/web/entity/customer/Customer.java
2026-03-03 17:10:51,389 - Knowledge - INFO - process ingested knowledge for /app/data/T0015/327978/b5857iz/shopizer-327978/sm-shop/src/main/java/com/salesmanager/web/entity/customer/ReadableCustomer.java
2026-03-03 17:10:51,551 - Knowledge - INFO - Async storage completed for 8 embeddings
2026-03-03 17:10:51,791 - Knowledge - WARNING - Timeout processing /app/data/T0015/327978/b5857iz/shopizer-327978/sm-shop/src/main/java/com/salesmanager/web/shop/controller/order/facade/OrderFacadeImpl.java after 90s - using fallback metadata
2026-03-03 17:10:51,886 - Knowledge - INFO - Worker kw18 processing /app/data/T0015/327978/b5857iz/shopizer-327978/sm-shop/src/main/java/com/salesmanager/web/entity/catalog/category/PersistableCategory.java
2026-03-03 17:10:52,587 - Knowledge - INFO - process ingested knowledge for /app/data/T0015/327978/b5857iz/shopizer-327978/sm-shop/src/main/java/com/salesmanager/web/entity/customer/Address.java
2026-03-03 17:10:52,588 - Knowledge - INFO - Processing batch of 6 files
2026-03-03 17:10:52,594 - Knowledge - WARNING - Timeout processing /app/data/T0015/327978/b5857iz/shopizer-327978/sm-shop/src/main/java/com/salesmanager/web/shop/controller/order/ShoppingOrderPaymentController.java after 90s - using fallback metadata
2026-03-03 17:10:52,708 - Knowledge - INFO - Fast-tracked /app/data/T0015/327978/b5857iz/shopizer-327978/sm-shop/src/main/java/com/salesmanager/web/entity/catalog/category/PersistableCategory.java (ext=.java, size=719)
2026-03-03 17:10:53,019 - Knowledge - INFO - Async storage completed for 8 embeddings
2026-03-03 17:10:53,110 - Knowledge - INFO - process ingested knowledge for /app/data/T0015/327978/b5857iz/shopizer-327978/sm-shop/src/main/java/com/salesmanager/web/entity/customer/CustomerEntity.java
2026-03-03 17:10:53,230 - Knowledge - INFO - process ingested knowledge for /app/data/T0015/327978/b5857iz/shopizer-327978/sm-shop/src/main/java/com/salesmanager/web/entity/customer/CustomerPassword.java
2026-03-03 17:10:53,324 - Knowledge - INFO - Processing batch of 8 files
2026-03-03 17:10:53,457 - Knowledge - INFO - Worker kw18 processing /app/data/T0015/327978/b5857iz/shopizer-327978/sm-shop/src/main/java/com/salesmanager/web/entity/catalog/category/CategoryDescription.java
2026-03-03 17:10:53,487 - Knowledge - INFO - Fast-tracked /app/data/T0015/327978/b5857iz/shopizer-327978/sm-shop/src/main/java/com/salesmanager/web/shop/controller/ControllerConstants.java (small file (2167 bytes))
2026-03-03 17:10:53,787 - Knowledge - INFO - process ingested knowledge for /app/data/T0015/327978/b5857iz/shopizer-327978/sm-shop/src/main/java/com/salesmanager/web/entity/shop/ContactForm.java
2026-03-03 17:10:54,217 - Knowledge - INFO - process ingested knowledge for /app/data/T0015/327978/b5857iz/shopizer-327978/sm-shop/src/main/java/com/salesmanager/web/init/data/InitializationLoader.java
2026-03-03 17:10:54,412 - Knowledge - INFO - Fast-tracked /app/data/T0015/327978/b5857iz/shopizer-327978/sm-shop/src/main/java/com/salesmanager/web/entity/catalog/category/CategoryDescription.java (ext=.java, size=308)
2026-03-03 17:10:54,413 - Knowledge - INFO - process ingested knowledge for /app/data/T0015/327978/b5857iz/shopizer-327978/sm-shop/src/main/java/com/salesmanager/web/entity/customer/SecuredShopPersistableCustomer.java
2026-03-03 17:10:54,510 - Knowledge - INFO - Async storage completed for 8 embeddings
2026-03-03 17:10:54,879 - Knowledge - INFO - Worker kw18 processing /app/data/T0015/327978/b5857iz/shopizer-327978/sm-shop/src/main/java/com/salesmanager/web/entity/catalog/category/Category.java
2026-03-03 17:10:54,952 - Knowledge - INFO - process ingested knowledge for /app/data/T0015/327978/b5857iz/shopizer-327978/sm-shop/src/main/java/com/salesmanager/web/entity/shop/BreadcrumbItemType.java
2026-03-03 17:10:54,981 - Knowledge - INFO - process ingested knowledge for /app/data/T0015/327978/b5857iz/shopizer-327978/sm-shop/src/main/java/com/salesmanager/web/shop/controller/AbstractController.java
2026-03-03 17:10:55,130 - Knowledge - INFO - process ingested knowledge for /app/data/T0015/327978/b5857iz/shopizer-327978/sm-shop/src/main/java/com/salesmanager/web/entity/customer/SecuredCustomer.java
2026-03-03 17:10:55,565 - Knowledge - INFO - Fast-tracked /app/data/T0015/327978/b5857iz/shopizer-327978/sm-shop/src/main/java/com/salesmanager/web/entity/catalog/category/Category.java (ext=.java, size=275)
2026-03-03 17:10:55,661 - Knowledge - INFO - process ingested knowledge for /app/data/T0015/327978/b5857iz/shopizer-327978/sm-shop/src/main/java/com/salesmanager/web/entity/shop/BreadcrumbItem.java
2026-03-03 17:10:55,812 - Knowledge - WARNING - Timeout processing /app/data/T0015/327978/b5857iz/shopizer-327978/sm-shop/src/main/java/com/salesmanager/web/shop/controller/customer/CustomerProductReviewController.java after 90s - using fallback metadata
2026-03-03 17:10:56,041 - Knowledge - INFO - Async storage completed for 8 embeddings
2026-03-03 17:10:56,271 - Knowledge - INFO - process ingested knowledge for /app/data/T0015/327978/b5857iz/shopizer-327978/sm-shop/src/main/java/com/salesmanager/web/shop/controller/order/ShoppingOrderDownloadController.java
2026-03-03 17:10:56,311 - Knowledge - INFO - process ingested knowledge for /app/data/T0015/327978/b5857iz/shopizer-327978/sm-shop/src/main/java/com/salesmanager/web/entity/customer/AnonymousCustomer.java
2026-03-03 17:10:56,328 - Knowledge - INFO - process ingested knowledge for /app/data/T0015/327978/b5857iz/shopizer-327978/sm-shop/src/main/java/com/salesmanager/web/entity/shop/PageInformation.java
2026-03-03 17:10:56,428 - Knowledge - WARNING - Timeout processing /app/data/T0015/327978/b5857iz/shopizer-327978/sm-shop/src/main/java/com/salesmanager/web/shop/controller/customer/CustomerOrdersController.java after 90s - using fallback metadata
2026-03-03 17:10:57,162 - Knowledge - INFO - process ingested knowledge for /app/data/T0015/327978/b5857iz/shopizer-327978/sm-shop/src/main/java/com/salesmanager/web/shop/controller/order/ShoppingOrderController.java
2026-03-03 17:10:57,373 - Knowledge - WARNING - Timeout processing /app/data/T0015/327978/b5857iz/shopizer-327978/sm-shop/src/main/java/com/salesmanager/web/shop/controller/customer/CustomerAccountController.java after 90s - using fallback metadata
2026-03-03 17:10:57,494 - Knowledge - WARNING - Timeout processing /app/data/T0015/327978/b5857iz/shopizer-327978/sm-shop/src/main/java/com/salesmanager/web/shop/controller/customer/CustomerDashboardController.java after 90s - using fallback metadata
2026-03-03 17:10:57,744 - Knowledge - WARNING - Timeout processing /app/data/T0015/327978/b5857iz/shopizer-327978/sm-shop/src/main/java/com/salesmanager/web/shop/controller/customer/CustomerLoginController.java after 90s - using fallback metadata
2026-03-03 17:10:58,015 - Knowledge - WARNING - Timeout processing /app/data/T0015/327978/b5857iz/shopizer-327978/sm-shop/src/main/java/com/salesmanager/web/shop/controller/customer/CustomerRegistrationController.java after 90s - using fallback metadata
2026-03-03 17:10:58,245 - Knowledge - INFO - process ingested knowledge for /app/data/T0015/327978/b5857iz/shopizer-327978/sm-shop/src/main/java/com/salesmanager/web/entity/shop/Breadcrumb.java
2026-03-03 17:10:58,261 - Knowledge - WARNING - Timeout processing /app/data/T0015/327978/b5857iz/shopizer-327978/sm-shop/src/main/java/com/salesmanager/web/shop/controller/search/SearchController.java after 90s - using fallback metadata
2026-03-03 17:10:58,262 - Knowledge - INFO - [WEBSOCKET] Sent: Type=progress_update, Size: 292, Duration: 0ms
2026-03-03 17:10:58,316 - Knowledge - INFO - process ingested knowledge for /app/data/T0015/327978/b5857iz/shopizer-327978/sm-shop/src/main/java/com/salesmanager/web/shop/controller/order/facade/OrderFacade.java
2026-03-03 17:10:58,798 - Knowledge - WARNING - Timeout processing /app/data/T0015/327978/b5857iz/shopizer-327978/sm-shop/src/main/java/com/salesmanager/web/shop/controller/category/ShoppingCategoryController.java after 90s - using fallback metadata
2026-03-03 17:10:59,004 - Knowledge - INFO - Processing batch of 6 files
2026-03-03 17:10:59,027 - Knowledge - INFO - [LLM_CALL] Completed: FilePathUtils.java:chunk1, Duration: 51469ms, PromptTokens: 3448, CompletionTokens: 752, Cost: $0.00065
2026-03-03 17:10:59,218 - Knowledge - WARNING - Timeout processing /app/data/T0015/327978/b5857iz/shopizer-327978/sm-shop/src/main/java/com/salesmanager/web/shop/controller/LandingController.java after 90s - using fallback metadata
2026-03-03 17:10:59,326 - Knowledge - INFO - process ingested knowledge for /app/data/T0015/327978/b5857iz/shopizer-327978/sm-shop/src/main/java/com/salesmanager/web/entity/ServiceEntity.java
2026-03-03 17:10:59,467 - Knowledge - INFO - done ingest for /app/data/T0015/327978/b5857iz/shopizer-327978/sm-shop/src/main/java/com/salesmanager/web/utils/FilePathUtils.java
2026-03-03 17:10:59,483 - Knowledge - INFO - Processing batch of 8 files
2026-03-03 17:10:59,492 - Knowledge - INFO - [WEBSOCKET] Sent: Type=unknown, Size: ?, Duration: 1231ms
2026-03-03 17:10:59,575 - Knowledge - INFO - process ingested knowledge for /app/data/T0015/327978/b5857iz/shopizer-327978/sm-shop/src/main/java/com/salesmanager/web/shop/controller/order/facade/OrderFacadeImpl.java
2026-03-03 17:11:00,890 - Knowledge - INFO - process ingested knowledge for /app/data/T0015/327978/b5857iz/shopizer-327978/sm-shop/src/main/java/com/salesmanager/web/shop/controller/shoppingCart/facade/ShoppingCartFacadeImpl.java
2026-03-03 17:11:01,024 - Knowledge - INFO - Progress: 48.4% | Files: 576/1167 | Rate: 1.52 files/sec | Queue: 481
2026-03-03 17:11:01,258 - Knowledge - INFO - process ingested knowledge for /app/data/T0015/327978/b5857iz/shopizer-327978/sm-shop/src/main/java/com/salesmanager/web/entity/Entity.java
2026-03-03 17:11:02,099 - Knowledge - INFO - process ingested knowledge for /app/data/T0015/327978/b5857iz/shopizer-327978/sm-shop/src/main/java/com/salesmanager/web/shop/controller/order/ShoppingOrderPaymentController.java
2026-03-03 17:11:02,101 - Knowledge - INFO - [kw1] Queue=481, InProgress=0, PendingWorkers=20/20, Completed=578/1167 (49.5%)
2026-03-03 17:11:02,617 - Knowledge - INFO - Batch sizing: calculated=6, max_allowed=10, queue=481, active_workers=20/20
2026-03-03 17:11:02,878 - Knowledge - INFO - process ingested knowledge for /app/data/T0015/327978/b5857iz/shopizer-327978/sm-shop/src/main/java/com/salesmanager/web/shop/controller/shoppingCart/facade/ShoppingCartFacade.java
2026-03-03 17:11:02,941 - Knowledge - INFO - process ingested knowledge for /app/data/T0015/327978/b5857iz/shopizer-327978/sm-shop/src/main/java/com/salesmanager/web/shop/controller/order/ShoppingOrderConfirmationController.java
2026-03-03 17:11:02,961 - Knowledge - INFO - Processing batch of 8 files
2026-03-03 17:11:03,599 - Knowledge - INFO - process ingested knowledge for /app/data/T0015/327978/b5857iz/shopizer-327978/sm-shop/src/main/java/com/salesmanager/web/entity/catalog/CatalogEntity.java
2026-03-03 17:11:03,606 - Knowledge - INFO - process ingested knowledge for /app/data/T0015/327978/b5857iz/shopizer-327978/sm-shop/src/main/java/com/salesmanager/web/shop/controller/customer/CustomerProductReviewController.java
2026-03-03 17:11:03,613 - Knowledge - INFO - Async storing batch of 8 embeddings
2026-03-03 17:11:04,278 - Knowledge - INFO - process ingested knowledge for /app/data/T0015/327978/b5857iz/shopizer-327978/sm-shop/src/main/java/com/salesmanager/web/shop/controller/shoppingCart/ShoppingCartController.java
2026-03-03 17:11:04,345 - Knowledge - INFO - Worker kw1 processing /app/data/T0015/327978/b5857iz/shopizer-327978/sm-shop/src/main/java/com/salesmanager/web/entity/catalog/category/ReadableCategory.java
2026-03-03 17:11:04,378 - Knowledge - INFO - process ingested knowledge for /app/data/T0015/327978/b5857iz/shopizer-327978/sm-shop/src/main/java/com/salesmanager/web/shop/controller/customer/CustomerOrdersController.java
2026-03-03 17:11:04,449 - Knowledge - INFO - process ingested knowledge for /app/data/T0015/327978/b5857iz/shopizer-327978/sm-shop/src/main/java/com/salesmanager/web/entity/catalog/category/PersistableCategory.java
2026-03-03 17:11:04,904 - Knowledge - INFO - Fast-tracked /app/data/T0015/327978/b5857iz/shopizer-327978/sm-shop/src/main/java/com/salesmanager/web/entity/catalog/category/ReadableCategory.java (ext=.java, size=849)
2026-03-03 17:11:04,929 - Knowledge - INFO - [LLM_CALL] Completed: DateUtil.java:chunk1, Duration: 72802ms, PromptTokens: 2636, CompletionTokens: 714, Cost: $0.00055
2026-03-03 17:11:05,331 - Knowledge - INFO - Worker kw1 processing /app/data/T0015/327978/b5857iz/shopizer-327978/sm-shop/src/main/java/com/salesmanager/web/entity/catalog/category/CategoryEntity.java
2026-03-03 17:11:05,468 - Knowledge - INFO - done ingest for /app/data/T0015/327978/b5857iz/shopizer-327978/sm-shop/src/main/java/com/salesmanager/web/utils/DateUtil.java
2026-03-03 17:11:05,576 - Knowledge - INFO - Fast-tracked /app/data/T0015/327978/b5857iz/shopizer-327978/sm-shop/src/main/java/com/salesmanager/web/entity/catalog/category/CategoryEntity.java (ext=.java, size=855)
2026-03-03 17:11:05,659 - Knowledge - INFO - process ingested knowledge for /app/data/T0015/327978/b5857iz/shopizer-327978/sm-shop/src/main/java/com/salesmanager/web/shop/controller/shoppingCart/MiniCartController.java
2026-03-03 17:11:05,689 - Knowledge - INFO - process ingested knowledge for /app/data/T0015/327978/b5857iz/shopizer-327978/sm-shop/src/main/java/com/salesmanager/web/entity/catalog/category/CategoryDescription.java
2026-03-03 17:11:05,702 - Knowledge - INFO - process ingested knowledge for /app/data/T0015/327978/b5857iz/shopizer-327978/sm-shop/src/main/java/com/salesmanager/web/shop/controller/customer/CustomerAccountController.java
2026-03-03 17:11:05,830 - Knowledge - INFO - Fast-tracked /app/data/T0015/327978/b5857iz/shopizer-327978/sm-shop/src/main/java/com/salesmanager/web/admin/controller/tax/TaxConfigurationController.java (small file (3037 bytes))
2026-03-03 17:11:05,913 - Knowledge - INFO - Worker kw1 processing /app/data/T0015/327978/b5857iz/shopizer-327978/sm-shop/src/main/java/com/salesmanager/web/entity/catalog/product/ProductReviewEntity.java
2026-03-03 17:11:06,102 - Knowledge - INFO - [LLM_CALL] Completed: InitStoreData.java:chunk1, Duration: 65157ms, PromptTokens: 14536, CompletionTokens: 2355, Cost: $0.00240
2026-03-03 17:11:06,328 - Knowledge - INFO - [kw20] Queue=475, InProgress=0, PendingWorkers=20/20, Completed=582/1167 (49.9%)
2026-03-03 17:11:06,593 - Knowledge - INFO - Fast-tracked /app/data/T0015/327978/b5857iz/shopizer-327978/sm-shop/src/main/java/com/salesmanager/web/entity/catalog/product/ProductReviewEntity.java (ext=.java, size=1101)
2026-03-03 17:11:06,694 - Knowledge - INFO - done ingest for /app/data/T0015/327978/b5857iz/shopizer-327978/sm-shop/src/main/java/com/salesmanager/web/init/data/InitStoreData.java
2026-03-03 17:11:06,729 - Knowledge - INFO - process ingested knowledge for /app/data/T0015/327978/b5857iz/shopizer-327978/sm-shop/src/main/java/com/salesmanager/web/shop/controller/customer/facade/CustomerFacadeImpl.java
2026-03-03 17:11:06,735 - Knowledge - INFO - process ingested knowledge for /app/data/T0015/327978/b5857iz/shopizer-327978/sm-shop/src/main/java/com/salesmanager/web/entity/catalog/category/Category.java
2026-03-03 17:11:06,745 - Knowledge - INFO - process ingested knowledge for /app/data/T0015/327978/b5857iz/shopizer-327978/sm-shop/src/main/java/com/salesmanager/web/shop/controller/customer/CustomerLoginController.java
2026-03-03 17:11:06,789 - Knowledge - INFO - [kw16] Queue=475, InProgress=0, PendingWorkers=20/20, Completed=582/1167 (49.9%)
2026-03-03 17:11:06,878 - Knowledge - INFO - Batch sizing: calculated=6, max_allowed=10, queue=475, active_workers=20/20
2026-03-03 17:11:07,004 - Knowledge - INFO - [LLM_CALL] Completed: EmailConstants.java:chunk1, Duration: 47050ms, PromptTokens: 2790, CompletionTokens: 611, Cost: $0.00052
2026-03-03 17:11:07,037 - Knowledge - INFO - Worker kw1 processing /app/data/T0015/327978/b5857iz/shopizer-327978/sm-shop/src/main/java/com/salesmanager/web/entity/catalog/product/ReadableProductPrice.java
2026-03-03 17:11:07,257 - Knowledge - INFO - process ingested knowledge for /app/data/T0015/327978/b5857iz/shopizer-327978/sm-shop/src/main/java/com/salesmanager/web/shop/controller/customer/facade/CustomerFacade.java
2026-03-03 17:11:07,650 - Knowledge - INFO - Batch sizing: calculated=6, max_allowed=10, queue=475, active_workers=20/20
2026-03-03 17:11:08,012 - Knowledge - INFO - process ingested knowledge for /app/data/T0015/327978/b5857iz/shopizer-327978/sm-shop/src/main/java/com/salesmanager/web/shop/controller/search/SearchController.java
2026-03-03 17:11:08,205 - Knowledge - INFO - done ingest for /app/data/T0015/327978/b5857iz/shopizer-327978/sm-shop/src/main/java/com/salesmanager/web/constants/EmailConstants.java
2026-03-03 17:11:08,315 - Knowledge - INFO - Fast-tracked /app/data/T0015/327978/b5857iz/shopizer-327978/sm-shop/src/main/java/com/salesmanager/web/entity/catalog/product/ReadableProductPrice.java (ext=.java, size=750)
2026-03-03 17:11:08,826 - Knowledge - INFO - Async storing batch of 6 embeddings
2026-03-03 17:11:09,218 - Knowledge - INFO - Worker kw1 processing /app/data/T0015/327978/b5857iz/shopizer-327978/sm-shop/src/main/java/com/salesmanager/web/entity/catalog/product/attribute/PersistableProductOption.java
2026-03-03 17:11:09,262 - Knowledge - INFO - process ingested knowledge for /app/data/T0015/327978/b5857iz/shopizer-327978/sm-shop/src/main/java/com/salesmanager/web/shop/controller/customer/CustomerDashboardController.java
2026-03-03 17:11:09,283 - Knowledge - INFO - Async storing batch of 6 embeddings
2026-03-03 17:11:09,349 - Knowledge - INFO - Worker kw20 processing /app/data/T0015/327978/b5857iz/shopizer-327978/sm-shop/src/main/java/com/salesmanager/web/entity/catalog/product/attribute/ProductAttributeEntity.java
2026-03-03 17:11:09,541 - Knowledge - INFO - Fast-tracked /app/data/T0015/327978/b5857iz/shopizer-327978/sm-shop/src/main/java/com/salesmanager/web/entity/catalog/product/attribute/PersistableProductOption.java (ext=.java, size=555)
2026-03-03 17:11:09,948 - Knowledge - INFO - Worker kw16 processing /app/data/T0015/327978/b5857iz/shopizer-327978/sm-shop/src/main/java/com/salesmanager/web/entity/catalog/product/attribute/PersistableProductAttribute.java
2026-03-03 17:11:10,067 - Knowledge - INFO - process ingested knowledge for /app/data/T0015/327978/b5857iz/shopizer-327978/sm-shop/src/main/java/com/salesmanager/web/shop/controller/category/ShoppingCategoryController.java
2026-03-03 17:11:10,144 - Knowledge - INFO - Fast-tracked /app/data/T0015/327978/b5857iz/shopizer-327978/sm-shop/src/main/java/com/salesmanager/web/entity/catalog/product/attribute/ProductAttributeEntity.java (ext=.java, size=1216)
2026-03-03 17:11:10,313 - Knowledge - INFO - Worker kw1 processing /app/data/T0015/327978/b5857iz/shopizer-327978/sm-shop/src/main/java/com/salesmanager/web/entity/catalog/product/attribute/ProductOptionValueEntity.java
2026-03-03 17:11:10,517 - Knowledge - INFO - Fast-tracked /app/data/T0015/327978/b5857iz/shopizer-327978/sm-shop/src/main/java/com/salesmanager/web/entity/catalog/product/attribute/PersistableProductAttribute.java (ext=.java, size=276)
2026-03-03 17:11:10,666 - Knowledge - INFO - process ingested knowledge for /app/data/T0015/327978/b5857iz/shopizer-327978/sm-shop/src/main/java/com/salesmanager/web/shop/controller/customer/CustomerRegistrationController.java
2026-03-03 17:11:10,750 - Knowledge - INFO - Worker kw20 processing /app/data/T0015/327978/b5857iz/shopizer-327978/sm-shop/src/main/java/com/salesmanager/web/entity/catalog/product/attribute/ProductOption.java
2026-03-03 17:11:10,961 - Knowledge - INFO - Fast-tracked /app/data/T0015/327978/b5857iz/shopizer-327978/sm-shop/src/main/java/com/salesmanager/web/entity/catalog/product/attribute/ProductOptionValueEntity.java (ext=.java, size=530)
2026-03-03 17:11:11,101 - Knowledge - INFO - Worker kw16 processing /app/data/T0015/327978/b5857iz/shopizer-327978/sm-shop/src/main/java/com/salesmanager/web/entity/catalog/product/attribute/ProductOptionValueDescription.java
2026-03-03 17:11:11,181 - Knowledge - INFO - process ingested knowledge for /app/data/T0015/327978/b5857iz/shopizer-327978/sm-shop/src/main/java/com/salesmanager/web/shop/controller/LandingController.java
2026-03-03 17:11:11,269 - Knowledge - INFO - [LLM_CALL] Completed: ImageFilePathUtils.java:chunk1, Duration: 51610ms, PromptTokens: 2538, CompletionTokens: 623, Cost: $0.00050
2026-03-03 17:11:11,457 - Knowledge - INFO - Fast-tracked /app/data/T0015/327978/b5857iz/shopizer-327978/sm-shop/src/main/java/com/salesmanager/web/entity/catalog/product/attribute/ProductOption.java (ext=.java, size=289)
2026-03-03 17:11:11,707 - Knowledge - INFO - Async storage completed for 8 embeddings
2026-03-03 17:11:11,985 - Knowledge - INFO - Fast-tracked /app/data/T0015/327978/b5857iz/shopizer-327978/sm-shop/src/main/java/com/salesmanager/web/entity/catalog/product/attribute/ProductOptionValueDescription.java (ext=.java, size=330)
2026-03-03 17:11:12,225 - Knowledge - INFO - done ingest for /app/data/T0015/327978/b5857iz/shopizer-327978/sm-shop/src/main/java/com/salesmanager/web/utils/ImageFilePathUtils.java
2026-03-03 17:11:12,523 - Knowledge - INFO - Worker kw20 processing /app/data/T0015/327978/b5857iz/shopizer-327978/sm-shop/src/main/java/com/salesmanager/web/entity/catalog/product/attribute/ProductOptionDescription.java
2026-03-03 17:11:12,682 - Knowledge - INFO - Async storage completed for 8 embeddings
2026-03-03 17:11:12,922 - Knowledge - INFO - Worker kw16 processing /app/data/T0015/327978/b5857iz/shopizer-327978/sm-shop/src/main/java/com/salesmanager/web/entity/catalog/product/attribute/ProductOptionValue.java
2026-03-03 17:11:13,298 - Knowledge - INFO - [LLM_CALL] Completed: Constants.java:chunk1, Duration: 36000ms, PromptTokens: 2810, CompletionTokens: 679, Cost: $0.00055
2026-03-03 17:11:13,408 - Knowledge - INFO - Fast-tracked /app/data/T0015/327978/b5857iz/shopizer-327978/sm-shop/src/main/java/com/salesmanager/web/entity/catalog/product/attribute/ProductOptionDescription.java (ext=.java, size=325)
2026-03-03 17:11:13,420 - Knowledge - INFO - process ingested knowledge for /app/data/T0015/327978/b5857iz/shopizer-327978/sm-shop/src/main/java/com/salesmanager/web/shop/controller/ControllerConstants.java
2026-03-03 17:11:13,815 - Knowledge - INFO - Fast-tracked /app/data/T0015/327978/b5857iz/shopizer-327978/sm-shop/src/main/java/com/salesmanager/web/entity/catalog/product/attribute/ProductOptionValue.java (ext=.java, size=294)
2026-03-03 17:11:13,966 - Knowledge - INFO - done ingest for /app/data/T0015/327978/b5857iz/shopizer-327978/sm-shop/src/main/java/com/salesmanager/web/constants/Constants.java
2026-03-03 17:11:14,024 - Knowledge - INFO - [LLM_CALL] Completed: ReadableOrderPopulator.java:chunk1, Duration: 83786ms, PromptTokens: 3272, CompletionTokens: 733, Cost: $0.00062
2026-03-03 17:11:14,115 - Knowledge - INFO - Worker kw20 processing /app/data/T0015/327978/b5857iz/shopizer-327978/sm-shop/src/main/java/com/salesmanager/web/entity/catalog/product/attribute/ReadableProductAttribute.java
2026-03-03 17:11:14,385 - Knowledge - INFO - Worker kw16 processing /app/data/T0015/327978/b5857iz/shopizer-327978/sm-shop/src/main/java/com/salesmanager/web/entity/catalog/product/attribute/ProductOptionEntity.java
2026-03-03 17:11:14,463 - Knowledge - WARNING - Timeout processing /app/data/T0015/327978/b5857iz/shopizer-327978/sm-shop/src/main/java/com/salesmanager/web/services/controller/product/ShopProductRESTController.java after 90s - using fallback metadata
2026-03-03 17:11:14,696 - Knowledge - INFO - done ingest for /app/data/T0015/327978/b5857iz/shopizer-327978/sm-shop/src/main/java/com/salesmanager/web/populator/order/ReadableOrderPopulator.java
2026-03-03 17:11:14,706 - Knowledge - INFO - Processing batch of 6 files
2026-03-03 17:11:14,860 - Knowledge - INFO - Fast-tracked /app/data/T0015/327978/b5857iz/shopizer-327978/sm-shop/src/main/java/com/salesmanager/web/entity/catalog/product/attribute/ReadableProductAttribute.java (ext=.java, size=270)
2026-03-03 17:11:14,939 - Knowledge - INFO - Fast-tracked /app/data/T0015/327978/b5857iz/shopizer-327978/sm-shop/src/main/java/com/salesmanager/web/entity/catalog/product/attribute/ProductOptionEntity.java (ext=.java, size=653)
2026-03-03 17:11:15,548 - Knowledge - INFO - Fast-tracked /app/data/T0015/327978/b5857iz/shopizer-327978/sm-shop/src/main/java/com/salesmanager/web/admin/controller/AdminController.java (small file (2463 bytes))
2026-03-03 17:11:15,686 - Knowledge - INFO - process ingested knowledge for /app/data/T0015/327978/b5857iz/shopizer-327978/sm-shop/src/main/java/com/salesmanager/web/entity/catalog/category/ReadableCategory.java
2026-03-03 17:11:15,806 - Knowledge - INFO - Worker kw20 processing /app/data/T0015/327978/b5857iz/shopizer-327978/sm-shop/src/main/java/com/salesmanager/web/entity/catalog/product/attribute/PersistableProductOptionValue.java
2026-03-03 17:11:15,930 - Knowledge - INFO - [WEBSOCKET] Sent: Type=progress_update, Size: 291, Duration: 0ms
2026-03-03 17:11:15,999 - Knowledge - INFO - Worker kw16 processing /app/data/T0015/327978/b5857iz/shopizer-327978/sm-shop/src/main/java/com/salesmanager/web/entity/catalog/product/RelatedProduct.java
2026-03-03 17:11:16,015 - Knowledge - INFO - [kw18] Queue=463, InProgress=0, PendingWorkers=20/20, Completed=597/1167 (51.2%)
2026-03-03 17:11:16,441 - Knowledge - INFO - Fast-tracked /app/data/T0015/327978/b5857iz/shopizer-327978/sm-shop/src/main/java/com/salesmanager/web/entity/catalog/product/attribute/PersistableProductOptionValue.java (ext=.java, size=585)
2026-03-03 17:11:16,578 - Knowledge - INFO - [WEBSOCKET] Sent: Type=unknown, Size: ?, Duration: 648ms
2026-03-03 17:11:16,769 - Knowledge - INFO - Fast-tracked /app/data/T0015/327978/b5857iz/shopizer-327978/sm-shop/src/main/java/com/salesmanager/web/entity/catalog/product/RelatedProduct.java (ext=.java, size=482)
2026-03-03 17:11:16,842 - Knowledge - INFO - Batch sizing: calculated=6, max_allowed=10, queue=463, active_workers=20/20
2026-03-03 17:11:17,004 - Knowledge - INFO - Worker kw20 processing /app/data/T0015/327978/b5857iz/shopizer-327978/sm-shop/src/main/java/com/salesmanager/web/entity/catalog/product/attribute/ProductAttribute.java
2026-03-03 17:11:17,012 - Knowledge - INFO - process ingested knowledge for /app/data/T0015/327978/b5857iz/shopizer-327978/sm-shop/src/main/java/com/salesmanager/web/entity/catalog/category/CategoryEntity.java
2026-03-03 17:11:17,118 - Knowledge - INFO - Progress: 50.8% | Files: 609/1167 | Rate: 1.54 files/sec | Queue: 463
2026-03-03 17:11:17,175 - Knowledge - INFO - [LLM_CALL] Completed: PersistableOrderProductPopulator.java:chunk1, Duration: 76461ms, PromptTokens: 3452, CompletionTokens: 754, Cost: $0.00065
2026-03-03 17:11:17,263 - Knowledge - INFO - Worker kw16 processing /app/data/T0015/327978/b5857iz/shopizer-327978/sm-shop/src/main/java/com/salesmanager/web/entity/catalog/product/ProductEntity.java
2026-03-03 17:11:17,560 - Knowledge - INFO - Fast-tracked /app/data/T0015/327978/b5857iz/shopizer-327978/sm-shop/src/main/java/com/salesmanager/web/entity/catalog/product/attribute/ProductAttribute.java (ext=.java, size=678)
2026-03-03 17:11:18,039 - Knowledge - INFO - done ingest for /app/data/T0015/327978/b5857iz/shopizer-327978/sm-shop/src/main/java/com/salesmanager/web/populator/order/PersistableOrderProductPopulator.java
2026-03-03 17:11:18,071 - Knowledge - INFO - Processing batch of 8 files
2026-03-03 17:11:18,072 - Knowledge - INFO - Processing batch of 8 files
2026-03-03 17:11:18,085 - Knowledge - INFO - Processing batch of 8 files
2026-03-03 17:11:18,101 - Knowledge - INFO - Async storing batch of 6 embeddings
2026-03-03 17:11:18,329 - Knowledge - INFO - Async storage completed for 6 embeddings
2026-03-03 17:11:18,357 - Knowledge - INFO - process ingested knowledge for /app/data/T0015/327978/b5857iz/shopizer-327978/sm-shop/src/main/java/com/salesmanager/web/entity/catalog/product/ProductReviewEntity.java
2026-03-03 17:11:18,366 - Knowledge - INFO - [LLM_CALL] Completed: UserServicesImpl.java:chunk1, Duration: 74348ms, PromptTokens: 2444, CompletionTokens: 546, Cost: $0.00046
2026-03-03 17:11:18,374 - Knowledge - INFO - [kw12] Queue=457, InProgress=0, PendingWorkers=20/20, Completed=612/1167 (52.4%)
2026-03-03 17:11:18,559 - Knowledge - INFO - process ingested knowledge for /app/data/T0015/327978/b5857iz/shopizer-327978/sm-shop/src/main/java/com/salesmanager/web/services/security/ServicesAuthenticationSuccessHandler.java
2026-03-03 17:11:18,644 - Knowledge - INFO - process ingested knowledge for /app/data/T0015/327978/b5857iz/shopizer-327978/sm-shop/src/main/java/com/salesmanager/web/utils/DateUtil.java
2026-03-03 17:11:18,856 - Knowledge - INFO - process ingested knowledge for /app/data/T0015/327978/b5857iz/shopizer-327978/sm-shop/src/main/java/com/salesmanager/web/admin/entity/orders/Refund.java
2026-03-03 17:11:18,913 - Knowledge - INFO - Worker kw18 processing /app/data/T0015/327978/b5857iz/shopizer-327978/sm-shop/src/main/java/com/salesmanager/web/entity/catalog/product/ReadableProduct.java
2026-03-03 17:11:19,276 - Knowledge - INFO - done ingest for /app/data/T0015/327978/b5857iz/shopizer-327978/sm-shop/src/main/java/com/salesmanager/web/admin/security/UserServicesImpl.java
2026-03-03 17:11:19,383 - Knowledge - INFO - Batch sizing: calculated=6, max_allowed=10, queue=457, active_workers=20/20
2026-03-03 17:11:19,689 - Knowledge - INFO - [LLM_CALL] Completed: ReadableShopOrderPopulator.java:chunk1, Duration: 100294ms, PromptTokens: 2714, CompletionTokens: 444, Cost: $0.00045
2026-03-03 17:11:19,713 - Knowledge - INFO - process ingested knowledge for /app/data/T0015/327978/b5857iz/shopizer-327978/sm-shop/src/main/java/com/salesmanager/web/entity/catalog/product/ReadableProductPrice.java
2026-03-03 17:11:19,986 - Knowledge - INFO - process ingested knowledge for /app/data/T0015/327978/b5857iz/shopizer-327978/sm-shop/src/main/java/com/salesmanager/web/utils/AdminAccessDeniedHandler.java
2026-03-03 17:11:19,992 - Knowledge - INFO - process ingested knowledge for /app/data/T0015/327978/b5857iz/shopizer-327978/sm-shop/src/main/java/com/salesmanager/web/admin/entity/orders/Order.java
2026-03-03 17:11:19,994 - Knowledge - INFO - process ingested knowledge for /app/data/T0015/327978/b5857iz/shopizer-327978/sm-shop/src/main/java/com/salesmanager/web/services/controller/order/OrderRESTController.java
2026-03-03 17:11:19,996 - Knowledge - INFO - Worker kw18 processing /app/data/T0015/327978/b5857iz/shopizer-327978/sm-shop/src/main/java/com/salesmanager/web/entity/catalog/product/PersistableImage.java
2026-03-03 17:11:20,335 - Knowledge - INFO - done ingest for /app/data/T0015/327978/b5857iz/shopizer-327978/sm-shop/src/main/java/com/salesmanager/web/populator/order/ReadableShopOrderPopulator.java
2026-03-03 17:11:20,345 - Knowledge - INFO - Processing batch of 6 files
2026-03-03 17:11:20,395 - Knowledge - INFO - Async storing batch of 8 embeddings
2026-03-03 17:11:20,396 - Knowledge - INFO - [WEBSOCKET] Sent: Type=progress_update, Size: 293, Duration: 0ms
2026-03-03 17:11:20,728 - Knowledge - INFO - process ingested knowledge for /app/data/T0015/327978/b5857iz/shopizer-327978/sm-shop/src/main/java/com/salesmanager/web/entity/catalog/product/attribute/PersistableProductOption.java
2026-03-03 17:11:20,757 - Knowledge - INFO - process ingested knowledge for /app/data/T0015/327978/b5857iz/shopizer-327978/sm-shop/src/main/java/com/salesmanager/web/utils/SessionUtil.java
2026-03-03 17:11:20,763 - Knowledge - INFO - process ingested knowledge for /app/data/T0015/327978/b5857iz/shopizer-327978/sm-shop/src/main/java/com/salesmanager/web/constants/ApplicationConstants.java
2026-03-03 17:11:20,840 - Knowledge - INFO - process ingested knowledge for /app/data/T0015/327978/b5857iz/shopizer-327978/sm-shop/src/main/java/com/salesmanager/web/services/controller/customer/CustomerRESTController.java
2026-03-03 17:11:21,074 - Knowledge - INFO - Fast-tracked /app/data/T0015/327978/b5857iz/shopizer-327978/sm-shop/src/main/java/com/salesmanager/web/entity/catalog/product/PersistableImage.java (ext=.java, size=644)
2026-03-03 17:11:21,260 - Knowledge - INFO - process ingested knowledge for /app/data/T0015/327978/b5857iz/shopizer-327978/sm-shop/src/main/java/com/salesmanager/web/entity/catalog/product/attribute/ProductAttributeEntity.java
2026-03-03 17:11:21,364 - Knowledge - INFO - Worker kw12 processing /app/data/T0015/327978/b5857iz/shopizer-327978/sm-shop/src/main/java/com/salesmanager/web/entity/catalog/product/ReadableProductReview.java
2026-03-03 17:11:21,577 - Knowledge - INFO - [LLM_CALL] Completed: OptionsController.java:chunk1, Duration: 49205ms, PromptTokens: 4922, CompletionTokens: 681, Cost: $0.00076
2026-03-03 17:11:21,698 - Knowledge - INFO - process ingested knowledge for /app/data/T0015/327978/b5857iz/shopizer-327978/sm-shop/src/main/java/com/salesmanager/web/entity/catalog/product/attribute/ProductOptionValueEntity.java
2026-03-03 17:11:21,873 - Knowledge - INFO - process ingested knowledge for /app/data/T0015/327978/b5857iz/shopizer-327978/sm-shop/src/main/java/com/salesmanager/web/utils/FilePathUtils.java
2026-03-03 17:11:21,980 - Knowledge - INFO - process ingested knowledge for /app/data/T0015/327978/b5857iz/shopizer-327978/sm-shop/src/main/java/com/salesmanager/web/constants/EmailConstants.java
2026-03-03 17:11:22,142 - Knowledge - INFO - process ingested knowledge for /app/data/T0015/327978/b5857iz/shopizer-327978/sm-shop/src/main/java/com/salesmanager/web/services/controller/category/ShoppingCategoryRESTController.java
2026-03-03 17:11:22,320 - Knowledge - INFO - Worker kw18 processing /app/data/T0015/327978/b5857iz/shopizer-327978/sm-shop/src/main/java/com/salesmanager/web/entity/catalog/product/PersistableProductReview.java
2026-03-03 17:11:22,435 - Knowledge - INFO - process ingested knowledge for /app/data/T0015/327978/b5857iz/shopizer-327978/sm-shop/src/main/java/com/salesmanager/web/entity/catalog/product/attribute/ProductOption.java
2026-03-03 17:11:22,569 - Knowledge - INFO - Fast-tracked /app/data/T0015/327978/b5857iz/shopizer-327978/sm-shop/src/main/java/com/salesmanager/web/entity/catalog/product/ReadableProductReview.java (ext=.java, size=489)
2026-03-03 17:11:22,694 - Knowledge - INFO - done ingest for /app/data/T0015/327978/b5857iz/shopizer-327978/sm-shop/src/main/java/com/salesmanager/web/admin/controller/products/OptionsController.java
2026-03-03 17:11:22,732 - Knowledge - INFO - [kw6] Queue=451, InProgress=0, PendingWorkers=20/20, Completed=618/1167 (53.0%)
2026-03-03 17:11:22,819 - Knowledge - INFO - [WEBSOCKET] Sent: Type=unknown, Size: ?, Duration: 2423ms
2026-03-03 17:11:23,093 - Knowledge - INFO - Async storage completed for 8 embeddings
2026-03-03 17:11:23,226 - Knowledge - INFO - process ingested knowledge for /app/data/T0015/327978/b5857iz/shopizer-327978/sm-shop/src/main/java/com/salesmanager/web/utils/ImageFilePathUtils.java
2026-03-03 17:11:23,233 - Knowledge - INFO - process ingested knowledge for /app/data/T0015/327978/b5857iz/shopizer-327978/sm-shop/src/main/java/com/salesmanager/web/constants/Constants.java
2026-03-03 17:11:23,302 - Knowledge - INFO - process ingested knowledge for /app/data/T0015/327978/b5857iz/shopizer-327978/sm-shop/src/main/java/com/salesmanager/web/services/controller/product/ShopProductRESTController.java
2026-03-03 17:11:23,428 - Knowledge - INFO - Fast-tracked /app/data/T0015/327978/b5857iz/shopizer-327978/sm-shop/src/main/java/com/salesmanager/web/entity/catalog/product/PersistableProductReview.java (ext=.java, size=468)
2026-03-03 17:11:23,501 - Knowledge - INFO - process ingested knowledge for /app/data/T0015/327978/b5857iz/shopizer-327978/sm-shop/src/main/java/com/salesmanager/web/entity/catalog/product/attribute/ProductOptionDescription.java
2026-03-03 17:11:23,576 - Knowledge - INFO - Worker kw12 processing /app/data/T0015/327978/b5857iz/shopizer-327978/sm-shop/src/main/java/com/salesmanager/web/entity/catalog/product/PersistableProduct.java
2026-03-03 17:11:23,868 - Knowledge - INFO - Batch sizing: calculated=6, max_allowed=10, queue=451, active_workers=20/20
2026-03-03 17:11:23,995 - Knowledge - INFO - Progress: 53.0% | Files: 618/1167 | Rate: 1.54 files/sec | Queue: 451
2026-03-03 17:11:24,008 - Knowledge - INFO - [LLM_CALL] Completed: ImagesController.java:chunk1, Duration: 85616ms, PromptTokens: 2322, CompletionTokens: 389, Cost: $0.00039
2026-03-03 17:11:24,085 - Knowledge - INFO - Async storage completed for 6 embeddings
2026-03-03 17:11:24,242 - Knowledge - INFO - process ingested knowledge for /app/data/T0015/327978/b5857iz/shopizer-327978/sm-shop/src/main/java/com/salesmanager/web/utils/FieldMatch.java
2026-03-03 17:11:24,540 - Knowledge - INFO - process ingested knowledge for /app/data/T0015/327978/b5857iz/shopizer-327978/sm-shop/src/main/java/com/salesmanager/web/entity/order/OrderTotal.java
2026-03-03 17:11:24,580 - Knowledge - INFO - process ingested knowledge for /app/data/T0015/327978/b5857iz/shopizer-327978/sm-shop/src/main/java/com/salesmanager/web/services/controller/store/StoreContactRESTController.java
2026-03-03 17:11:24,685 - Knowledge - INFO - Worker kw18 processing /app/data/T0015/327978/b5857iz/shopizer-327978/sm-shop/src/main/java/com/salesmanager/web/entity/catalog/product/Product.java
2026-03-03 17:11:24,779 - Knowledge - INFO - process ingested knowledge for /app/data/T0015/327978/b5857iz/shopizer-327978/sm-shop/src/main/java/com/salesmanager/web/entity/catalog/product/attribute/ReadableProductAttribute.java
2026-03-03 17:11:24,873 - Knowledge - INFO - Fast-tracked /app/data/T0015/327978/b5857iz/shopizer-327978/sm-shop/src/main/java/com/salesmanager/web/entity/catalog/product/PersistableProduct.java (ext=.java, size=1987)
2026-03-03 17:11:25,053 - Knowledge - INFO - [kw11] Queue=445, InProgress=0, PendingWorkers=20/20, Completed=618/1167 (53.0%)
2026-03-03 17:11:25,176 - Knowledge - INFO - done ingest for /app/data/T0015/327978/b5857iz/shopizer-327978/sm-shop/src/main/java/com/salesmanager/web/images/ImagesController.java
2026-03-03 17:11:25,176 - Knowledge - INFO - [LLM_CALL] Completed: PermissionController.java:chunk1, Duration: 76874ms, PromptTokens: 2186, CompletionTokens: 353, Cost: $0.00036
2026-03-03 17:11:25,398 - Knowledge - INFO - process ingested knowledge for /app/data/T0015/327978/b5857iz/shopizer-327978/sm-shop/src/main/java/com/salesmanager/web/utils/LabelUtils.java
2026-03-03 17:11:25,500 - Knowledge - INFO - process ingested knowledge for /app/data/T0015/327978/b5857iz/shopizer-327978/sm-shop/src/main/java/com/salesmanager/web/entity/order/ReadableOrderTotal.java
2026-03-03 17:11:25,598 - Knowledge - INFO - process ingested knowledge for /app/data/T0015/327978/b5857iz/shopizer-327978/sm-shop/src/main/java/com/salesmanager/web/init/data/InitData.java
2026-03-03 17:11:25,698 - Knowledge - INFO - Fast-tracked /app/data/T0015/327978/b5857iz/shopizer-327978/sm-shop/src/main/java/com/salesmanager/web/entity/catalog/product/Product.java (ext=.java, size=273)
2026-03-03 17:11:25,777 - Knowledge - INFO - process ingested knowledge for /app/data/T0015/327978/b5857iz/shopizer-327978/sm-shop/src/main/java/com/salesmanager/web/entity/catalog/product/attribute/PersistableProductOptionValue.java
2026-03-03 17:11:25,898 - Knowledge - INFO - Worker kw12 processing /app/data/T0015/327978/b5857iz/shopizer-327978/sm-shop/src/main/java/com/salesmanager/web/entity/catalog/manufacturer/ManufacturerEntity.java
2026-03-03 17:11:26,000 - Knowledge - INFO - Batch sizing: calculated=6, max_allowed=10, queue=445, active_workers=20/20
2026-03-03 17:11:26,271 - Knowledge - INFO - done ingest for /app/data/T0015/327978/b5857iz/shopizer-327978/sm-shop/src/main/java/com/salesmanager/web/admin/controller/user/PermissionController.java
2026-03-03 17:11:26,297 - Knowledge - INFO - [LLM_CALL] Completed: ReadableOrderProductPopulator.java:chunk1, Duration: 73011ms, PromptTokens: 2350, CompletionTokens: 585, Cost: $0.00047
2026-03-03 17:11:26,358 - Knowledge - INFO - process ingested knowledge for /app/data/T0015/327978/b5857iz/shopizer-327978/sm-shop/src/main/java/com/salesmanager/web/utils/LocaleUtils.java
2026-03-03 17:11:26,468 - Knowledge - INFO - process ingested knowledge for /app/data/T0015/327978/b5857iz/shopizer-327978/sm-shop/src/main/java/com/salesmanager/web/entity/order/ReadableShippingSummary.java
2026-03-03 17:11:26,570 - Knowledge - INFO - process ingested knowledge for /app/data/T0015/327978/b5857iz/shopizer-327978/sm-shop/src/main/java/com/salesmanager/web/init/data/InitStoreData.java
2026-03-03 17:11:26,701 - Knowledge - INFO - Worker kw18 processing /app/data/T0015/327978/b5857iz/shopizer-327978/sm-shop/src/main/java/com/salesmanager/web/entity/catalog/product/ProductDescription.java
2026-03-03 17:11:26,826 - Knowledge - INFO - process ingested knowledge for /app/data/T0015/327978/b5857iz/shopizer-327978/sm-shop/src/main/java/com/salesmanager/web/entity/catalog/product/attribute/ProductAttribute.java
2026-03-03 17:11:28,123 - Knowledge - INFO - Fast-tracked /app/data/T0015/327978/b5857iz/shopizer-327978/sm-shop/src/main/java/com/salesmanager/web/entity/catalog/product/ProductDescription.java (ext=.java, size=250)
2026-03-03 17:11:27,490 - Knowledge - INFO - done ingest for /app/data/T0015/327978/b5857iz/shopizer-327978/sm-shop/src/main/java/com/salesmanager/web/populator/order/ReadableOrderProductPopulator.java
2026-03-03 17:11:27,510 - Knowledge - INFO - [LLM_CALL] Completed: ShoppingCartItemPopulator.java:chunk1, Duration: 111355ms, PromptTokens: 2114, CompletionTokens: 634, Cost: $0.00046
2026-03-03 17:11:27,037 - Knowledge - INFO - Fast-tracked /app/data/T0015/327978/b5857iz/shopizer-327978/sm-shop/src/main/java/com/salesmanager/web/entity/catalog/manufacturer/ManufacturerEntity.java (ext=.java, size=387)
2026-03-03 17:11:28,333 - Knowledge - INFO - Worker kw18 processing /app/data/T0015/327978/b5857iz/shopizer-327978/sm-shop/src/main/java/com/salesmanager/web/entity/catalog/product/ReadableProductList.java
2026-03-03 17:11:28,691 - Knowledge - INFO - done ingest for /app/data/T0015/327978/b5857iz/shopizer-327978/sm-shop/src/main/java/com/salesmanager/web/populator/order/ShoppingCartItemPopulator.java
2026-03-03 17:11:28,740 - Knowledge - INFO - [LLM_CALL] Completed: CustomProductGroupsController.java:chunk1, Duration: 69811ms, PromptTokens: 7022, CompletionTokens: 852, Cost: $0.00104
2026-03-03 17:11:28,770 - Knowledge - INFO - Worker kw12 processing /app/data/T0015/327978/b5857iz/shopizer-327978/sm-shop/src/main/java/com/salesmanager/web/entity/catalog/manufacturer/ManufacturerDescription.java
2026-03-03 17:11:29,011 - Knowledge - INFO - Fast-tracked /app/data/T0015/327978/b5857iz/shopizer-327978/sm-shop/src/main/java/com/salesmanager/web/entity/catalog/product/ReadableProductList.java (ext=.java, size=687)
2026-03-03 17:11:29,172 - Knowledge - INFO - done ingest for /app/data/T0015/327978/b5857iz/shopizer-327978/sm-shop/src/main/java/com/salesmanager/web/admin/controller/products/CustomProductGroupsController.java
2026-03-03 17:11:29,205 - Knowledge - INFO - Async storing batch of 8 embeddings
2026-03-03 17:11:29,248 - Knowledge - INFO - Async storing batch of 8 embeddings
2026-03-03 17:11:29,293 - Knowledge - INFO - [LLM_CALL] Completed: AdminFilter.java:chunk1, Duration: 67689ms, PromptTokens: 3416, CompletionTokens: 483, Cost: $0.00053
2026-03-03 17:11:29,390 - Knowledge - INFO - Fast-tracked /app/data/T0015/327978/b5857iz/shopizer-327978/sm-shop/src/main/java/com/salesmanager/web/entity/catalog/manufacturer/ManufacturerDescription.java (ext=.java, size=319)
2026-03-03 17:11:29,544 - Knowledge - INFO - Fast-tracked /app/data/T0015/327978/b5857iz/shopizer-327978/sm-shop/src/main/java/com/salesmanager/web/entity/catalog/product/ReadableProduct.java (small file (2040 bytes))
2026-03-03 17:11:29,766 - Knowledge - INFO - Worker kw6 processing /app/data/T0015/327978/b5857iz/shopizer-327978/sm-shop/src/main/java/com/salesmanager/web/entity/catalog/manufacturer/PersistableManufacturer.java
2026-03-03 17:11:30,390 - Knowledge - INFO - Worker kw11 processing /app/data/T0015/327978/b5857iz/shopizer-327978/sm-shop/src/main/java/com/salesmanager/web/reference/ReferenceController.java
2026-03-03 17:11:30,534 - Knowledge - INFO - done ingest for /app/data/T0015/327978/b5857iz/shopizer-327978/sm-shop/src/main/java/com/salesmanager/web/filter/AdminFilter.java
2026-03-03 17:11:30,711 - Knowledge - INFO - Worker kw12 processing /app/data/T0015/327978/b5857iz/shopizer-327978/sm-shop/src/main/java/com/salesmanager/web/entity/catalog/manufacturer/Manufacturer.java
2026-03-03 17:11:31,010 - Knowledge - INFO - Async storage completed for 6 embeddings
2026-03-03 17:11:31,147 - Knowledge - INFO - Fast-tracked /app/data/T0015/327978/b5857iz/shopizer-327978/sm-shop/src/main/java/com/salesmanager/web/entity/catalog/manufacturer/PersistableManufacturer.java (ext=.java, size=545)
2026-03-03 17:11:31,319 - Knowledge - INFO - Worker kw11 processing /app/data/T0015/327978/b5857iz/shopizer-327978/sm-shop/src/main/java/com/salesmanager/web/tags/ProductDescriptionUrlTag.java
2026-03-03 17:11:31,663 - Knowledge - INFO - Fast-tracked /app/data/T0015/327978/b5857iz/shopizer-327978/sm-shop/src/main/java/com/salesmanager/web/entity/catalog/manufacturer/Manufacturer.java (ext=.java, size=283)
2026-03-03 17:11:31,947 - Knowledge - INFO - Worker kw6 processing /app/data/T0015/327978/b5857iz/shopizer-327978/sm-shop/src/main/java/com/salesmanager/web/entity/catalog/ProductList.java
2026-03-03 17:11:32,156 - Knowledge - INFO - [LLM_CALL] Completed: ShoppingCartDataPopulator.java:chunk1, Duration: 106492ms, PromptTokens: 3632, CompletionTokens: 711, Cost: $0.00065
2026-03-03 17:11:32,173 - Knowledge - INFO - Worker kw11 processing /app/data/T0015/327978/b5857iz/shopizer-327978/sm-shop/src/main/java/com/salesmanager/web/tags/PageContentTag.java
2026-03-03 17:11:32,280 - Knowledge - INFO - Worker kw12 processing /app/data/T0015/327978/b5857iz/shopizer-327978/sm-shop/src/main/java/com/salesmanager/web/entity/catalog/manufacturer/ReadableManufacturer.java
2026-03-03 17:11:32,432 - Knowledge - INFO - Fast-tracked /app/data/T0015/327978/b5857iz/shopizer-327978/sm-shop/src/main/java/com/salesmanager/web/entity/catalog/ProductList.java (ext=.java, size=758)
2026-03-03 17:11:32,603 - Knowledge - INFO - done ingest for /app/data/T0015/327978/b5857iz/shopizer-327978/sm-shop/src/main/java/com/salesmanager/web/populator/shoppingCart/ShoppingCartDataPopulator.java
2026-03-03 17:11:32,768 - Knowledge - INFO - Worker kw11 processing /app/data/T0015/327978/b5857iz/shopizer-327978/sm-shop/src/main/java/com/salesmanager/web/tags/StoreFooterlTag.java
2026-03-03 17:11:32,813 - Knowledge - INFO - Fast-tracked /app/data/T0015/327978/b5857iz/shopizer-327978/sm-shop/src/main/java/com/salesmanager/web/entity/catalog/manufacturer/ReadableManufacturer.java (ext=.java, size=493)
2026-03-03 17:11:33,049 - Knowledge - INFO - Worker kw6 processing /app/data/T0015/327978/b5857iz/shopizer-327978/sm-shop/src/main/java/com/salesmanager/web/entity/catalog/SearchProductList.java
2026-03-03 17:11:33,154 - Knowledge - INFO - [kw1] Queue=439, InProgress=0, PendingWorkers=20/20, Completed=628/1167 (53.8%)
2026-03-03 17:11:33,438 - Knowledge - INFO - Fast-tracked /app/data/T0015/327978/b5857iz/shopizer-327978/sm-shop/src/main/java/com/salesmanager/web/tags/StoreFooterlTag.java (ext=.java, size=1836)
2026-03-03 17:11:33,619 - Knowledge - INFO - Async storage completed for 8 embeddings
2026-03-03 17:11:33,768 - Knowledge - INFO - Fast-tracked /app/data/T0015/327978/b5857iz/shopizer-327978/sm-shop/src/main/java/com/salesmanager/web/admin/controller/user/SecurityController.java (small file (2005 bytes))
2026-03-03 17:11:33,831 - Knowledge - INFO - Fast-tracked /app/data/T0015/327978/b5857iz/shopizer-327978/sm-shop/src/main/java/com/salesmanager/web/entity/catalog/SearchProductList.java (ext=.java, size=672)
2026-03-03 17:11:33,918 - Knowledge - INFO - Batch sizing: calculated=6, max_allowed=10, queue=439, active_workers=20/20
2026-03-03 17:11:34,117 - Knowledge - INFO - Worker kw11 processing /app/data/T0015/327978/b5857iz/shopizer-327978/sm-shop/src/main/java/com/salesmanager/web/tags/OrderProductDownloadUrlTag.java
2026-03-03 17:11:34,305 - Knowledge - INFO - Processing batch of 8 files
2026-03-03 17:11:34,358 - Knowledge - INFO - Async storage completed for 8 embeddings
2026-03-03 17:11:34,518 - Knowledge - INFO - Worker kw6 processing /app/data/T0015/327978/b5857iz/shopizer-327978/sm-shop/src/main/java/com/salesmanager/web/entity/catalog/ReadableImage.java
2026-03-03 17:11:34,964 - Knowledge - INFO - Fast-tracked /app/data/T0015/327978/b5857iz/shopizer-327978/sm-shop/src/main/java/com/salesmanager/web/tags/OrderProductDownloadUrlTag.java (ext=.java, size=1988)
2026-03-03 17:11:34,965 - Knowledge - INFO - Async storage completed for 8 embeddings
2026-03-03 17:11:35,034 - Knowledge - INFO - process ingested knowledge for /app/data/T0015/327978/b5857iz/shopizer-327978/sm-shop/src/main/java/com/salesmanager/web/shop/model/catalog/AttributeValue.java
2026-03-03 17:11:35,049 - Knowledge - INFO - Processing batch of 8 files
2026-03-03 17:11:35,137 - Knowledge - INFO - Async storage completed for 8 embeddings
2026-03-03 17:11:35,427 - Knowledge - INFO - Fast-tracked /app/data/T0015/327978/b5857iz/shopizer-327978/sm-shop/src/main/java/com/salesmanager/web/entity/catalog/ReadableImage.java (ext=.java, size=601)
2026-03-03 17:11:35,455 - Knowledge - WARNING - Timeout processing /app/data/T0015/327978/b5857iz/shopizer-327978/sm-shop/src/main/java/com/salesmanager/web/admin/controller/content/ContentImageController.java after 90s - using fallback metadata
2026-03-03 17:11:35,500 - Knowledge - INFO - Worker kw11 processing /app/data/T0015/327978/b5857iz/shopizer-327978/sm-shop/src/main/java/com/salesmanager/web/tags/AdminProductDownloadUrlTag.java
2026-03-03 17:11:35,928 - Knowledge - INFO - process ingested knowledge for /app/data/T0015/327978/b5857iz/shopizer-327978/sm-shop/src/main/java/com/salesmanager/web/utils/BeanUtils.java
2026-03-03 17:11:36,021 - Knowledge - INFO - Processing batch of 6 files
2026-03-03 17:11:36,197 - Knowledge - INFO - Worker kw6 processing /app/data/T0015/327978/b5857iz/shopizer-327978/sm-shop/src/main/java/com/salesmanager/web/entity/ShopEntity.java
2026-03-03 17:11:36,238 - Knowledge - INFO - Async storage completed for 8 embeddings
2026-03-03 17:11:36,268 - Knowledge - WARNING - Timeout processing /app/data/T0015/327978/b5857iz/shopizer-327978/sm-shop/src/main/java/com/salesmanager/web/admin/controller/products/OptionsValueController.java after 90s - using fallback metadata
2026-03-03 17:11:36,351 - Knowledge - WARNING - Timeout processing /app/data/T0015/327978/b5857iz/shopizer-327978/sm-shop/src/main/java/com/salesmanager/web/admin/controller/content/StaticContentController.java after 90s - using fallback metadata
2026-03-03 17:11:36,677 - Knowledge - WARNING - Timeout processing /app/data/T0015/327978/b5857iz/shopizer-327978/sm-shop/src/main/java/com/salesmanager/web/admin/controller/shipping/ShippingPackagingController.java after 90s - using fallback metadata
2026-03-03 17:11:36,756 - Knowledge - INFO - process ingested knowledge for /app/data/T0015/327978/b5857iz/shopizer-327978/sm-shop/src/main/java/com/salesmanager/web/entity/catalog/product/ReadableProduct.java
2026-03-03 17:11:36,802 - Knowledge - INFO - process ingested knowledge for /app/data/T0015/327978/b5857iz/shopizer-327978/sm-shop/src/main/java/com/salesmanager/web/populator/order/PersistableOrderPopulator.java
2026-03-03 17:11:36,972 - Knowledge - INFO - Fast-tracked /app/data/T0015/327978/b5857iz/shopizer-327978/sm-shop/src/main/java/com/salesmanager/web/entity/ShopEntity.java (ext=.java, size=390)
2026-03-03 17:11:37,241 - Knowledge - WARNING - Timeout processing /app/data/T0015/327978/b5857iz/shopizer-327978/sm-shop/src/main/java/com/salesmanager/web/admin/controller/products/ProductsController.java after 90s - using fallback metadata
2026-03-03 17:11:37,297 - Knowledge - INFO - Async storing batch of 6 embeddings
2026-03-03 17:11:37,429 - Knowledge - WARNING - Timeout processing /app/data/T0015/327978/b5857iz/shopizer-327978/sm-shop/src/main/java/com/salesmanager/web/admin/controller/content/ContentPagesController.java after 90s - using fallback metadata
2026-03-03 17:11:37,564 - Knowledge - WARNING - Timeout processing /app/data/T0015/327978/b5857iz/shopizer-327978/sm-shop/src/main/java/com/salesmanager/web/admin/controller/products/DigitalProductController.java after 90s - using fallback metadata
2026-03-03 17:11:37,717 - Knowledge - WARNING - Timeout processing /app/data/T0015/327978/b5857iz/shopizer-327978/sm-shop/src/main/java/com/salesmanager/web/admin/controller/shipping/ShippingConfigsController.java after 90s - using fallback metadata
2026-03-03 17:11:37,939 - Knowledge - INFO - Fast-tracked /app/data/T0015/327978/b5857iz/shopizer-327978/sm-shop/src/main/java/com/salesmanager/web/tags/ProductDescriptionUrlTag.java (small file (2633 bytes))
2026-03-03 17:11:38,035 - Knowledge - INFO - process ingested knowledge for /app/data/T0015/327978/b5857iz/shopizer-327978/sm-shop/src/main/java/com/salesmanager/web/admin/security/SecurityQuestion.java
2026-03-03 17:11:38,055 - Knowledge - INFO - Worker kw6 processing /app/data/T0015/327978/b5857iz/shopizer-327978/sm-shop/src/main/java/com/salesmanager/web/files/FilesController.java
2026-03-03 17:11:38,144 - Knowledge - WARNING - Timeout processing /app/data/T0015/327978/b5857iz/shopizer-327978/sm-shop/src/main/java/com/salesmanager/web/admin/controller/products/ProductPriceController.java after 90s - using fallback metadata
2026-03-03 17:11:38,343 - Knowledge - INFO - Worker kw1 processing /app/data/T0015/327978/b5857iz/shopizer-327978/sm-shop/src/main/java/com/salesmanager/web/tags/ShopProductRelationshipTag.java
2026-03-03 17:11:38,382 - Knowledge - INFO - [LLM_CALL] Completed: ReadableCustomerPopulator.java:chunk1, Duration: 77358ms, PromptTokens: 2722, CompletionTokens: 1171, Cost: $0.00074
2026-03-03 17:11:38,399 - Knowledge - INFO - process ingested knowledge for /app/data/T0015/327978/b5857iz/shopizer-327978/sm-shop/src/main/java/com/salesmanager/web/entity/catalog/product/PersistableImage.java
2026-03-03 17:11:38,406 - Knowledge - INFO - process ingested knowledge for /app/data/T0015/327978/b5857iz/shopizer-327978/sm-shop/src/main/java/com/salesmanager/web/populator/order/ReadableShopOrderPopulator.java
2026-03-03 17:11:38,480 - Knowledge - WARNING - Timeout processing /app/data/T0015/327978/b5857iz/shopizer-327978/sm-shop/src/main/java/com/salesmanager/web/admin/controller/configurations/CacheController.java after 90s - using fallback metadata
2026-03-03 17:11:38,565 - Knowledge - WARNING - Timeout processing /app/data/T0015/327978/b5857iz/shopizer-327978/sm-shop/src/main/java/com/salesmanager/web/admin/controller/products/ProductImagesController.java after 90s - using fallback metadata
2026-03-03 17:11:38,683 - Knowledge - WARNING - Timeout processing /app/data/T0015/327978/b5857iz/shopizer-327978/sm-shop/src/main/java/com/salesmanager/web/admin/controller/merchant/StoreBrandingController.java after 90s - using fallback metadata
2026-03-03 17:11:38,808 - Knowledge - INFO - Fast-tracked /app/data/T0015/327978/b5857iz/shopizer-327978/sm-shop/src/main/java/com/salesmanager/web/tags/PageContentTag.java (small file (2315 bytes))
2026-03-03 17:11:39,221 - Knowledge - WARNING - Timeout processing /app/data/T0015/327978/b5857iz/shopizer-327978/sm-shop/src/main/java/com/salesmanager/web/admin/controller/products/FeaturedItemsController.java after 90s - using fallback metadata
2026-03-03 17:11:39,371 - Knowledge - INFO - Worker kw1 processing /app/data/T0015/327978/b5857iz/shopizer-327978/sm-shop/src/main/java/com/salesmanager/web/tags/ShopProductImageUrlTag.java
2026-03-03 17:11:39,442 - Knowledge - INFO - done ingest for /app/data/T0015/327978/b5857iz/shopizer-327978/sm-shop/src/main/java/com/salesmanager/web/populator/customer/ReadableCustomerPopulator.java
2026-03-03 17:11:39,465 - Knowledge - INFO - [LLM_CALL] Completed: ReadableProductPopulator.java:chunk1, Duration: 106495ms, PromptTokens: 3248, CompletionTokens: 617, Cost: $0.00057
2026-03-03 17:11:39,828 - Knowledge - WARNING - Timeout processing /app/data/T0015/327978/b5857iz/shopizer-327978/sm-shop/src/main/java/com/salesmanager/web/admin/controller/configurations/ConfigurationController.java after 90s - using fallback metadata
2026-03-03 17:11:40,019 - Knowledge - WARNING - Timeout processing /app/data/T0015/327978/b5857iz/shopizer-327978/sm-shop/src/main/java/com/salesmanager/web/admin/controller/products/ProductReviewController.java after 90s - using fallback metadata
2026-03-03 17:11:40,075 - Knowledge - INFO - process ingested knowledge for /app/data/T0015/327978/b5857iz/shopizer-327978/sm-shop/src/main/java/com/salesmanager/web/admin/security/UserAuthenticationSuccessHandler.java
2026-03-03 17:11:40,106 - Knowledge - WARNING - Timeout processing /app/data/T0015/327978/b5857iz/shopizer-327978/sm-shop/src/main/java/com/salesmanager/web/admin/controller/merchant/StoreLandingController.java after 90s - using fallback metadata
2026-03-03 17:11:40,331 - Knowledge - INFO - Fast-tracked /app/data/T0015/327978/b5857iz/shopizer-327978/sm-shop/src/main/java/com/salesmanager/web/tags/AdminProductDownloadUrlTag.java (small file (2286 bytes))
2026-03-03 17:11:40,435 - Knowledge - WARNING - Timeout processing /app/data/T0015/327978/b5857iz/shopizer-327978/sm-shop/src/main/java/com/salesmanager/web/admin/controller/products/ManufacturerController.java after 90s - using fallback metadata
2026-03-03 17:11:40,679 - Knowledge - INFO - Worker kw1 processing /app/data/T0015/327978/b5857iz/shopizer-327978/sm-shop/src/main/java/com/salesmanager/web/tags/ContentImageUrlTag.java
2026-03-03 17:11:40,809 - Knowledge - INFO - Async storage completed for 8 embeddings
2026-03-03 17:11:41,168 - Knowledge - INFO - done ingest for /app/data/T0015/327978/b5857iz/shopizer-327978/sm-shop/src/main/java/com/salesmanager/web/populator/catalog/ReadableProductPopulator.java
2026-03-03 17:11:41,210 - Knowledge - INFO - process ingested knowledge for /app/data/T0015/327978/b5857iz/shopizer-327978/sm-shop/src/main/java/com/salesmanager/web/entity/catalog/product/PersistableProductReview.java
2026-03-03 17:11:41,212 - Knowledge - WARNING - Timeout processing /app/data/T0015/327978/b5857iz/shopizer-327978/sm-shop/src/main/java/com/salesmanager/web/admin/controller/configurations/SystemConfigurationController.java after 90s - using fallback metadata
2026-03-03 17:11:41,242 - Knowledge - INFO - process ingested knowledge for /app/data/T0015/327978/b5857iz/shopizer-327978/sm-shop/src/main/java/com/salesmanager/web/populator/order/ReadableOrderPopulator.java
2026-03-03 17:11:41,249 - Knowledge - WARNING - Timeout processing /app/data/T0015/327978/b5857iz/shopizer-327978/sm-shop/src/main/java/com/salesmanager/web/admin/controller/products/RelatedItemsController.java after 90s - using fallback metadata
2026-03-03 17:11:41,379 - Knowledge - INFO - [WEBSOCKET] Sent: Type=progress_update, Size: 293, Duration: 0ms
2026-03-03 17:11:41,391 - Knowledge - INFO - [kw20] Queue=433, InProgress=0, PendingWorkers=20/20, Completed=644/1167 (55.2%)
2026-03-03 17:11:41,466 - Knowledge - INFO - [kw13] Queue=433, InProgress=0, PendingWorkers=20/20, Completed=644/1167 (55.2%)
2026-03-03 17:11:41,476 - Knowledge - INFO - [kw8] Queue=433, InProgress=0, PendingWorkers=20/20, Completed=644/1167 (55.2%)
2026-03-03 17:11:41,491 - Knowledge - INFO - process ingested knowledge for /app/data/T0015/327978/b5857iz/shopizer-327978/sm-shop/src/main/java/com/salesmanager/web/admin/security/WebUserServices.java
2026-03-03 17:11:41,647 - Knowledge - WARNING - Timeout processing /app/data/T0015/327978/b5857iz/shopizer-327978/sm-shop/src/main/java/com/salesmanager/web/admin/controller/merchant/MerchantStoreController.java after 90s - using fallback metadata
2026-03-03 17:11:41,792 - Knowledge - INFO - Async storage completed for 8 embeddings
2026-03-03 17:11:42,038 - Knowledge - WARNING - Timeout processing /app/data/T0015/327978/b5857iz/shopizer-327978/sm-shop/src/main/java/com/salesmanager/web/admin/controller/products/ProductAttributeController.java after 90s - using fallback metadata
2026-03-03 17:11:42,283 - Knowledge - INFO - Worker kw1 processing /app/data/T0015/327978/b5857iz/shopizer-327978/sm-shop/src/main/java/com/salesmanager/web/tags/StoreLogoUrlTag.java
2026-03-03 17:11:43,492 - Knowledge - INFO - Batch sizing: calculated=6, max_allowed=10, queue=433, active_workers=20/20
2026-03-03 17:11:42,930 - Knowledge - INFO - process ingested knowledge for /app/data/T0015/327978/b5857iz/shopizer-327978/sm-shop/src/main/java/com/salesmanager/web/populator/order/ReadableShippingSummaryPopulator.java
2026-03-03 17:11:43,042 - Knowledge - WARNING - Timeout processing /app/data/T0015/327978/b5857iz/shopizer-327978/sm-shop/src/main/java/com/salesmanager/web/admin/controller/shipping/ShippingOptionsController.java after 90s - using fallback metadata
2026-03-03 17:11:43,059 - Knowledge - WARNING - Timeout processing /app/data/T0015/327978/b5857iz/shopizer-327978/sm-shop/src/main/java/com/salesmanager/web/admin/controller/user/GroupsController.java after 90s - using fallback metadata
2026-03-03 17:11:43,203 - Knowledge - INFO - [LLM_CALL] Completed: ProductEntity.java:chunk1, Duration: 24865ms, PromptTokens: 2364, CompletionTokens: 1073, Cost: $0.00067
2026-03-03 17:11:43,366 - Knowledge - INFO - Batch sizing: calculated=6, max_allowed=10, queue=433, active_workers=20/20
2026-03-03 17:11:42,695 - Knowledge - INFO - process ingested knowledge for /app/data/T0015/327978/b5857iz/shopizer-327978/sm-shop/src/main/java/com/salesmanager/web/entity/catalog/product/Product.java
2026-03-03 17:11:43,661 - Knowledge - INFO - Batch sizing: calculated=6, max_allowed=10, queue=433, active_workers=20/20
2026-03-03 17:11:43,808 - Knowledge - INFO - process ingested knowledge for /app/data/T0015/327978/b5857iz/shopizer-327978/sm-shop/src/main/java/com/salesmanager/web/admin/security/UserServicesImpl.java
2026-03-03 17:11:44,483 - Knowledge - WARNING - Timeout processing /app/data/T0015/327978/b5857iz/shopizer-327978/sm-shop/src/main/java/com/salesmanager/web/admin/controller/categories/CategoryController.java after 90s - using fallback metadata
2026-03-03 17:11:44,778 - Knowledge - WARNING - Timeout processing /app/data/T0015/327978/b5857iz/shopizer-327978/sm-shop/src/main/java/com/salesmanager/web/admin/controller/products/ProductController.java after 90s - using fallback metadata
2026-03-03 17:11:44,994 - Knowledge - INFO - Worker kw1 processing /app/data/T0015/327978/b5857iz/shopizer-327978/sm-shop/src/main/java/com/salesmanager/web/tags/ProductImageUrlTag.java
2026-03-03 17:11:45,238 - Knowledge - INFO - process ingested knowledge for /app/data/T0015/327978/b5857iz/shopizer-327978/sm-shop/src/main/java/com/salesmanager/web/populator/order/ReadableOrderTotalPopulator.java
2026-03-03 17:11:45,423 - Knowledge - WARNING - Timeout processing /app/data/T0015/327978/b5857iz/shopizer-327978/sm-shop/src/main/java/com/salesmanager/web/admin/controller/shipping/ShippingMethodsController.java after 90s - using fallback metadata
2026-03-03 17:11:45,619 - Knowledge - INFO - done ingest for /app/data/T0015/327978/b5857iz/shopizer-327978/sm-shop/src/main/java/com/salesmanager/web/entity/catalog/product/ProductEntity.java
2026-03-03 17:11:45,621 - Knowledge - INFO - Processing batch of 6 files
2026-03-03 17:11:45,640 - Knowledge - INFO - [LLM_CALL] Completed: UserController.java:chunk1, Duration: 81923ms, PromptTokens: 13738, CompletionTokens: 1238, Cost: $0.00187
2026-03-03 17:11:45,907 - Knowledge - INFO - process ingested knowledge for /app/data/T0015/327978/b5857iz/shopizer-327978/sm-shop/src/main/java/com/salesmanager/web/entity/catalog/product/ProductDescription.java
2026-03-03 17:11:46,156 - Knowledge - INFO - process ingested knowledge for /app/data/T0015/327978/b5857iz/shopizer-327978/sm-shop/src/main/java/com/salesmanager/web/admin/security/SecurityDataAccessException.java
2026-03-03 17:11:46,282 - Knowledge - WARNING - Timeout processing /app/data/T0015/327978/b5857iz/shopizer-327978/sm-shop/src/main/java/com/salesmanager/web/admin/controller/ControllerConstants.java after 90s - using fallback metadata
2026-03-03 17:11:46,436 - Knowledge - WARNING - Timeout processing /app/data/T0015/327978/b5857iz/shopizer-327978/sm-shop/src/main/java/com/salesmanager/web/admin/controller/products/ProductKeywordsController.java after 90s - using fallback metadata
2026-03-03 17:11:46,616 - Knowledge - INFO - Worker kw1 processing /app/data/T0015/327978/b5857iz/shopizer-327978/sm-shop/src/main/java/com/salesmanager/web/tags/ShopProductPriceFormatTag.java
2026-03-03 17:11:46,739 - Knowledge - INFO - process ingested knowledge for /app/data/T0015/327978/b5857iz/shopizer-327978/sm-shop/src/main/java/com/salesmanager/web/populator/order/PersistableOrderProductPopulator.java
2026-03-03 17:11:46,840 - Knowledge - WARNING - Timeout processing /app/data/T0015/327978/b5857iz/shopizer-327978/sm-shop/src/main/java/com/salesmanager/web/admin/controller/shipping/CustomShippingMethodsController.java after 90s - using fallback metadata
2026-03-03 17:11:47,115 - Knowledge - INFO - process ingested knowledge for /app/data/T0015/327978/b5857iz/shopizer-327978/sm-shop/src/main/java/com/salesmanager/web/entity/catalog/product/ReadableProductReview.java
2026-03-03 17:11:47,260 - Knowledge - INFO - done ingest for /app/data/T0015/327978/b5857iz/shopizer-327978/sm-shop/src/main/java/com/salesmanager/web/admin/controller/user/UserController.java
2026-03-03 17:11:47,260 - Knowledge - INFO - [WEBSOCKET] Sent: Type=unknown, Size: ?, Duration: 5881ms
2026-03-03 17:11:47,364 - Knowledge - INFO - process ingested knowledge for /app/data/T0015/327978/b5857iz/shopizer-327978/sm-shop/src/main/java/com/salesmanager/web/entity/catalog/product/ReadableProductList.java
2026-03-03 17:11:47,495 - Knowledge - INFO - process ingested knowledge for /app/data/T0015/327978/b5857iz/shopizer-327978/sm-shop/src/main/java/com/salesmanager/web/admin/controller/products/CustomProductGroupsController.java
2026-03-03 17:11:47,621 - Knowledge - WARNING - Timeout processing /app/data/T0015/327978/b5857iz/shopizer-327978/sm-shop/src/main/java/com/salesmanager/web/admin/controller/payments/PaymentsController.java after 90s - using fallback metadata
2026-03-03 17:11:48,017 - Knowledge - INFO - process ingested knowledge for /app/data/T0015/327978/b5857iz/shopizer-327978/sm-shop/src/main/java/com/salesmanager/web/populator/order/ReadableOrderProductPopulator.java
2026-03-03 17:11:48,286 - Knowledge - INFO - process ingested knowledge for /app/data/T0015/327978/b5857iz/shopizer-327978/sm-shop/src/main/java/com/salesmanager/web/entity/catalog/product/PersistableProduct.java
2026-03-03 17:11:48,614 - Knowledge - INFO - Progress: 55.2% | Files: 676/1167 | Rate: 1.60 files/sec | Queue: 415
2026-03-03 17:11:48,639 - Knowledge - INFO - [LLM_CALL] Completed: CustomerPopulator.java:chunk1, Duration: 101082ms, PromptTokens: 4892, CompletionTokens: 990, Cost: $0.00089
2026-03-03 17:11:49,030 - Knowledge - WARNING - Timeout processing /app/data/T0015/327978/b5857iz/shopizer-327978/sm-shop/src/main/java/com/salesmanager/web/admin/controller/customers/CustomerOptionsController.java after 90s - using fallback metadata
2026-03-03 17:11:49,178 - Knowledge - INFO - process ingested knowledge for /app/data/T0015/327978/b5857iz/shopizer-327978/sm-shop/src/main/java/com/salesmanager/web/admin/controller/products/OptionsController.java
2026-03-03 17:11:49,639 - Knowledge - INFO - done ingest for /app/data/T0015/327978/b5857iz/shopizer-327978/sm-shop/src/main/java/com/salesmanager/web/populator/customer/CustomerPopulator.java
2026-03-03 17:11:49,646 - Knowledge - INFO - [LLM_CALL] Completed: PersistableProductReviewPopulator.java:chunk1, Duration: 125265ms, PromptTokens: 2390, CompletionTokens: 714, Cost: $0.00052
2026-03-03 17:11:49,828 - Knowledge - INFO - process ingested knowledge for /app/data/T0015/327978/b5857iz/shopizer-327978/sm-shop/src/main/java/com/salesmanager/web/entity/catalog/manufacturer/ManufacturerEntity.java
2026-03-03 17:11:49,897 - Knowledge - INFO - [kw3] Queue=415, InProgress=0, PendingWorkers=20/20, Completed=676/1167 (57.9%)
2026-03-03 17:11:50,201 - Knowledge - INFO - Processing batch of 8 files
2026-03-03 17:11:50,183 - Knowledge - INFO - Async storing batch of 8 embeddings
2026-03-03 17:11:50,164 - Knowledge - INFO - done ingest for /app/data/T0015/327978/b5857iz/shopizer-327978/sm-shop/src/main/java/com/salesmanager/web/populator/catalog/PersistableProductReviewPopulator.java
2026-03-03 17:11:50,214 - Knowledge - INFO - Async storing batch of 6 embeddings
2026-03-03 17:11:50,239 - Knowledge - INFO - Async storing batch of 8 embeddings
2026-03-03 17:11:50,257 - Knowledge - INFO - Processing batch of 6 files
2026-03-03 17:11:50,266 - Knowledge - INFO - Processing batch of 8 files
2026-03-03 17:11:50,277 - Knowledge - INFO - Processing batch of 8 files
2026-03-03 17:11:50,307 - Knowledge - INFO - [LLM_CALL] Completed: FilesController.java:chunk1, Duration: 10857ms, PromptTokens: 3096, CompletionTokens: 438, Cost: $0.00048
2026-03-03 17:11:50,421 - Knowledge - INFO - Batch sizing: calculated=6, max_allowed=10, queue=415, active_workers=20/20
2026-03-03 17:11:50,582 - Knowledge - INFO - process ingested knowledge for /app/data/T0015/327978/b5857iz/shopizer-327978/sm-shop/src/main/java/com/salesmanager/web/admin/controller/content/ContentImageController.java
2026-03-03 17:11:50,760 - Knowledge - INFO - Worker kw13 processing /app/data/T0015/327978/b5857iz/shopizer-327978/sm-shop/src/main/java/com/salesmanager/web/tags/StoreBreadcrumbsTag.java
2026-03-03 17:11:51,096 - Knowledge - INFO - Worker kw20 processing /app/data/T0015/327978/b5857iz/shopizer-327978/sm-shop/src/main/webapp/WEB-INF/tiles/tiles-shop.xml
2026-03-03 17:11:51,274 - Knowledge - INFO - Worker kw8 processing /app/data/T0015/327978/b5857iz/shopizer-327978/sm-shop/src/main/webapp/WEB-INF/spring/root-context.xml
2026-03-03 17:11:51,394 - Knowledge - INFO - process ingested knowledge for /app/data/T0015/327978/b5857iz/shopizer-327978/sm-shop/src/main/java/com/salesmanager/web/entity/catalog/manufacturer/ManufacturerDescription.java
2026-03-03 17:11:51,464 - Knowledge - INFO - process ingested knowledge for /app/data/T0015/327978/b5857iz/shopizer-327978/sm-shop/src/main/java/com/salesmanager/web/entity/catalog/product/attribute/PersistableProductAttribute.java
2026-03-03 17:11:51,754 - Knowledge - INFO - process ingested knowledge for /app/data/T0015/327978/b5857iz/shopizer-327978/sm-shop/src/main/java/com/salesmanager/web/admin/controller/products/ProductsController.java
2026-03-03 17:11:51,936 - Knowledge - INFO - process ingested knowledge for /app/data/T0015/327978/b5857iz/shopizer-327978/sm-shop/src/main/java/com/salesmanager/web/admin/controller/products/DigitalProductController.java
2026-03-03 17:11:52,121 - Knowledge - INFO - done ingest for /app/data/T0015/327978/b5857iz/shopizer-327978/sm-shop/src/main/java/com/salesmanager/web/files/FilesController.java
2026-03-03 17:11:52,600 - Knowledge - INFO - Worker kw13 processing /app/data/T0015/327978/b5857iz/shopizer-327978/sm-shop/src/main/java/com/salesmanager/web/tags/ManufacturerImageUrlTag.java
2026-03-03 17:11:52,783 - Knowledge - INFO - Fast-tracked /app/data/T0015/327978/b5857iz/shopizer-327978/sm-shop/src/main/webapp/WEB-INF/tiles/tiles-shop.xml (ext=.xml, size=11794)
2026-03-03 17:11:52,950 - Knowledge - INFO - Fast-tracked /app/data/T0015/327978/b5857iz/shopizer-327978/sm-shop/src/main/webapp/WEB-INF/spring/root-context.xml (ext=.xml, size=384)
2026-03-03 17:11:53,045 - Knowledge - INFO - [LLM_CALL] Completed: OrdersController.java:chunk1, Duration: 47514ms, PromptTokens: 3188, CompletionTokens: 580, Cost: $0.00055
2026-03-03 17:11:53,701 - Knowledge - INFO - Fast-tracked /app/data/T0015/327978/b5857iz/shopizer-327978/sm-shop/src/main/java/com/salesmanager/web/tags/ContentImageUrlTag.java (small file (2860 bytes))
2026-03-03 17:11:53,820 - Knowledge - INFO - Worker kw13 processing /app/data/T0015/327978/b5857iz/shopizer-327978/sm-shop/src/main/resources/admin/menu.json
2026-03-03 17:11:53,888 - Knowledge - INFO - Worker kw20 processing /app/data/T0015/327978/b5857iz/shopizer-327978/sm-shop/src/main/webapp/WEB-INF/web.xml
2026-03-03 17:11:54,079 - Knowledge - INFO - Worker kw8 processing /app/data/T0015/327978/b5857iz/shopizer-327978/sm-shop/src/main/webapp/resources/messages/messages.css
2026-03-03 17:11:54,219 - Knowledge - INFO - done ingest for /app/data/T0015/327978/b5857iz/shopizer-327978/sm-shop/src/main/java/com/salesmanager/web/admin/controller/orders/OrdersController.java
2026-03-03 17:11:54,268 - Knowledge - INFO - [LLM_CALL] Completed: ShoppingCartModelPopulator.java:chunk1, Duration: 118322ms, PromptTokens: 4516, CompletionTokens: 741, Cost: $0.00075
2026-03-03 17:11:54,418 - Knowledge - INFO - Fast-tracked /app/data/T0015/327978/b5857iz/shopizer-327978/sm-shop/src/main/java/com/salesmanager/web/tags/StoreLogoUrlTag.java (small file (2616 bytes))
2026-03-03 17:11:54,553 - Knowledge - INFO - process ingested knowledge for /app/data/T0015/327978/b5857iz/shopizer-327978/sm-shop/src/main/java/com/salesmanager/web/entity/catalog/product/attribute/ProductOptionValueDescription.java
2026-03-03 17:11:54,554 - Knowledge - INFO - Fast-tracked /app/data/T0015/327978/b5857iz/shopizer-327978/sm-shop/src/main/resources/admin/menu.json (ext=.json, size=8315)
2026-03-03 17:11:54,556 - Knowledge - INFO - process ingested knowledge for /app/data/T0015/327978/b5857iz/shopizer-327978/sm-shop/src/main/java/com/salesmanager/web/admin/controller/products/ProductPriceController.java
2026-03-03 17:11:54,727 - Knowledge - INFO - Fast-tracked /app/data/T0015/327978/b5857iz/shopizer-327978/sm-shop/src/main/webapp/WEB-INF/web.xml (ext=.xml, size=1911)
2026-03-03 17:11:54,799 - Knowledge - INFO - Fast-tracked /app/data/T0015/327978/b5857iz/shopizer-327978/sm-shop/src/main/webapp/resources/messages/messages.css (ext=.css, size=810)
2026-03-03 17:11:55,019 - Knowledge - INFO - done ingest for /app/data/T0015/327978/b5857iz/shopizer-327978/sm-shop/src/main/java/com/salesmanager/web/populator/shoppingCart/ShoppingCartModelPopulator.java
2026-03-03 17:11:55,026 - Knowledge - INFO - Async storing batch of 8 embeddings
2026-03-03 17:11:55,034 - Knowledge - INFO - Processing batch of 8 files
2026-03-03 17:11:55,163 - Knowledge - INFO - Fast-tracked /app/data/T0015/327978/b5857iz/shopizer-327978/sm-shop/src/main/java/com/salesmanager/web/tags/ProductImageUrlTag.java (small file (2924 bytes))
2026-03-03 17:11:55,168 - Knowledge - INFO - process ingested knowledge for /app/data/T0015/327978/b5857iz/shopizer-327978/sm-shop/src/main/java/com/salesmanager/web/entity/catalog/manufacturer/Manufacturer.java
2026-03-03 17:11:55,168 - Knowledge - INFO - process ingested knowledge for /app/data/T0015/327978/b5857iz/shopizer-327978/sm-shop/src/main/java/com/salesmanager/web/admin/controller/content/StaticContentController.java
2026-03-03 17:11:55,178 - Knowledge - INFO - process ingested knowledge for /app/data/T0015/327978/b5857iz/shopizer-327978/sm-shop/src/main/java/com/salesmanager/web/admin/controller/products/ProductImagesController.java
2026-03-03 17:11:55,475 - Knowledge - INFO - Worker kw13 processing /app/data/T0015/327978/b5857iz/shopizer-327978/sm-shop/src/main/resources/log4j.xml
2026-03-03 17:11:55,762 - Knowledge - INFO - Worker kw20 processing /app/data/T0015/327978/b5857iz/shopizer-327978/sm-shop/src/main/webapp/WEB-INF/spring/appServlet/shopizer-security.xml
2026-03-03 17:11:55,869 - Knowledge - INFO - Worker kw8 processing /app/data/T0015/327978/b5857iz/shopizer-327978/sm-shop/src/main/webapp/resources/css/showLoading.css
2026-03-03 17:11:56,053 - Knowledge - WARNING - Timeout processing /app/data/T0015/327978/b5857iz/shopizer-327978/sm-shop/src/main/java/com/salesmanager/web/populator/order/OrderProductPopulator.java after 90s - using fallback metadata
2026-03-03 17:11:56,146 - Knowledge - INFO - Worker kw3 processing /app/data/T0015/327978/b5857iz/shopizer-327978/sm-shop/src/main/webapp/resources/css/shopizer-admin.css
2026-03-03 17:11:56,379 - Knowledge - INFO - process ingested knowledge for /app/data/T0015/327978/b5857iz/shopizer-327978/sm-shop/src/main/java/com/salesmanager/web/admin/controller/shipping/ShippingConfigsController.java
2026-03-03 17:11:56,460 - Knowledge - INFO - process ingested knowledge for /app/data/T0015/327978/b5857iz/shopizer-327978/sm-shop/src/main/java/com/salesmanager/web/entity/catalog/product/attribute/ProductOptionValue.java
2026-03-03 17:11:56,642 - Knowledge - INFO - Fast-tracked /app/data/T0015/327978/b5857iz/shopizer-327978/sm-shop/src/main/java/com/salesmanager/web/tags/ShopProductPriceFormatTag.java (small file (2413 bytes))
2026-03-03 17:11:57,252 - Knowledge - INFO - [LLM_CALL] Completed: EmailTemplatesUtils.java:chunk1, Duration: 81203ms, PromptTokens: 10974, CompletionTokens: 1042, Cost: $0.00151
2026-03-03 17:11:57,264 - Knowledge - INFO - process ingested knowledge for /app/data/T0015/327978/b5857iz/shopizer-327978/sm-shop/src/main/java/com/salesmanager/web/admin/controller/products/FeaturedItemsController.java
2026-03-03 17:11:57,291 - Knowledge - INFO - Fast-tracked /app/data/T0015/327978/b5857iz/shopizer-327978/sm-shop/src/main/resources/log4j.xml (ext=.xml, size=3044)
2026-03-03 17:11:57,311 - Knowledge - INFO - process ingested knowledge for /app/data/T0015/327978/b5857iz/shopizer-327978/sm-shop/src/main/java/com/salesmanager/web/entity/catalog/manufacturer/ReadableManufacturer.java
2026-03-03 17:11:57,312 - Knowledge - INFO - process ingested knowledge for /app/data/T0015/327978/b5857iz/shopizer-327978/sm-shop/src/main/java/com/salesmanager/web/admin/controller/content/ContentPagesController.java
2026-03-03 17:11:57,469 - Knowledge - INFO - Fast-tracked /app/data/T0015/327978/b5857iz/shopizer-327978/sm-shop/src/main/webapp/WEB-INF/spring/appServlet/shopizer-security.xml (ext=.xml, size=5766)
2026-03-03 17:11:57,619 - Knowledge - INFO - Fast-tracked /app/data/T0015/327978/b5857iz/shopizer-327978/sm-shop/src/main/webapp/resources/css/showLoading.css (ext=.css, size=318)
2026-03-03 17:11:57,947 - Knowledge - INFO - process ingested knowledge for /app/data/T0015/327978/b5857iz/shopizer-327978/sm-shop/src/main/java/com/salesmanager/web/admin/controller/products/ProductReviewController.java
2026-03-03 17:11:58,016 - Knowledge - INFO - Fast-tracked /app/data/T0015/327978/b5857iz/shopizer-327978/sm-shop/src/main/webapp/resources/css/shopizer-admin.css (ext=.css, size=1489)
2026-03-03 17:11:58,433 - Knowledge - INFO - Async storage completed for 6 embeddings
2026-03-03 17:11:58,609 - Knowledge - INFO - done ingest for /app/data/T0015/327978/b5857iz/shopizer-327978/sm-shop/src/main/java/com/salesmanager/web/utils/EmailTemplatesUtils.java
2026-03-03 17:11:58,681 - Knowledge - INFO - Processing batch of 6 files
2026-03-03 17:11:58,706 - Knowledge - INFO - process ingested knowledge for /app/data/T0015/327978/b5857iz/shopizer-327978/sm-shop/src/main/java/com/salesmanager/web/entity/catalog/product/attribute/ProductOptionEntity.java
2026-03-03 17:11:58,706 - Knowledge - INFO - [WEBSOCKET] Sent: Type=progress_update, Size: 293, Duration: 90ms
2026-03-03 17:11:58,736 - Knowledge - INFO - process ingested knowledge for /app/data/T0015/327978/b5857iz/shopizer-327978/sm-shop/src/main/java/com/salesmanager/web/admin/controller/merchant/StoreBrandingController.java
2026-03-03 17:11:58,865 - Knowledge - INFO - Worker kw13 processing /app/data/T0015/327978/b5857iz/shopizer-327978/sm-shop/src/main/webapp/WEB-INF/classes/log4j.xml
2026-03-03 17:11:59,068 - Knowledge - INFO - process ingested knowledge for /app/data/T0015/327978/b5857iz/shopizer-327978/sm-shop/src/main/java/com/salesmanager/web/admin/controller/products/ManufacturerController.java
2026-03-03 17:11:59,249 - Knowledge - INFO - Worker kw20 processing /app/data/T0015/327978/b5857iz/shopizer-327978/sm-shop/src/main/webapp/WEB-INF/spring/appServlet/servlet-context.xml
2026-03-03 17:11:59,435 - Knowledge - INFO - Worker kw8 processing /app/data/T0015/327978/b5857iz/shopizer-327978/sm-shop/src/main/webapp/resources/css/bootstrap/css/sm-bootstrap.css
2026-03-03 17:11:59,745 - Knowledge - INFO - Worker kw3 processing /app/data/T0015/327978/b5857iz/shopizer-327978/sm-shop/src/main/webapp/resources/css/font-awesome/scss/_extras.scss
2026-03-03 17:11:59,894 - Knowledge - INFO - process ingested knowledge for /app/data/T0015/327978/b5857iz/shopizer-327978/sm-shop/src/main/java/com/salesmanager/web/admin/controller/configurations/CacheController.java
2026-03-03 17:12:00,205 - Knowledge - INFO - process ingested knowledge for /app/data/T0015/327978/b5857iz/shopizer-327978/sm-shop/src/main/java/com/salesmanager/web/entity/catalog/manufacturer/PersistableManufacturer.java
2026-03-03 17:12:00,316 - Knowledge - WARNING - Timeout processing /app/data/T0015/327978/b5857iz/shopizer-327978/sm-shop/src/main/java/com/salesmanager/web/filter/StoreFilter.java after 90s - using fallback metadata
2026-03-03 17:12:00,532 - Knowledge - INFO - [WEBSOCKET] Sent: Type=unknown, Size: ?, Duration: 1915ms
2026-03-03 17:12:00,872 - Knowledge - INFO - Fast-tracked /app/data/T0015/327978/b5857iz/shopizer-327978/sm-shop/src/main/webapp/WEB-INF/classes/log4j.xml (ext=.xml, size=1089)
2026-03-03 17:12:01,108 - Knowledge - INFO - process ingested knowledge for /app/data/T0015/327978/b5857iz/shopizer-327978/sm-shop/src/main/java/com/salesmanager/web/admin/controller/products/RelatedItemsController.java
2026-03-03 17:12:01,262 - Knowledge - INFO - Fast-tracked /app/data/T0015/327978/b5857iz/shopizer-327978/sm-shop/src/main/webapp/WEB-INF/spring/appServlet/servlet-context.xml (ext=.xml, size=4001)
2026-03-03 17:12:01,359 - Knowledge - INFO - Fast-tracked /app/data/T0015/327978/b5857iz/shopizer-327978/sm-shop/src/main/webapp/resources/css/bootstrap/css/sm-bootstrap.css (ext=.css, size=101350)
2026-03-03 17:12:01,372 - Knowledge - INFO - process ingested knowledge for /app/data/T0015/327978/b5857iz/shopizer-327978/sm-shop/src/main/java/com/salesmanager/web/entity/catalog/product/RelatedProduct.java
2026-03-03 17:12:01,379 - Knowledge - INFO - process ingested knowledge for /app/data/T0015/327978/b5857iz/shopizer-327978/sm-shop/src/main/java/com/salesmanager/web/admin/controller/merchant/StoreLandingController.java
2026-03-03 17:12:01,450 - Knowledge - INFO - Fast-tracked /app/data/T0015/327978/b5857iz/shopizer-327978/sm-shop/src/main/webapp/resources/css/font-awesome/scss/_extras.scss (ext=.scss, size=2406)
2026-03-03 17:12:01,718 - Knowledge - INFO - process ingested knowledge for /app/data/T0015/327978/b5857iz/shopizer-327978/sm-shop/src/main/java/com/salesmanager/web/admin/controller/products/ProductAttributeController.java
2026-03-03 17:12:01,769 - Knowledge - INFO - process ingested knowledge for /app/data/T0015/327978/b5857iz/shopizer-327978/sm-shop/src/main/java/com/salesmanager/web/entity/catalog/ProductList.java
2026-03-03 17:12:01,780 - Knowledge - INFO - process ingested knowledge for /app/data/T0015/327978/b5857iz/shopizer-327978/sm-shop/src/main/java/com/salesmanager/web/admin/controller/configurations/ConfigurationController.java
2026-03-03 17:12:01,960 - Knowledge - INFO - Progress: 59.0% | Files: 698/1167 | Rate: 1.59 files/sec | Queue: 409
2026-03-03 17:12:01,973 - Knowledge - INFO - [LLM_CALL] Completed: CustomerController.java:chunk1, Duration: 116354ms, PromptTokens: 11726, CompletionTokens: 1578, Cost: $0.00180
2026-03-03 17:12:02,064 - Knowledge - INFO - Worker kw13 processing /app/data/T0015/327978/b5857iz/shopizer-327978/sm-shop/src/main/webapp/WEB-INF/tiles/tiles-admin.xml
2026-03-03 17:12:02,194 - Knowledge - INFO - process ingested knowledge for /app/data/T0015/327978/b5857iz/shopizer-327978/sm-shop/src/main/java/com/salesmanager/web/admin/controller/shipping/ShippingOptionsController.java
2026-03-03 17:12:02,330 - Knowledge - INFO - Worker kw20 processing /app/data/T0015/327978/b5857iz/shopizer-327978/sm-shop/src/main/webapp/WEB-INF/spring/appServlet/controllers.xml
2026-03-03 17:12:02,473 - Knowledge - INFO - Worker kw8 processing /app/data/T0015/327978/b5857iz/shopizer-327978/sm-shop/src/main/webapp/resources/css/bootstrap/css/sm-bootstrap-responsive.css
2026-03-03 17:12:02,650 - Knowledge - INFO - process ingested knowledge for /app/data/T0015/327978/b5857iz/shopizer-327978/sm-shop/src/main/java/com/salesmanager/web/entity/catalog/product/ProductEntity.java
2026-03-03 17:12:02,700 - Knowledge - INFO - process ingested knowledge for /app/data/T0015/327978/b5857iz/shopizer-327978/sm-shop/src/main/java/com/salesmanager/web/admin/controller/merchant/MerchantStoreController.java
2026-03-03 17:12:02,867 - Knowledge - INFO - Worker kw3 processing /app/data/T0015/327978/b5857iz/shopizer-327978/sm-shop/src/main/webapp/resources/css/font-awesome/scss/_variables.scss
2026-03-03 17:12:03,010 - Knowledge - INFO - process ingested knowledge for /app/data/T0015/327978/b5857iz/shopizer-327978/sm-shop/src/main/java/com/salesmanager/web/admin/controller/products/ProductController.java
2026-03-03 17:12:03,201 - Knowledge - INFO - process ingested knowledge for /app/data/T0015/327978/b5857iz/shopizer-327978/sm-shop/src/main/java/com/salesmanager/web/entity/catalog/SearchProductList.java
2026-03-03 17:12:03,321 - Knowledge - INFO - process ingested knowledge for /app/data/T0015/327978/b5857iz/shopizer-327978/sm-shop/src/main/java/com/salesmanager/web/admin/controller/configurations/SystemConfigurationController.java
2026-03-03 17:12:03,780 - Knowledge - INFO - [kw18] Queue=409, InProgress=0, PendingWorkers=20/20, Completed=706/1167 (60.5%)
2026-03-03 17:12:03,900 - Knowledge - INFO - done ingest for /app/data/T0015/327978/b5857iz/shopizer-327978/sm-shop/src/main/java/com/salesmanager/web/admin/controller/customers/CustomerController.java
2026-03-03 17:12:03,912 - Knowledge - INFO - [LLM_CALL] Completed: ReferenceController.java:chunk1, Duration: 27301ms, PromptTokens: 3848, CompletionTokens: 875, Cost: $0.00073
2026-03-03 17:12:03,974 - Knowledge - WARNING - Timeout processing /app/data/T0015/327978/b5857iz/shopizer-327978/sm-shop/src/main/java/com/salesmanager/web/admin/controller/orders/OrderControler.java after 90s - using fallback metadata
2026-03-03 17:12:04,025 - Knowledge - INFO - Fast-tracked /app/data/T0015/327978/b5857iz/shopizer-327978/sm-shop/src/main/webapp/WEB-INF/tiles/tiles-admin.xml (ext=.xml, size=14166)
2026-03-03 17:12:04,093 - Knowledge - INFO - process ingested knowledge for /app/data/T0015/327978/b5857iz/shopizer-327978/sm-shop/src/main/java/com/salesmanager/web/admin/controller/shipping/ShippingMethodsController.java
2026-03-03 17:12:04,177 - Knowledge - INFO - Fast-tracked /app/data/T0015/327978/b5857iz/shopizer-327978/sm-shop/src/main/webapp/WEB-INF/spring/appServlet/controllers.xml (ext=.xml, size=2573)
2026-03-03 17:12:04,264 - Knowledge - INFO - Fast-tracked /app/data/T0015/327978/b5857iz/shopizer-327978/sm-shop/src/main/webapp/resources/css/bootstrap/css/sm-bootstrap-responsive.css (ext=.css, size=14987)
2026-03-03 17:12:04,481 - Knowledge - INFO - process ingested knowledge for /app/data/T0015/327978/b5857iz/shopizer-327978/sm-shop/src/main/java/com/salesmanager/web/admin/controller/categories/CategoryController.java
2026-03-03 17:12:04,551 - Knowledge - INFO - Fast-tracked /app/data/T0015/327978/b5857iz/shopizer-327978/sm-shop/src/main/webapp/resources/css/font-awesome/scss/_variables.scss (ext=.scss, size=8061)
2026-03-03 17:12:04,657 - Knowledge - INFO - process ingested knowledge for /app/data/T0015/327978/b5857iz/shopizer-327978/sm-shop/src/main/java/com/salesmanager/web/admin/controller/products/ProductKeywordsController.java
2026-03-03 17:12:04,807 - Knowledge - INFO - process ingested knowledge for /app/data/T0015/327978/b5857iz/shopizer-327978/sm-shop/src/main/java/com/salesmanager/web/entity/catalog/ReadableImage.java
2026-03-03 17:12:04,960 - Knowledge - INFO - Batch sizing: calculated=6, max_allowed=10, queue=409, active_workers=20/20
2026-03-03 17:12:04,987 - Knowledge - INFO - process ingested knowledge for /app/data/T0015/327978/b5857iz/shopizer-327978/sm-shop/src/main/java/com/salesmanager/web/admin/controller/user/GroupsController.java
2026-03-03 17:12:05,192 - Knowledge - INFO - done ingest for /app/data/T0015/327978/b5857iz/shopizer-327978/sm-shop/src/main/java/com/salesmanager/web/reference/ReferenceController.java
2026-03-03 17:12:05,210 - Knowledge - INFO - Processing batch of 8 files
2026-03-03 17:12:05,258 - Knowledge - INFO - Processing batch of 8 files
2026-03-03 17:12:05,339 - Knowledge - WARNING - Timeout processing /app/data/T0015/327978/b5857iz/shopizer-327978/sm-shop/src/main/java/com/salesmanager/web/admin/controller/orders/OrderActionsControler.java after 90s - using fallback metadata
2026-03-03 17:12:05,392 - Knowledge - INFO - [kw14] Queue=409, InProgress=0, PendingWorkers=20/20, Completed=706/1167 (60.5%)
2026-03-03 17:12:05,399 - Knowledge - INFO - [kw12] Queue=409, InProgress=0, PendingWorkers=20/20, Completed=706/1167 (60.5%)
2026-03-03 17:12:05,407 - Knowledge - INFO - [kw19] Queue=409, InProgress=0, PendingWorkers=20/20, Completed=706/1167 (60.5%)
2026-03-03 17:12:05,554 - Knowledge - INFO - Fast-tracked /app/data/T0015/327978/b5857iz/shopizer-327978/sm-shop/src/main/java/com/salesmanager/web/tags/StoreBreadcrumbsTag.java (small file (2480 bytes))
2026-03-03 17:12:05,706 - Knowledge - INFO - Worker kw20 processing /app/data/T0015/327978/b5857iz/shopizer-327978/sm-shop/src/main/webapp/WEB-INF/spring/appServlet/shopizer-properties.xml
2026-03-03 17:12:05,834 - Knowledge - INFO - Worker kw8 processing /app/data/T0015/327978/b5857iz/shopizer-327978/sm-shop/src/main/webapp/resources/css/bootstrap/css/datepicker.css
2026-03-03 17:12:06,003 - Knowledge - INFO - process ingested knowledge for /app/data/T0015/327978/b5857iz/shopizer-327978/sm-shop/src/main/java/com/salesmanager/web/admin/controller/shipping/CustomShippingMethodsController.java
2026-03-03 17:12:06,004 - Knowledge - INFO - process ingested knowledge for /app/data/T0015/327978/b5857iz/shopizer-327978/sm-shop/src/main/java/com/salesmanager/web/admin/controller/ControllerConstants.java
2026-03-03 17:12:06,020 - Knowledge - INFO - Worker kw3 processing /app/data/T0015/327978/b5857iz/shopizer-327978/sm-shop/src/main/webapp/resources/css/font-awesome/scss/_core.scss
2026-03-03 17:12:06,123 - Knowledge - INFO - process ingested knowledge for /app/data/T0015/327978/b5857iz/shopizer-327978/sm-shop/src/main/java/com/salesmanager/web/admin/controller/products/OptionsValueController.java
2026-03-03 17:12:06,152 - Knowledge - INFO - [kw16] Queue=409, InProgress=0, PendingWorkers=20/20, Completed=706/1167 (60.5%)
2026-03-03 17:12:06,222 - Knowledge - INFO - [LLM_CALL] Completed: CustomerOptionsSetController.java:chunk1, Duration: 108422ms, PromptTokens: 6150, CompletionTokens: 794, Cost: $0.00093
2026-03-03 17:12:06,292 - Knowledge - INFO - process ingested knowledge for /app/data/T0015/327978/b5857iz/shopizer-327978/sm-shop/src/main/java/com/salesmanager/web/entity/ShopEntity.java
2026-03-03 17:12:06,472 - Knowledge - INFO - process ingested knowledge for /app/data/T0015/327978/b5857iz/shopizer-327978/sm-shop/src/main/java/com/salesmanager/web/admin/controller/user/SecurityController.java
2026-03-03 17:12:06,685 - Knowledge - INFO - process ingested knowledge for /app/data/T0015/327978/b5857iz/shopizer-327978/sm-shop/src/main/java/com/salesmanager/web/populator/order/OrderProductPopulator.java
2026-03-03 17:12:06,761 - Knowledge - INFO - process ingested knowledge for /app/data/T0015/327978/b5857iz/shopizer-327978/sm-shop/src/main/java/com/salesmanager/web/populator/catalog/PersistableProductOptionValuePopulator.java
2026-03-03 17:12:06,947 - Knowledge - INFO - Batch sizing: calculated=6, max_allowed=10, queue=409, active_workers=20/20
2026-03-03 17:12:07,092 - Knowledge - INFO - Batch sizing: calculated=6, max_allowed=10, queue=409, active_workers=20/20
2026-03-03 17:12:07,151 - Knowledge - INFO - Batch sizing: calculated=6, max_allowed=10, queue=409, active_workers=20/20
2026-03-03 17:12:07,246 - Knowledge - INFO - Fast-tracked /app/data/T0015/327978/b5857iz/shopizer-327978/sm-shop/src/main/java/com/salesmanager/web/tags/ManufacturerImageUrlTag.java (small file (3013 bytes))
2026-03-03 17:12:07,329 - Knowledge - INFO - Fast-tracked /app/data/T0015/327978/b5857iz/shopizer-327978/sm-shop/src/main/webapp/WEB-INF/spring/appServlet/shopizer-properties.xml (ext=.xml, size=3070)
2026-03-03 17:12:07,413 - Knowledge - INFO - Fast-tracked /app/data/T0015/327978/b5857iz/shopizer-327978/sm-shop/src/main/webapp/resources/css/bootstrap/css/datepicker.css (ext=.css, size=2554)
2026-03-03 17:12:07,518 - Knowledge - INFO - process ingested knowledge for /app/data/T0015/327978/b5857iz/shopizer-327978/sm-shop/src/main/java/com/salesmanager/web/admin/controller/shipping/ShippingPackagingController.java
2026-03-03 17:12:07,612 - Knowledge - INFO - process ingested knowledge for /app/data/T0015/327978/b5857iz/shopizer-327978/sm-shop/src/main/java/com/salesmanager/web/admin/controller/payments/PaymentsController.java
2026-03-03 17:12:07,718 - Knowledge - INFO - Fast-tracked /app/data/T0015/327978/b5857iz/shopizer-327978/sm-shop/src/main/webapp/resources/css/font-awesome/scss/_core.scss (ext=.scss, size=2157)
2026-03-03 17:12:07,875 - Knowledge - INFO - Batch sizing: calculated=6, max_allowed=10, queue=409, active_workers=20/20
2026-03-03 17:12:07,951 - Knowledge - INFO - done ingest for /app/data/T0015/327978/b5857iz/shopizer-327978/sm-shop/src/main/java/com/salesmanager/web/admin/controller/customers/CustomerOptionsSetController.java
2026-03-03 17:12:07,951 - Knowledge - INFO - Async storing batch of 6 embeddings
2026-03-03 17:12:07,951 - Knowledge - INFO - Processing batch of 6 files
2026-03-03 17:12:07,952 - Knowledge - INFO - Processing batch of 8 files
2026-03-03 17:12:08,035 - Knowledge - INFO - process ingested knowledge for /app/data/T0015/327978/b5857iz/shopizer-327978/sm-shop/src/main/java/com/salesmanager/web/files/FilesController.java
2026-03-03 17:12:08,303 - Knowledge - INFO - process ingested knowledge for /app/data/T0015/327978/b5857iz/shopizer-327978/sm-shop/src/main/java/com/salesmanager/web/populator/order/ReadableOrderProductDownloadPopulator.java
2026-03-03 17:12:08,304 - Knowledge - INFO - process ingested knowledge for /app/data/T0015/327978/b5857iz/shopizer-327978/sm-shop/src/main/java/com/salesmanager/web/populator/catalog/PersistableProductReviewPopulator.java
2026-03-03 17:12:08,435 - Knowledge - INFO - Async storing batch of 8 embeddings
2026-03-03 17:12:08,581 - Knowledge - INFO - Async storing batch of 6 embeddings
2026-03-03 17:12:08,653 - Knowledge - INFO - Async storage completed for 8 embeddings
2026-03-03 17:12:08,696 - Knowledge - INFO - Async storing batch of 8 embeddings
2026-03-03 17:12:08,741 - Knowledge - INFO - Async storage completed for 6 embeddings
2026-03-03 17:12:08,824 - Knowledge - INFO - Async storage completed for 8 embeddings
2026-03-03 17:12:09,087 - Knowledge - INFO - process ingested knowledge for /app/data/T0015/327978/b5857iz/shopizer-327978/sm-shop/src/main/java/com/salesmanager/web/admin/controller/customers/CustomerOptionsController.java
2026-03-03 17:12:09,170 - Knowledge - INFO - Worker kw3 processing /app/data/T0015/327978/b5857iz/shopizer-327978/sm-shop/src/main/webapp/resources/css/font-awesome/scss/_path.scss
2026-03-03 17:12:09,268 - Knowledge - INFO - [LLM_CALL] Completed: ShopProductRelationshipTag.java:chunk1, Duration: 18997ms, PromptTokens: 2820, CompletionTokens: 631, Cost: $0.00053
2026-03-03 17:12:09,496 - Knowledge - INFO - Worker kw18 processing /app/data/T0015/327978/b5857iz/shopizer-327978/sm-shop/src/main/webapp/resources/css/font-awesome/scss/_mixins.scss
2026-03-03 17:12:09,613 - Knowledge - INFO - process ingested knowledge for /app/data/T0015/327978/b5857iz/shopizer-327978/sm-shop/src/main/java/com/salesmanager/web/reference/ReferenceController.java
2026-03-03 17:12:09,738 - Knowledge - INFO - process ingested knowledge for /app/data/T0015/327978/b5857iz/shopizer-327978/sm-shop/src/main/java/com/salesmanager/web/admin/controller/user/PermissionController.java
2026-03-03 17:12:10,214 - Knowledge - INFO - process ingested knowledge for /app/data/T0015/327978/b5857iz/shopizer-327978/sm-shop/src/main/java/com/salesmanager/web/populator/order/ShoppingCartItemPopulator.java
2026-03-03 17:12:10,215 - Knowledge - INFO - process ingested knowledge for /app/data/T0015/327978/b5857iz/shopizer-327978/sm-shop/src/main/java/com/salesmanager/web/populator/catalog/ReadableProductPopulator.java
2026-03-03 17:12:10,233 - Knowledge - WARNING - Timeout processing /app/data/T0015/327978/b5857iz/shopizer-327978/sm-shop/src/main/java/com/salesmanager/web/admin/controller/customers/CustomerOptionsValueController.java after 90s - using fallback metadata
2026-03-03 17:12:10,310 - Knowledge - INFO - Worker kw14 processing /app/data/T0015/327978/b5857iz/shopizer-327978/sm-shop/src/main/webapp/resources/css/font-awesome/css/font-awesome-ie7.css
2026-03-03 17:12:10,410 - Knowledge - INFO - Worker kw12 processing /app/data/T0015/327978/b5857iz/shopizer-327978/sm-shop/src/main/webapp/resources/css/font-awesome/less/variables.less
2026-03-03 17:12:10,588 - Knowledge - INFO - Worker kw19 processing /app/data/T0015/327978/b5857iz/shopizer-327978/sm-shop/src/main/webapp/resources/js/jquery.maskedinput.min.js
2026-03-03 17:12:10,979 - Knowledge - INFO - Fast-tracked /app/data/T0015/327978/b5857iz/shopizer-327978/sm-shop/src/main/webapp/resources/css/font-awesome/scss/_path.scss (ext=.scss, size=753)
2026-03-03 17:12:11,078 - Knowledge - INFO - done ingest for /app/data/T0015/327978/b5857iz/shopizer-327978/sm-shop/src/main/java/com/salesmanager/web/tags/ShopProductRelationshipTag.java
2026-03-03 17:12:11,079 - Knowledge - INFO - Async storing batch of 6 embeddings
2026-03-03 17:12:11,081 - Knowledge - INFO - Processing batch of 6 files
2026-03-03 17:12:11,083 - Knowledge - INFO - Processing batch of 6 files
2026-03-03 17:12:11,083 - Knowledge - INFO - Processing batch of 6 files
2026-03-03 17:12:11,193 - Knowledge - INFO - [WEBSOCKET] Sent: Type=progress_update, Size: 293, Duration: 0ms
2026-03-03 17:12:11,200 - Knowledge - INFO - Fast-tracked /app/data/T0015/327978/b5857iz/shopizer-327978/sm-shop/src/main/webapp/resources/css/font-awesome/scss/_mixins.scss (ext=.scss, size=1078)
2026-03-03 17:12:11,267 - Knowledge - INFO - [kw9] Queue=379, InProgress=0, PendingWorkers=20/20, Completed=738/1167 (63.2%)
2026-03-03 17:12:11,417 - Knowledge - INFO - process ingested knowledge for /app/data/T0015/327978/b5857iz/shopizer-327978/sm-shop/src/main/java/com/salesmanager/web/tags/ProductDescriptionUrlTag.java
2026-03-03 17:12:11,490 - Knowledge - INFO - process ingested knowledge for /app/data/T0015/327978/b5857iz/shopizer-327978/sm-shop/src/main/java/com/salesmanager/web/admin/controller/user/LoginController.java
2026-03-03 17:12:11,491 - Knowledge - INFO - process ingested knowledge for /app/data/T0015/327978/b5857iz/shopizer-327978/sm-shop/src/main/java/com/salesmanager/web/populator/shoppingCart/ShoppingCartDataPopulator.java
2026-03-03 17:12:11,673 - Knowledge - WARNING - Timeout processing /app/data/T0015/327978/b5857iz/shopizer-327978/sm-shop/src/main/java/com/salesmanager/web/admin/controller/tax/TaxRatesController.java after 90s - using fallback metadata
2026-03-03 17:12:11,682 - Knowledge - INFO - process ingested knowledge for /app/data/T0015/327978/b5857iz/shopizer-327978/sm-shop/src/main/java/com/salesmanager/web/images/ImagesController.java
2026-03-03 17:12:11,781 - Knowledge - INFO - Fast-tracked /app/data/T0015/327978/b5857iz/shopizer-327978/sm-shop/src/main/webapp/resources/css/font-awesome/css/font-awesome-ie7.css (ext=.css, size=41311)
2026-03-03 17:12:11,864 - Knowledge - INFO - Fast-tracked /app/data/T0015/327978/b5857iz/shopizer-327978/sm-shop/src/main/webapp/resources/css/font-awesome/less/variables.less (ext=.less, size=8888)
2026-03-03 17:12:11,942 - Knowledge - INFO - Fast-tracked /app/data/T0015/327978/b5857iz/shopizer-327978/sm-shop/src/main/webapp/resources/js/jquery.maskedinput.min.js (ext=.js, size=3568)
2026-03-03 17:12:12,045 - Knowledge - INFO - Worker kw3 processing /app/data/T0015/327978/b5857iz/shopizer-327978/sm-shop/src/main/webapp/resources/css/font-awesome/scss/font-awesome-ie7.scss
2026-03-03 17:12:12,262 - Knowledge - INFO - Worker kw16 processing /app/data/T0015/327978/b5857iz/shopizer-327978/sm-shop/src/main/webapp/resources/js/product.js
2026-03-03 17:12:12,389 - Knowledge - INFO - process ingested knowledge for /app/data/T0015/327978/b5857iz/shopizer-327978/sm-shop/src/main/java/com/salesmanager/web/tags/StoreBreadcrumbsTag.java
2026-03-03 17:12:12,466 - Knowledge - INFO - process ingested knowledge for /app/data/T0015/327978/b5857iz/shopizer-327978/sm-shop/src/main/webapp/WEB-INF/tiles/tiles-shop.xml
2026-03-03 17:12:12,546 - Knowledge - INFO - process ingested knowledge for /app/data/T0015/327978/b5857iz/shopizer-327978/sm-shop/src/main/webapp/WEB-INF/spring/root-context.xml
2026-03-03 17:12:12,630 - Knowledge - INFO - [LLM_CALL] Completed: ShopProductImageUrlTag.java:chunk1, Duration: 20479ms, PromptTokens: 2276, CompletionTokens: 553, Cost: $0.00045
2026-03-03 17:12:12,711 - Knowledge - INFO - Worker kw18 processing /app/data/T0015/327978/b5857iz/shopizer-327978/sm-shop/src/main/webapp/resources/css/font-awesome/scss/_icons.scss
2026-03-03 17:12:12,812 - Knowledge - INFO - Batch sizing: calculated=6, max_allowed=10, queue=379, active_workers=20/20
2026-03-03 17:12:12,884 - Knowledge - INFO - process ingested knowledge for /app/data/T0015/327978/b5857iz/shopizer-327978/sm-shop/src/main/java/com/salesmanager/web/tags/PageContentTag.java
2026-03-03 17:12:12,976 - Knowledge - INFO - process ingested knowledge for /app/data/T0015/327978/b5857iz/shopizer-327978/sm-shop/src/main/java/com/salesmanager/web/admin/controller/user/UserController.java
2026-03-03 17:12:13,101 - Knowledge - INFO - process ingested knowledge for /app/data/T0015/327978/b5857iz/shopizer-327978/sm-shop/src/main/java/com/salesmanager/web/populator/shoppingCart/ShoppingCartModelPopulator.java
2026-03-03 17:12:13,188 - Knowledge - WARNING - Timeout processing /app/data/T0015/327978/b5857iz/shopizer-327978/sm-shop/src/main/java/com/salesmanager/web/admin/controller/tax/TaxClassController.java after 90s - using fallback metadata
2026-03-03 17:12:13,280 - Knowledge - INFO - process ingested knowledge for /app/data/T0015/327978/b5857iz/shopizer-327978/sm-shop/src/main/java/com/salesmanager/web/filter/StoreFilter.java
2026-03-03 17:12:13,374 - Knowledge - INFO - Worker kw14 processing /app/data/T0015/327978/b5857iz/shopizer-327978/sm-shop/src/main/webapp/resources/css/font-awesome/css/font-awesome.min.css
2026-03-03 17:12:13,459 - Knowledge - INFO - Worker kw12 processing /app/data/T0015/327978/b5857iz/shopizer-327978/sm-shop/src/main/webapp/resources/css/font-awesome/less/core.less
2026-03-03 17:12:13,555 - Knowledge - INFO - Worker kw19 processing /app/data/T0015/327978/b5857iz/shopizer-327978/sm-shop/src/main/webapp/resources/js/jquery.easing.1.3.js
2026-03-03 17:12:13,674 - Knowledge - INFO - Fast-tracked /app/data/T0015/327978/b5857iz/shopizer-327978/sm-shop/src/main/webapp/resources/css/font-awesome/scss/font-awesome-ie7.scss (ext=.scss, size=22328)
2026-03-03 17:12:13,764 - Knowledge - INFO - Worker kw16 processing /app/data/T0015/327978/b5857iz/shopizer-327978/sm-shop/src/main/webapp/resources/js/jquery.quicksand.js
2026-03-03 17:12:13,854 - Knowledge - INFO - process ingested knowledge for /app/data/T0015/327978/b5857iz/shopizer-327978/sm-shop/src/main/java/com/salesmanager/web/tags/ManufacturerImageUrlTag.java
2026-03-03 17:12:13,940 - Knowledge - INFO - process ingested knowledge for /app/data/T0015/327978/b5857iz/shopizer-327978/sm-shop/src/main/webapp/WEB-INF/web.xml
2026-03-03 17:12:14,051 - Knowledge - INFO - process ingested knowledge for /app/data/T0015/327978/b5857iz/shopizer-327978/sm-shop/src/main/webapp/resources/messages/messages.css
2026-03-03 17:12:14,168 - Knowledge - INFO - done ingest for /app/data/T0015/327978/b5857iz/shopizer-327978/sm-shop/src/main/java/com/salesmanager/web/tags/ShopProductImageUrlTag.java
2026-03-03 17:12:14,169 - Knowledge - INFO - [kw6] Queue=379, InProgress=0, PendingWorkers=20/20, Completed=738/1167 (63.2%)
2026-03-03 17:12:14,169 - Knowledge - INFO - [WEBSOCKET] Sent: Type=unknown, Size: ?, Duration: 2976ms
2026-03-03 17:12:14,255 - Knowledge - INFO - Fast-tracked /app/data/T0015/327978/b5857iz/shopizer-327978/sm-shop/src/main/webapp/resources/css/font-awesome/scss/_icons.scss (ext=.scss, size=17555)
2026-03-03 17:12:14,447 - Knowledge - INFO - process ingested knowledge for /app/data/T0015/327978/b5857iz/shopizer-327978/sm-shop/src/main/java/com/salesmanager/web/tags/StoreFooterlTag.java
2026-03-03 17:12:14,545 - Knowledge - INFO - process ingested knowledge for /app/data/T0015/327978/b5857iz/shopizer-327978/sm-shop/src/main/java/com/salesmanager/web/admin/controller/orders/OrderControler.java
2026-03-03 17:12:14,649 - Knowledge - INFO - process ingested knowledge for /app/data/T0015/327978/b5857iz/shopizer-327978/sm-shop/src/main/java/com/salesmanager/web/populator/customer/CustomerPopulator.java
2026-03-03 17:12:14,741 - Knowledge - WARNING - Timeout processing /app/data/T0015/327978/b5857iz/shopizer-327978/sm-shop/src/main/java/com/salesmanager/web/admin/controller/content/ContentBoxesController.java after 90s - using fallback metadata
2026-03-03 17:12:14,820 - Knowledge - INFO - process ingested knowledge for /app/data/T0015/327978/b5857iz/shopizer-327978/sm-shop/src/main/java/com/salesmanager/web/filter/AdminFilter.java
2026-03-03 17:12:14,905 - Knowledge - INFO - Fast-tracked /app/data/T0015/327978/b5857iz/shopizer-327978/sm-shop/src/main/webapp/resources/css/font-awesome/css/font-awesome.min.css (ext=.css, size=22084)
2026-03-03 17:12:14,979 - Knowledge - INFO - Fast-tracked /app/data/T0015/327978/b5857iz/shopizer-327978/sm-shop/src/main/webapp/resources/css/font-awesome/less/core.less (ext=.less, size=2101)
2026-03-03 17:12:15,051 - Knowledge - INFO - Worker kw19 processing /app/data/T0015/327978/b5857iz/shopizer-327978/sm-shop/src/main/webapp/resources/js/hogan.js
2026-03-03 17:12:15,128 - Knowledge - INFO - Async storage completed for 8 embeddings
2026-03-03 17:12:15,215 - Knowledge - INFO - Worker kw16 processing /app/data/T0015/327978/b5857iz/shopizer-327978/sm-shop/src/main/webapp/resources/js/jquery-cookie.js
2026-03-03 17:12:15,313 - Knowledge - INFO - process ingested knowledge for /app/data/T0015/327978/b5857iz/shopizer-327978/sm-shop/src/main/resources/admin/menu.json
2026-03-03 17:12:15,435 - Knowledge - INFO - process ingested knowledge for /app/data/T0015/327978/b5857iz/shopizer-327978/sm-shop/src/main/webapp/WEB-INF/spring/appServlet/shopizer-security.xml
2026-03-03 17:12:15,523 - Knowledge - INFO - process ingested knowledge for /app/data/T0015/327978/b5857iz/shopizer-327978/sm-shop/src/main/webapp/resources/css/showLoading.css
2026-03-03 17:12:15,694 - Knowledge - INFO - Batch sizing: calculated=6, max_allowed=10, queue=379, active_workers=20/20
2026-03-03 17:12:15,780 - Knowledge - INFO - Progress: 63.2% | Files: 744/1167 | Rate: 1.64 files/sec | Queue: 373
2026-03-03 17:12:15,780 - Knowledge - INFO - [kw10] Queue=373, InProgress=0, PendingWorkers=20/20, Completed=744/1167 (63.8%)
2026-03-03 17:12:15,780 - Knowledge - INFO - [kw2] Queue=373, InProgress=0, PendingWorkers=20/20, Completed=744/1167 (63.8%)
2026-03-03 17:12:15,781 - Knowledge - INFO - Async storing batch of 8 embeddings
2026-03-03 17:12:15,781 - Knowledge - INFO - Processing batch of 6 files
2026-03-03 17:12:15,899 - Knowledge - INFO - Worker kw18 processing /app/data/T0015/327978/b5857iz/shopizer-327978/sm-shop/src/main/webapp/resources/css/font-awesome/scss/_bootstrap.scss
2026-03-03 17:12:15,996 - Knowledge - INFO - process ingested knowledge for /app/data/T0015/327978/b5857iz/shopizer-327978/sm-shop/src/main/java/com/salesmanager/web/tags/OrderProductDownloadUrlTag.java
2026-03-03 17:12:16,076 - Knowledge - INFO - process ingested knowledge for /app/data/T0015/327978/b5857iz/shopizer-327978/sm-shop/src/main/java/com/salesmanager/web/admin/controller/orders/OrderActionsControler.java
2026-03-03 17:12:16,206 - Knowledge - INFO - process ingested knowledge for /app/data/T0015/327978/b5857iz/shopizer-327978/sm-shop/src/main/java/com/salesmanager/web/populator/customer/ReadableCustomerPopulator.java
2026-03-03 17:12:16,307 - Knowledge - INFO - Processing batch of 8 files
2026-03-03 17:12:16,418 - Knowledge - INFO - process ingested knowledge for /app/data/T0015/327978/b5857iz/shopizer-327978/sm-shop/src/main/java/com/salesmanager/web/utils/UserUtils.java
2026-03-03 17:12:16,534 - Knowledge - INFO - Worker kw14 processing /app/data/T0015/327978/b5857iz/shopizer-327978/sm-shop/src/main/webapp/resources/css/font-awesome/less/font-awesome-ie7.less
2026-03-03 17:12:16,621 - Knowledge - INFO - Worker kw12 processing /app/data/T0015/327978/b5857iz/shopizer-327978/sm-shop/src/main/webapp/resources/css/font-awesome/less/icons.less
2026-03-03 17:12:16,744 - Knowledge - INFO - Worker kw19 processing /app/data/T0015/327978/b5857iz/shopizer-327978/sm-shop/src/main/webapp/resources/js/jquery.creditCardValidator.js
2026-03-03 17:12:16,821 - Knowledge - INFO - Processing batch of 6 files
2026-03-03 17:12:16,915 - Knowledge - INFO - Worker kw16 processing /app/data/T0015/327978/b5857iz/shopizer-327978/sm-shop/src/main/webapp/resources/js/typeahead.min.js
2026-03-03 17:12:17,000 - Knowledge - INFO - process ingested knowledge for /app/data/T0015/327978/b5857iz/shopizer-327978/sm-shop/src/main/resources/log4j.xml
2026-03-03 17:12:17,119 - Knowledge - INFO - process ingested knowledge for /app/data/T0015/327978/b5857iz/shopizer-327978/sm-shop/src/main/webapp/WEB-INF/spring/appServlet/servlet-context.xml
2026-03-03 17:12:17,206 - Knowledge - INFO - process ingested knowledge for /app/data/T0015/327978/b5857iz/shopizer-327978/sm-shop/src/main/webapp/resources/css/bootstrap/css/sm-bootstrap.css
2026-03-03 17:12:17,324 - Knowledge - INFO - Async storing batch of 6 embeddings
2026-03-03 17:12:17,407 - Knowledge - INFO - [kw17] Queue=367, InProgress=0, PendingWorkers=20/20, Completed=758/1167 (65.0%)
2026-03-03 17:12:17,497 - Knowledge - INFO - Batch sizing: calculated=6, max_allowed=10, queue=373, active_workers=20/20
2026-03-03 17:12:17,582 - Knowledge - INFO - Batch sizing: calculated=6, max_allowed=10, queue=373, active_workers=20/20
2026-03-03 17:12:17,689 - Knowledge - INFO - Worker kw9 processing /app/data/T0015/327978/b5857iz/shopizer-327978/sm-shop/src/main/webapp/resources/js/jquery.elevateZoom-3.0.8.min.js
2026-03-03 17:12:17,780 - Knowledge - INFO - process ingested knowledge for /app/data/T0015/327978/b5857iz/shopizer-327978/sm-shop/src/main/java/com/salesmanager/web/tags/ShopProductRelationshipTag.java
2026-03-03 17:12:17,857 - Knowledge - INFO - Fast-tracked /app/data/T0015/327978/b5857iz/shopizer-327978/sm-shop/src/main/webapp/resources/css/font-awesome/scss/_bootstrap.scss (ext=.scss, size=2088)
2026-03-03 17:12:17,946 - Knowledge - INFO - process ingested knowledge for /app/data/T0015/327978/b5857iz/shopizer-327978/sm-shop/src/main/java/com/salesmanager/web/tags/AdminProductDownloadUrlTag.java
2026-03-03 17:12:18,024 - Knowledge - INFO - process ingested knowledge for /app/data/T0015/327978/b5857iz/shopizer-327978/sm-shop/src/main/java/com/salesmanager/web/admin/controller/orders/OrdersController.java
2026-03-03 17:12:18,125 - Knowledge - INFO - process ingested knowledge for /app/data/T0015/327978/b5857iz/shopizer-327978/sm-shop/src/main/java/com/salesmanager/web/populator/customer/PersistableCustomerOptionValuePopulator.java
2026-03-03 17:12:18,206 - Knowledge - INFO - process ingested knowledge for /app/data/T0015/327978/b5857iz/shopizer-327978/sm-shop/src/main/java/com/salesmanager/web/admin/controller/customers/CustomerController.java
2026-03-03 17:12:18,319 - Knowledge - INFO - process ingested knowledge for /app/data/T0015/327978/b5857iz/shopizer-327978/sm-shop/src/main/java/com/salesmanager/web/utils/EmailTemplatesUtils.java
2026-03-03 17:12:18,429 - Knowledge - INFO - Fast-tracked /app/data/T0015/327978/b5857iz/shopizer-327978/sm-shop/src/main/webapp/resources/css/font-awesome/less/font-awesome-ie7.less (ext=.less, size=19299)
2026-03-03 17:12:18,560 - Knowledge - INFO - Fast-tracked /app/data/T0015/327978/b5857iz/shopizer-327978/sm-shop/src/main/webapp/resources/css/font-awesome/less/icons.less (ext=.less, size=17555)
2026-03-03 17:12:18,646 - Knowledge - INFO - Worker kw19 processing /app/data/T0015/327978/b5857iz/shopizer-327978/sm-shop/src/main/webapp/resources/js/login.js
2026-03-03 17:12:18,751 - Knowledge - INFO - process ingested knowledge for /app/data/T0015/327978/b5857iz/shopizer-327978/sm-shop/src/main/webapp/resources/css/shopizer-admin.css
2026-03-03 17:12:18,864 - Knowledge - INFO - Fast-tracked /app/data/T0015/327978/b5857iz/shopizer-327978/sm-shop/src/main/webapp/resources/js/typeahead.min.js (ext=.js, size=21804)
2026-03-03 17:12:18,942 - Knowledge - INFO - process ingested knowledge for /app/data/T0015/327978/b5857iz/shopizer-327978/sm-shop/src/main/webapp/WEB-INF/classes/log4j.xml
2026-03-03 17:12:19,027 - Knowledge - INFO - process ingested knowledge for /app/data/T0015/327978/b5857iz/shopizer-327978/sm-shop/src/main/webapp/WEB-INF/spring/appServlet/controllers.xml
2026-03-03 17:12:19,127 - Knowledge - INFO - process ingested knowledge for /app/data/T0015/327978/b5857iz/shopizer-327978/sm-shop/src/main/webapp/resources/css/bootstrap/css/sm-bootstrap-responsive.css
2026-03-03 17:12:19,242 - Knowledge - INFO - Worker kw6 processing /app/data/T0015/327978/b5857iz/shopizer-327978/sm-shop/src/main/webapp/resources/js/bootstrap/bootstrap-datepicker.js
2026-03-03 17:12:19,326 - Knowledge - INFO - Batch sizing: calculated=6, max_allowed=10, queue=367, active_workers=20/20
2026-03-03 17:12:19,459 - Knowledge - INFO - Async storing batch of 8 embeddings
2026-03-03 17:12:19,571 - Knowledge - INFO - Async storing batch of 8 embeddings
2026-03-03 17:12:19,648 - Knowledge - INFO - Fast-tracked /app/data/T0015/327978/b5857iz/shopizer-327978/sm-shop/src/main/webapp/resources/js/jquery.elevateZoom-3.0.8.min.js (ext=.js, size=32922)
2026-03-03 17:12:19,737 - Knowledge - INFO - process ingested knowledge for /app/data/T0015/327978/b5857iz/shopizer-327978/sm-shop/src/main/java/com/salesmanager/web/tags/ShopProductImageUrlTag.java
2026-03-03 17:12:19,846 - Knowledge - INFO - Worker kw18 processing /app/data/T0015/327978/b5857iz/shopizer-327978/sm-shop/src/main/webapp/resources/css/font-awesome/scss/font-awesome.scss
2026-03-03 17:12:20,108 - Knowledge - INFO - process ingested knowledge for /app/data/T0015/327978/b5857iz/shopizer-327978/sm-shop/src/main/java/com/salesmanager/web/admin/entity/merchant/StoreLanding.java
2026-03-03 17:12:20,270 - Knowledge - INFO - process ingested knowledge for /app/data/T0015/327978/b5857iz/shopizer-327978/sm-shop/src/main/java/com/salesmanager/web/admin/controller/customers/CustomerOptionsSetController.java
2026-03-03 17:12:20,421 - Knowledge - INFO - Worker kw14 processing /app/data/T0015/327978/b5857iz/shopizer-327978/sm-shop/src/main/webapp/resources/css/font-awesome/less/extras.less
2026-03-03 17:12:20,517 - Knowledge - INFO - Worker kw12 processing /app/data/T0015/327978/b5857iz/shopizer-327978/sm-shop/src/main/webapp/resources/css/font-awesome/less/mixins.less
2026-03-03 17:12:20,639 - Knowledge - INFO - Worker kw19 processing /app/data/T0015/327978/b5857iz/shopizer-327978/sm-shop/src/main/webapp/resources/js/shop-customer.js
2026-03-03 17:12:20,810 - Knowledge - INFO - Worker kw16 processing /app/data/T0015/327978/b5857iz/shopizer-327978/sm-shop/src/main/webapp/resources/js/jquery.printElement.min.js
2026-03-03 17:12:20,830 - Knowledge - INFO - process ingested knowledge for /app/data/T0015/327978/b5857iz/shopizer-327978/sm-shop/src/main/webapp/resources/css/font-awesome/scss/_extras.scss
2026-03-03 17:12:21,099 - Knowledge - INFO - process ingested knowledge for /app/data/T0015/327978/b5857iz/shopizer-327978/sm-shop/src/main/webapp/WEB-INF/tiles/tiles-admin.xml
2026-03-03 17:12:21,182 - Knowledge - INFO - process ingested knowledge for /app/data/T0015/327978/b5857iz/shopizer-327978/sm-shop/src/main/webapp/WEB-INF/spring/appServlet/shopizer-properties.xml
2026-03-03 17:12:21,182 - Knowledge - INFO - [kw11] Queue=355, InProgress=0, PendingWorkers=20/20, Completed=758/1167 (65.0%)
2026-03-03 17:12:21,182 - Knowledge - INFO - Worker kw6 processing /app/data/T0015/327978/b5857iz/shopizer-327978/sm-shop/src/main/webapp/resources/js/bootstrap/bootstrap-button.js
2026-03-03 17:12:21,361 - Knowledge - INFO - Worker kw10 processing /app/data/T0015/327978/b5857iz/shopizer-327978/sm-shop/src/main/webapp/resources/js/bootstrap/bootstrap-scrollspy.js
2026-03-03 17:12:21,374 - Knowledge - INFO - process ingested knowledge for /app/data/T0015/327978/b5857iz/shopizer-327978/sm-shop/src/main/webapp/resources/css/bootstrap/css/datepicker.css
2026-03-03 17:12:21,374 - Knowledge - INFO - Async storing batch of 8 embeddings
2026-03-03 17:12:21,488 - Knowledge - INFO - Worker kw2 processing /app/data/T0015/327978/b5857iz/shopizer-327978/sm-shop/src/main/webapp/resources/js/bootstrap/bootstrap-typeahead.js
2026-03-03 17:12:21,573 - Knowledge - INFO - Worker kw9 processing /app/data/T0015/327978/b5857iz/shopizer-327978/sm-shop/src/main/webapp/resources/js/jquery.showLoading.min.js
2026-03-03 17:12:21,642 - Knowledge - INFO - [kw15] Queue=349, InProgress=0, PendingWorkers=20/20, Completed=758/1167 (65.0%)
2026-03-03 17:12:21,656 - Knowledge - INFO - process ingested knowledge for /app/data/T0015/327978/b5857iz/shopizer-327978/sm-shop/src/main/java/com/salesmanager/web/tags/ContentImageUrlTag.java
2026-03-03 17:12:21,747 - Knowledge - INFO - Fast-tracked /app/data/T0015/327978/b5857iz/shopizer-327978/sm-shop/src/main/webapp/resources/css/font-awesome/scss/font-awesome.scss (ext=.scss, size=1284)
2026-03-03 17:12:21,920 - Knowledge - INFO - process ingested knowledge for /app/data/T0015/327978/b5857iz/shopizer-327978/sm-shop/src/main/java/com/salesmanager/web/admin/entity/merchant/StoreLandingDescription.java
2026-03-03 17:12:21,946 - Knowledge - INFO - process ingested knowledge for /app/data/T0015/327978/b5857iz/shopizer-327978/sm-shop/src/main/java/com/salesmanager/web/admin/controller/customers/CustomerOptionsValueController.java
2026-03-03 17:12:21,950 - Knowledge - INFO - [kw4] Queue=349, InProgress=0, PendingWorkers=20/20, Completed=758/1167 (65.0%)
2026-03-03 17:12:22,029 - Knowledge - INFO - Fast-tracked /app/data/T0015/327978/b5857iz/shopizer-327978/sm-shop/src/main/webapp/resources/css/font-awesome/less/extras.less (ext=.less, size=2398)
2026-03-03 17:12:22,107 - Knowledge - INFO - Fast-tracked /app/data/T0015/327978/b5857iz/shopizer-327978/sm-shop/src/main/webapp/resources/css/font-awesome/less/mixins.less (ext=.less, size=1041)
2026-03-03 17:12:22,299 - Knowledge - INFO - Fast-tracked /app/data/T0015/327978/b5857iz/shopizer-327978/sm-shop/src/main/webapp/resources/js/jquery.printElement.min.js (ext=.js, size=4053)
2026-03-03 17:12:22,416 - Knowledge - INFO - process ingested knowledge for /app/data/T0015/327978/b5857iz/shopizer-327978/sm-shop/src/main/webapp/resources/css/font-awesome/scss/_variables.scss
2026-03-03 17:12:22,720 - Knowledge - INFO - Batch sizing: calculated=6, max_allowed=10, queue=355, active_workers=20/20
2026-03-03 17:12:22,799 - Knowledge - INFO - Worker kw6 processing /app/data/T0015/327978/b5857iz/shopizer-327978/sm-shop/src/main/webapp/resources/js/bootstrap/bootstrap-alert.js
2026-03-03 17:12:22,900 - Knowledge - INFO - Worker kw10 processing /app/data/T0015/327978/b5857iz/shopizer-327978/sm-shop/src/main/webapp/resources/js/bootstrap/bootstrap-collapse.js
2026-03-03 17:12:23,078 - Knowledge - INFO - Worker kw17 processing /app/data/T0015/327978/b5857iz/shopizer-327978/sm-shop/src/main/webapp/resources/js/ckeditor/skins/v2/editor.css
2026-03-03 17:12:23,159 - Knowledge - INFO - Worker kw2 processing /app/data/T0015/327978/b5857iz/shopizer-327978/sm-shop/src/main/webapp/resources/js/bootstrap/jquery.js
2026-03-03 17:12:23,251 - Knowledge - INFO - Fast-tracked /app/data/T0015/327978/b5857iz/shopizer-327978/sm-shop/src/main/webapp/resources/js/jquery.showLoading.min.js (ext=.js, size=4813)
2026-03-03 17:12:23,332 - Knowledge - INFO - Batch sizing: calculated=6, max_allowed=10, queue=349, active_workers=20/20
2026-03-03 17:12:23,548 - Knowledge - INFO - Worker kw18 processing /app/data/T0015/327978/b5857iz/shopizer-327978/sm-shop/src/main/webapp/resources/css/font-awesome/css/font-awesome-ie7.min.css
2026-03-03 17:12:23,640 - Knowledge - INFO - process ingested knowledge for /app/data/T0015/327978/b5857iz/shopizer-327978/sm-shop/src/main/java/com/salesmanager/web/tags/StoreLogoUrlTag.java
2026-03-03 17:12:23,815 - Knowledge - INFO - Batch sizing: calculated=6, max_allowed=10, queue=349, active_workers=20/20
2026-03-03 17:12:23,906 - Knowledge - INFO - Worker kw14 processing /app/data/T0015/327978/b5857iz/shopizer-327978/sm-shop/src/main/webapp/resources/css/font-awesome/less/path.less
2026-03-03 17:12:23,985 - Knowledge - INFO - process ingested knowledge for /app/data/T0015/327978/b5857iz/shopizer-327978/sm-shop/src/main/java/com/salesmanager/web/admin/controller/tax/TaxRatesController.java
2026-03-03 17:12:24,009 - Knowledge - INFO - Worker kw12 processing /app/data/T0015/327978/b5857iz/shopizer-327978/sm-shop/src/main/webapp/resources/css/font-awesome/less/bootstrap.less
2026-03-03 17:12:24,094 - Knowledge - INFO - Worker kw16 processing /app/data/T0015/327978/b5857iz/shopizer-327978/sm-shop/src/main/webapp/resources/js/shopping-cart.js
2026-03-03 17:12:24,163 - Knowledge - INFO - [kw13] Queue=349, InProgress=0, PendingWorkers=20/20, Completed=758/1167 (65.0%)
2026-03-03 17:12:24,403 - Knowledge - INFO - Worker kw6 processing /app/data/T0015/327978/b5857iz/shopizer-327978/sm-shop/src/main/webapp/resources/js/bootstrap/bootstrap-popover.js
2026-03-03 17:12:24,404 - Knowledge - INFO - [kw20] Queue=349, InProgress=0, PendingWorkers=20/20, Completed=758/1167 (65.0%)
2026-03-03 17:12:24,406 - Knowledge - INFO - process ingested knowledge for /app/data/T0015/327978/b5857iz/shopizer-327978/sm-shop/src/main/webapp/resources/css/font-awesome/scss/_core.scss
2026-03-03 17:12:24,481 - Knowledge - INFO - Worker kw10 processing /app/data/T0015/327978/b5857iz/shopizer-327978/sm-shop/src/main/webapp/resources/js/bootstrap/bootstrap-tab.js
2026-03-03 17:12:24,576 - Knowledge - INFO - Async storing batch of 6 embeddings
2026-03-03 17:12:24,587 - Knowledge - INFO - Fast-tracked /app/data/T0015/327978/b5857iz/shopizer-327978/sm-shop/src/main/webapp/resources/js/ckeditor/skins/v2/editor.css (ext=.css, size=31368)
2026-03-03 17:12:24,679 - Knowledge - INFO - Fast-tracked /app/data/T0015/327978/b5857iz/shopizer-327978/sm-shop/src/main/webapp/resources/js/bootstrap/jquery.js (ext=.js, size=247823)
2026-03-03 17:12:24,689 - Knowledge - INFO - Fast-tracked /app/data/T0015/327978/b5857iz/shopizer-327978/sm-shop/src/main/webapp/resources/js/login.js (small file (2090 bytes))
2026-03-03 17:12:24,755 - Knowledge - INFO - Worker kw9 processing /app/data/T0015/327978/b5857iz/shopizer-327978/sm-shop/src/main/webapp/resources/js/jquery-1.10.2.min.js
2026-03-03 17:12:24,846 - Knowledge - INFO - [kw8] Queue=343, InProgress=0, PendingWorkers=20/20, Completed=758/1167 (65.0%)
2026-03-03 17:12:24,848 - Knowledge - INFO - Async storing batch of 8 embeddings
2026-03-03 17:12:24,980 - Knowledge - INFO - Fast-tracked /app/data/T0015/327978/b5857iz/shopizer-327978/sm-shop/src/main/webapp/resources/css/font-awesome/css/font-awesome-ie7.min.css (ext=.css, size=37782)
2026-03-03 17:12:25,080 - Knowledge - INFO - process ingested knowledge for /app/data/T0015/327978/b5857iz/shopizer-327978/sm-shop/src/main/java/com/salesmanager/web/tags/ProductImageUrlTag.java
2026-03-03 17:12:25,238 - Knowledge - INFO - Async storing batch of 8 embeddings
2026-03-03 17:12:25,244 - Knowledge - INFO - Fast-tracked /app/data/T0015/327978/b5857iz/shopizer-327978/sm-shop/src/main/webapp/resources/css/font-awesome/less/path.less (ext=.less, size=742)
2026-03-03 17:12:25,396 - Knowledge - INFO - Fast-tracked /app/data/T0015/327978/b5857iz/shopizer-327978/sm-shop/src/main/webapp/resources/css/font-awesome/less/bootstrap.less (ext=.less, size=2084)
2026-03-03 17:12:25,458 - Knowledge - INFO - process ingested knowledge for /app/data/T0015/327978/b5857iz/shopizer-327978/sm-shop/src/main/java/com/salesmanager/web/admin/controller/tax/TaxConfigurationController.java
2026-03-03 17:12:25,490 - Knowledge - INFO - Fast-tracked /app/data/T0015/327978/b5857iz/shopizer-327978/sm-shop/src/main/webapp/resources/js/product.js (small file (2007 bytes))
2026-03-03 17:12:25,571 - Knowledge - INFO - Batch sizing: calculated=6, max_allowed=10, queue=349, active_workers=20/20
2026-03-03 17:12:25,639 - Knowledge - INFO - [kw5] Queue=331, InProgress=0, PendingWorkers=20/20, Completed=758/1167 (65.0%)
2026-03-03 17:12:25,664 - Knowledge - INFO - Worker kw6 processing /app/data/T0015/327978/b5857iz/shopizer-327978/sm-shop/src/main/webapp/resources/js/bootstrap/bootstrap-tooltip.js
2026-03-03 17:12:25,756 - Knowledge - INFO - Batch sizing: calculated=6, max_allowed=10, queue=349, active_workers=20/20
2026-03-03 17:12:25,867 - Knowledge - INFO - process ingested knowledge for /app/data/T0015/327978/b5857iz/shopizer-327978/sm-shop/src/main/webapp/resources/css/font-awesome/scss/_path.scss
2026-03-03 17:12:25,980 - Knowledge - INFO - Worker kw10 processing /app/data/T0015/327978/b5857iz/shopizer-327978/sm-shop/src/main/webapp/resources/js/bootstrap/bootstrap-dropdown.js
2026-03-03 17:12:26,093 - Knowledge - INFO - Worker kw11 processing /app/data/T0015/327978/b5857iz/shopizer-327978/sm-shop/src/main/webapp/resources/js/ckeditor/skins/office2003/skin.js
2026-03-03 17:12:26,177 - Knowledge - INFO - Worker kw17 processing /app/data/T0015/327978/b5857iz/shopizer-327978/sm-shop/src/main/webapp/resources/js/ckeditor/skins/v2/dialog.css
2026-03-03 17:12:26,253 - Knowledge - INFO - Worker kw2 processing /app/data/T0015/327978/b5857iz/shopizer-327978/sm-shop/src/main/webapp/resources/js/address.js
2026-03-03 17:12:26,357 - Knowledge - INFO - Fast-tracked /app/data/T0015/327978/b5857iz/shopizer-327978/sm-shop/src/main/webapp/resources/js/shop-customer.js (small file (2444 bytes))
2026-03-03 17:12:26,470 - Knowledge - INFO - Fast-tracked /app/data/T0015/327978/b5857iz/shopizer-327978/sm-shop/src/main/webapp/resources/js/jquery-1.10.2.min.js (ext=.js, size=93107)
2026-03-03 17:12:26,583 - Knowledge - INFO - Batch sizing: calculated=6, max_allowed=10, queue=343, active_workers=20/20
2026-03-03 17:12:26,665 - Knowledge - INFO - Worker kw15 processing /app/data/T0015/327978/b5857iz/shopizer-327978/sm-shop/src/main/webapp/resources/js/ckeditor/lang/_translationstatus.txt
2026-03-03 17:12:26,747 - Knowledge - INFO - Worker kw18 processing /app/data/T0015/327978/b5857iz/shopizer-327978/sm-shop/src/main/webapp/resources/css/font-awesome/css/font-awesome.css
2026-03-03 17:12:26,839 - Knowledge - INFO - process ingested knowledge for /app/data/T0015/327978/b5857iz/shopizer-327978/sm-shop/src/main/java/com/salesmanager/web/tags/ShopProductPriceFormatTag.java
2026-03-03 17:12:26,921 - Knowledge - INFO - Worker kw4 processing /app/data/T0015/327978/b5857iz/shopizer-327978/sm-shop/src/main/webapp/resources/js/ckeditor/lang/no.js
2026-03-03 17:12:27,001 - Knowledge - INFO - Worker kw14 processing /app/data/T0015/327978/b5857iz/shopizer-327978/sm-shop/src/main/webapp/resources/css/font-awesome/less/font-awesome.less
2026-03-03 17:12:27,101 - Knowledge - INFO - Worker kw12 processing /app/data/T0015/327978/b5857iz/shopizer-327978/sm-shop/src/main/webapp/resources/css/sm.css
2026-03-03 17:12:27,170 - Knowledge - INFO - process ingested knowledge for /app/data/T0015/327978/b5857iz/shopizer-327978/sm-shop/src/main/java/com/salesmanager/web/admin/controller/tax/TaxClassController.java
2026-03-03 17:12:27,336 - Knowledge - INFO - Async storing batch of 6 embeddings
2026-03-03 17:12:27,418 - Knowledge - INFO - Batch sizing: calculated=6, max_allowed=10, queue=331, active_workers=20/20
2026-03-03 17:12:27,555 - Knowledge - INFO - Worker kw6 processing /app/data/T0015/327978/b5857iz/shopizer-327978/sm-shop/src/main/webapp/resources/js/bootstrap/bootstrap-transition.js
2026-03-03 17:12:27,639 - Knowledge - INFO - Async storing batch of 6 embeddings
2026-03-03 17:12:27,749 - Knowledge - INFO - process ingested knowledge for /app/data/T0015/327978/b5857iz/shopizer-327978/sm-shop/src/main/webapp/resources/css/font-awesome/scss/font-awesome-ie7.scss
2026-03-03 17:12:27,837 - Knowledge - INFO - Worker kw10 processing /app/data/T0015/327978/b5857iz/shopizer-327978/sm-shop/src/main/webapp/resources/js/bootstrap/bootstrap-modal.js
2026-03-03 17:12:27,931 - Knowledge - INFO - Fast-tracked /app/data/T0015/327978/b5857iz/shopizer-327978/sm-shop/src/main/webapp/resources/js/ckeditor/skins/office2003/skin.js (ext=.js, size=1024)
2026-03-03 17:12:28,017 - Knowledge - INFO - Fast-tracked /app/data/T0015/327978/b5857iz/shopizer-327978/sm-shop/src/main/webapp/resources/js/ckeditor/skins/v2/dialog.css (ext=.css, size=15332)
2026-03-03 17:12:28,110 - Knowledge - INFO - Fast-tracked /app/data/T0015/327978/b5857iz/shopizer-327978/sm-shop/src/main/webapp/resources/js/address.js (ext=.js, size=1913)
2026-03-03 17:12:28,205 - Knowledge - INFO - Async storage completed for 8 embeddings
2026-03-03 17:12:28,296 - Knowledge - INFO - Worker kw9 processing /app/data/T0015/327978/b5857iz/shopizer-327978/sm-shop/src/main/webapp/resources/js/registration.js
2026-03-03 17:12:28,408 - Knowledge - INFO - Async storing batch of 6 embeddings
2026-03-03 17:12:28,502 - Knowledge - INFO - Fast-tracked /app/data/T0015/327978/b5857iz/shopizer-327978/sm-shop/src/main/webapp/resources/js/ckeditor/lang/_translationstatus.txt (ext=.txt, size=2272)
2026-03-03 17:12:28,584 - Knowledge - INFO - Fast-tracked /app/data/T0015/327978/b5857iz/shopizer-327978/sm-shop/src/main/webapp/resources/css/font-awesome/css/font-awesome.css (ext=.css, size=27232)
2026-03-03 17:12:28,745 - Knowledge - INFO - Worker kw4 processing /app/data/T0015/327978/b5857iz/shopizer-327978/sm-shop/src/main/webapp/resources/js/ckeditor/lang/hu.js
2026-03-03 17:12:28,839 - Knowledge - INFO - Fast-tracked /app/data/T0015/327978/b5857iz/shopizer-327978/sm-shop/src/main/webapp/resources/css/font-awesome/less/font-awesome.less (ext=.less, size=1319)
2026-03-03 17:12:28,964 - Knowledge - INFO - Fast-tracked /app/data/T0015/327978/b5857iz/shopizer-327978/sm-shop/src/main/webapp/resources/css/sm.css (ext=.css, size=5966)
2026-03-03 17:12:29,038 - Knowledge - INFO - process ingested knowledge for /app/data/T0015/327978/b5857iz/shopizer-327978/sm-shop/src/main/java/com/salesmanager/web/admin/controller/AdminController.java
2026-03-03 17:12:29,104 - Knowledge - INFO - Worker kw13 processing /app/data/T0015/327978/b5857iz/shopizer-327978/sm-shop/src/main/webapp/resources/js/ckeditor/lang/fr-ca.js
2026-03-03 17:12:29,179 - Knowledge - INFO - Async storing batch of 8 embeddings
2026-03-03 17:12:29,261 - Knowledge - INFO - Fast-tracked /app/data/T0015/327978/b5857iz/shopizer-327978/sm-shop/src/main/webapp/resources/js/bootstrap/bootstrap-transition.js (ext=.js, size=1801)
2026-03-03 17:12:29,349 - Knowledge - INFO - Worker kw20 processing /app/data/T0015/327978/b5857iz/shopizer-327978/sm-shop/src/main/webapp/resources/js/ckeditor/lang/sr-latn.js
2026-03-03 17:12:29,545 - Knowledge - INFO - Worker kw10 processing /app/data/T0015/327978/b5857iz/shopizer-327978/sm-shop/src/main/webapp/resources/js/bootstrap/bootstrap.min.js
2026-03-03 17:12:29,599 - Knowledge - INFO - [kw1] Queue=307, InProgress=0, PendingWorkers=20/20, Completed=758/1167 (65.0%)
2026-03-03 17:12:29,655 - Knowledge - INFO - Worker kw11 processing /app/data/T0015/327978/b5857iz/shopizer-327978/sm-shop/src/main/webapp/resources/js/ckeditor/skins/office2003/templates.css
2026-03-03 17:12:29,723 - Knowledge - INFO - Async storage completed for 6 embeddings
2026-03-03 17:12:29,750 - Knowledge - INFO - Worker kw17 processing /app/data/T0015/327978/b5857iz/shopizer-327978/sm-shop/src/main/webapp/resources/js/ckeditor/skins/kama/skin.js
2026-03-03 17:12:29,836 - Knowledge - INFO - Worker kw2 processing /app/data/T0015/327978/b5857iz/shopizer-327978/sm-shop/src/main/webapp/resources/js/ckeditor/ckeditor.js
2026-03-03 17:12:30,050 - Knowledge - INFO - Fast-tracked /app/data/T0015/327978/b5857iz/shopizer-327978/sm-shop/src/main/webapp/resources/js/registration.js (ext=.js, size=1871)
2026-03-03 17:12:30,134 - Knowledge - INFO - [kw3] Queue=307, InProgress=0, PendingWorkers=20/20, Completed=758/1167 (65.0%)
2026-03-03 17:12:30,140 - Knowledge - INFO - Worker kw8 processing /app/data/T0015/327978/b5857iz/shopizer-327978/sm-shop/src/main/webapp/resources/js/ckeditor/lang/vi.js
2026-03-03 17:12:30,230 - Knowledge - INFO - Worker kw15 processing /app/data/T0015/327978/b5857iz/shopizer-327978/sm-shop/src/main/webapp/resources/js/ckeditor/lang/fo.js
2026-03-03 17:12:30,341 - Knowledge - INFO - Async storage completed for 6 embeddings
2026-03-03 17:12:30,453 - Knowledge - INFO - Worker kw4 processing /app/data/T0015/327978/b5857iz/shopizer-327978/sm-shop/src/main/webapp/resources/js/ckeditor/lang/id.js
2026-03-03 17:12:30,580 - Knowledge - INFO - Async storage completed for 8 embeddings
2026-03-03 17:12:30,695 - Knowledge - INFO - Async storage completed for 6 embeddings
2026-03-03 17:12:30,814 - Knowledge - INFO - process ingested knowledge for /app/data/T0015/327978/b5857iz/shopizer-327978/sm-shop/src/main/java/com/salesmanager/web/admin/controller/content/ContentBoxesController.java
2026-03-03 17:12:30,905 - Knowledge - INFO - Worker kw13 processing /app/data/T0015/327978/b5857iz/shopizer-327978/sm-shop/src/main/webapp/resources/js/ckeditor/lang/en-gb.js
2026-03-03 17:12:31,001 - Knowledge - INFO - Worker kw5 processing /app/data/T0015/327978/b5857iz/shopizer-327978/sm-shop/src/main/webapp/resources/js/ckeditor/lang/cs.js
2026-03-03 17:12:31,204 - Knowledge - INFO - Worker kw20 processing /app/data/T0015/327978/b5857iz/shopizer-327978/sm-shop/src/main/webapp/resources/js/ckeditor/lang/ru.js
2026-03-03 17:12:31,287 - Knowledge - INFO - Fast-tracked /app/data/T0015/327978/b5857iz/shopizer-327978/sm-shop/src/main/webapp/resources/js/bootstrap/bootstrap.min.js (ext=.js, size=22323)
2026-03-03 17:12:31,364 - Knowledge - INFO - Batch sizing: calculated=6, max_allowed=10, queue=307, active_workers=20/20
2026-03-03 17:12:31,472 - Knowledge - INFO - Fast-tracked /app/data/T0015/327978/b5857iz/shopizer-327978/sm-shop/src/main/webapp/resources/js/ckeditor/skins/office2003/templates.css (ext=.css, size=1592)
2026-03-03 17:12:31,657 - Knowledge - INFO - Worker kw17 processing /app/data/T0015/327978/b5857iz/shopizer-327978/sm-shop/src/main/webapp/resources/js/ckeditor/skins/kama/templates.css
2026-03-03 17:12:31,731 - Knowledge - INFO - Fast-tracked /app/data/T0015/327978/b5857iz/shopizer-327978/sm-shop/src/main/webapp/resources/js/ckeditor/ckeditor.js (ext=.js, size=375761)
2026-03-03 17:12:31,806 - Knowledge - INFO - Worker kw9 processing /app/data/T0015/327978/b5857iz/shopizer-327978/sm-shop/src/main/webapp/resources/js/jquery.friendurl.min.js
2026-03-03 17:12:31,893 - Knowledge - INFO - Batch sizing: calculated=6, max_allowed=10, queue=307, active_workers=20/20
2026-03-03 17:12:31,965 - Knowledge - INFO - Worker kw8 processing /app/data/T0015/327978/b5857iz/shopizer-327978/sm-shop/src/main/webapp/resources/js/ckeditor/lang/mn.js
2026-03-03 17:12:32,020 - Knowledge - INFO - Fast-tracked /app/data/T0015/327978/b5857iz/shopizer-327978/sm-shop/src/main/webapp/resources/js/bootstrap/bootstrap-button.js (small file (2713 bytes))
2026-03-03 17:12:32,087 - Knowledge - INFO - Worker kw15 processing /app/data/T0015/327978/b5857iz/shopizer-327978/sm-shop/src/main/webapp/resources/js/ckeditor/lang/bs.js
2026-03-03 17:12:32,165 - Knowledge - INFO - Processing batch of 6 files
2026-03-03 17:12:32,273 - Knowledge - INFO - Worker kw4 processing /app/data/T0015/327978/b5857iz/shopizer-327978/sm-shop/src/main/webapp/resources/js/ckeditor/lang/bg.js
2026-03-03 17:12:32,364 - Knowledge - INFO - Processing batch of 6 files
2026-03-03 17:12:32,471 - Knowledge - INFO - Processing batch of 6 files
2026-03-03 17:12:32,688 - Knowledge - INFO - Worker kw13 processing /app/data/T0015/327978/b5857iz/shopizer-327978/sm-shop/src/main/webapp/resources/js/ckeditor/lang/sv.js
2026-03-03 17:12:32,778 - Knowledge - INFO - Worker kw5 processing /app/data/T0015/327978/b5857iz/shopizer-327978/sm-shop/src/main/webapp/resources/js/ckeditor/lang/_languages.js
2026-03-03 17:12:32,917 - Knowledge - INFO - Worker kw20 processing /app/data/T0015/327978/b5857iz/shopizer-327978/sm-shop/src/main/webapp/resources/js/ckeditor/lang/fa.js
2026-03-03 17:12:33,196 - Knowledge - INFO - Async storing batch of 6 embeddings
2026-03-03 17:12:34,690 - Knowledge - INFO - Fast-tracked /app/data/T0015/327978/b5857iz/shopizer-327978/sm-shop/src/main/webapp/resources/js/ckeditor/lang/_languages.js (ext=.js, size=1247)
2026-03-03 17:12:33,399 - Knowledge - INFO - Fast-tracked /app/data/T0015/327978/b5857iz/shopizer-327978/sm-shop/src/main/webapp/resources/js/ckeditor/skins/kama/templates.css (ext=.css, size=1496)
2026-03-03 17:12:33,516 - Knowledge - INFO - Worker kw2 processing /app/data/T0015/327978/b5857iz/shopizer-327978/sm-shop/src/main/webapp/resources/js/ckeditor/skins/v2/skin.js
2026-03-03 17:12:33,616 - Knowledge - INFO - Fast-tracked /app/data/T0015/327978/b5857iz/shopizer-327978/sm-shop/src/main/webapp/resources/js/jquery.friendurl.min.js (ext=.js, size=409)
2026-03-03 17:12:33,742 - Knowledge - INFO - Async storing batch of 6 embeddings
2026-03-03 17:12:33,872 - Knowledge - INFO - [LLM_CALL] Completed: jquery.creditCardValidator.js:chunk1, Duration: 10046ms, PromptTokens: 3808, CompletionTokens: 236, Cost: $0.00048
2026-03-03 17:12:33,880 - Knowledge - INFO - Worker kw8 processing /app/data/T0015/327978/b5857iz/shopizer-327978/sm-shop/src/main/webapp/resources/js/ckeditor/lang/ja.js
2026-03-03 17:12:33,955 - Knowledge - INFO - Fast-tracked /app/data/T0015/327978/b5857iz/shopizer-327978/sm-shop/src/main/webapp/resources/js/bootstrap/bootstrap-alert.js (small file (2392 bytes))
2026-03-03 17:12:34,079 - Knowledge - INFO - Worker kw15 processing /app/data/T0015/327978/b5857iz/shopizer-327978/sm-shop/src/main/webapp/resources/js/ckeditor/lang/sr.js
2026-03-03 17:12:34,191 - Knowledge - INFO - process ingested knowledge for /app/data/T0015/327978/b5857iz/shopizer-327978/sm-shop/src/main/webapp/resources/css/font-awesome/scss/_mixins.scss
2026-03-03 17:12:34,327 - Knowledge - INFO - Worker kw4 processing /app/data/T0015/327978/b5857iz/shopizer-327978/sm-shop/src/main/webapp/resources/js/ckeditor/lang/et.js
2026-03-03 17:12:34,399 - Knowledge - INFO - process ingested knowledge for /app/data/T0015/327978/b5857iz/shopizer-327978/sm-shop/src/main/webapp/resources/css/font-awesome/css/font-awesome-ie7.css
2026-03-03 17:12:34,486 - Knowledge - INFO - process ingested knowledge for /app/data/T0015/327978/b5857iz/shopizer-327978/sm-shop/src/main/webapp/resources/css/font-awesome/less/variables.less
2026-03-03 17:12:34,572 - Knowledge - INFO - Worker kw13 processing /app/data/T0015/327978/b5857iz/shopizer-327978/sm-shop/src/main/webapp/resources/js/ckeditor/lang/hi.js
2026-03-03 17:12:33,312 - Knowledge - INFO - Worker kw11 processing /app/data/T0015/327978/b5857iz/shopizer-327978/sm-shop/src/main/webapp/resources/js/ckeditor/skins/office2003/editor.css
2026-03-03 17:12:34,781 - Knowledge - INFO - Worker kw20 processing /app/data/T0015/327978/b5857iz/shopizer-327978/sm-shop/src/main/webapp/resources/js/ckeditor/lang/af.js
2026-03-03 17:12:34,896 - Knowledge - INFO - Worker kw1 processing /app/data/T0015/327978/b5857iz/shopizer-327978/sm-shop/src/main/webapp/resources/js/ckeditor/lang/hr.js
2026-03-03 17:12:34,980 - Knowledge - INFO - Worker kw5 processing /app/data/T0015/327978/b5857iz/shopizer-327978/sm-shop/src/main/webapp/resources/js/ckeditor/lang/tr.js
2026-03-03 17:12:35,102 - Knowledge - INFO - Worker kw17 processing /app/data/T0015/327978/b5857iz/shopizer-327978/sm-shop/src/main/webapp/resources/js/ckeditor/skins/kama/editor.css
2026-03-03 17:12:35,195 - Knowledge - INFO - Fast-tracked /app/data/T0015/327978/b5857iz/shopizer-327978/sm-shop/src/main/webapp/resources/js/ckeditor/skins/v2/skin.js (ext=.js, size=953)
2026-03-03 17:12:35,312 - Knowledge - INFO - Worker kw9 processing /app/data/T0015/327978/b5857iz/shopizer-327978/sm-shop/src/main/webapp/resources/js/bootstrap/bootstrap-carousel.js
2026-03-03 17:12:35,403 - Knowledge - INFO - Worker kw3 processing /app/data/T0015/327978/b5857iz/shopizer-327978/sm-shop/src/main/webapp/resources/js/ckeditor/lang/es.js
2026-03-03 17:12:35,508 - Knowledge - INFO - done ingest for /app/data/T0015/327978/b5857iz/shopizer-327978/sm-shop/src/main/webapp/resources/js/jquery.creditCardValidator.js
2026-03-03 17:12:35,509 - Knowledge - INFO - [LLM_CALL] Completed: jquery-cookie.js:chunk1, Duration: 7482ms, PromptTokens: 2440, CompletionTokens: 216, Cost: $0.00033
2026-03-03 17:12:35,600 - Knowledge - INFO - Worker kw8 processing /app/data/T0015/327978/b5857iz/shopizer-327978/sm-shop/src/main/webapp/resources/js/ckeditor/lang/en.js
2026-03-03 17:12:35,690 - Knowledge - INFO - Fast-tracked /app/data/T0015/327978/b5857iz/shopizer-327978/sm-shop/src/main/webapp/resources/js/bootstrap/bootstrap-popover.js (small file (2874 bytes))
2026-03-03 17:12:35,793 - Knowledge - INFO - Worker kw15 processing /app/data/T0015/327978/b5857iz/shopizer-327978/sm-shop/src/main/webapp/resources/js/ckeditor/lang/it.js
2026-03-03 17:12:35,868 - Knowledge - INFO - process ingested knowledge for /app/data/T0015/327978/b5857iz/shopizer-327978/sm-shop/src/main/webapp/resources/css/font-awesome/scss/_icons.scss
2026-03-03 17:12:35,983 - Knowledge - INFO - Worker kw4 processing /app/data/T0015/327978/b5857iz/shopizer-327978/sm-shop/src/main/webapp/resources/js/ckeditor/lang/de.js
2026-03-03 17:12:36,062 - Knowledge - INFO - process ingested knowledge for /app/data/T0015/327978/b5857iz/shopizer-327978/sm-shop/src/main/webapp/resources/css/font-awesome/css/font-awesome.min.css
2026-03-03 17:12:36,162 - Knowledge - INFO - process ingested knowledge for /app/data/T0015/327978/b5857iz/shopizer-327978/sm-shop/src/main/webapp/resources/css/font-awesome/less/core.less
2026-03-03 17:12:36,260 - Knowledge - INFO - Worker kw13 processing /app/data/T0015/327978/b5857iz/shopizer-327978/sm-shop/src/main/webapp/resources/js/ckeditor/lang/ro.js
2026-03-03 17:12:36,345 - Knowledge - INFO - Fast-tracked /app/data/T0015/327978/b5857iz/shopizer-327978/sm-shop/src/main/webapp/resources/js/ckeditor/skins/office2003/editor.css (ext=.css, size=35677)
2026-03-03 17:12:36,436 - Knowledge - INFO - Worker kw20 processing /app/data/T0015/327978/b5857iz/shopizer-327978/sm-shop/src/main/webapp/resources/js/ckeditor/lang/sl.js
2026-03-03 17:12:36,514 - Knowledge - INFO - Worker kw1 processing /app/data/T0015/327978/b5857iz/shopizer-327978/sm-shop/src/main/webapp/resources/js/ckeditor/lang/ko.js
2026-03-03 17:12:36,611 - Knowledge - INFO - Worker kw5 processing /app/data/T0015/327978/b5857iz/shopizer-327978/sm-shop/src/main/webapp/resources/js/ckeditor/lang/en-au.js
2026-03-03 17:12:36,690 - Knowledge - INFO - Fast-tracked /app/data/T0015/327978/b5857iz/shopizer-327978/sm-shop/src/main/webapp/resources/js/ckeditor/skins/kama/editor.css (ext=.css, size=30678)
2026-03-03 17:12:36,767 - Knowledge - INFO - Worker kw2 processing /app/data/T0015/327978/b5857iz/shopizer-327978/sm-shop/src/main/webapp/resources/js/ckeditor/skins/v2/templates.css
2026-03-03 17:12:36,965 - Knowledge - INFO - Worker kw3 processing /app/data/T0015/327978/b5857iz/shopizer-327978/sm-shop/src/main/webapp/resources/js/ckeditor/lang/mk.js
2026-03-03 17:12:37,219 - Knowledge - INFO - done ingest for /app/data/T0015/327978/b5857iz/shopizer-327978/sm-shop/src/main/webapp/resources/js/jquery-cookie.js
2026-03-03 17:12:37,238 - Knowledge - INFO - [WEBSOCKET] Sent: Type=progress_update, Size: 293, Duration: 12ms
2026-03-03 17:12:37,322 - Knowledge - INFO - Worker kw8 processing /app/data/T0015/327978/b5857iz/shopizer-327978/sm-shop/src/main/webapp/resources/js/ckeditor/lang/ar.js
2026-03-03 17:12:37,576 - Knowledge - INFO - Worker kw15 processing /app/data/T0015/327978/b5857iz/shopizer-327978/sm-shop/src/main/webapp/resources/js/ckeditor/lang/he.js
2026-03-03 17:12:37,685 - Knowledge - INFO - process ingested knowledge for /app/data/T0015/327978/b5857iz/shopizer-327978/sm-shop/src/main/webapp/resources/css/font-awesome/scss/_bootstrap.scss
2026-03-03 17:12:37,860 - Knowledge - INFO - process ingested knowledge for /app/data/T0015/327978/b5857iz/shopizer-327978/sm-shop/src/main/webapp/resources/css/font-awesome/less/font-awesome-ie7.less
2026-03-03 17:12:37,938 - Knowledge - INFO - process ingested knowledge for /app/data/T0015/327978/b5857iz/shopizer-327978/sm-shop/src/main/webapp/resources/css/font-awesome/less/icons.less
2026-03-03 17:12:38,041 - Knowledge - INFO - Worker kw13 processing /app/data/T0015/327978/b5857iz/shopizer-327978/sm-shop/src/main/webapp/resources/js/ckeditor/lang/el.js
2026-03-03 17:12:38,120 - Knowledge - INFO - Worker kw11 processing /app/data/T0015/327978/b5857iz/shopizer-327978/sm-shop/src/main/webapp/resources/js/ckeditor/skins/office2003/dialog.css
2026-03-03 17:12:38,195 - Knowledge - INFO - Worker kw20 processing /app/data/T0015/327978/b5857iz/shopizer-327978/sm-shop/src/main/webapp/resources/js/ckeditor/lang/fi.js
2026-03-03 17:12:38,277 - Knowledge - INFO - Worker kw1 processing /app/data/T0015/327978/b5857iz/shopizer-327978/sm-shop/src/main/webapp/resources/js/ckeditor/lang/eu.js
2026-03-03 17:12:38,403 - Knowledge - INFO - Worker kw5 processing /app/data/T0015/327978/b5857iz/shopizer-327978/sm-shop/src/main/webapp/resources/js/ckeditor/lang/sk.js
2026-03-03 17:12:38,475 - Knowledge - INFO - Worker kw17 processing /app/data/T0015/327978/b5857iz/shopizer-327978/sm-shop/src/main/webapp/resources/js/ckeditor/skins/kama/dialog.css
2026-03-03 17:12:38,592 - Knowledge - INFO - Fast-tracked /app/data/T0015/327978/b5857iz/shopizer-327978/sm-shop/src/main/webapp/resources/js/ckeditor/skins/v2/templates.css (ext=.css, size=1432)
2026-03-03 17:12:38,696 - Knowledge - INFO - Worker kw3 processing /app/data/T0015/327978/b5857iz/shopizer-327978/sm-shop/src/main/webapp/resources/js/ckeditor/lang/km.js
2026-03-03 17:12:38,911 - Knowledge - INFO - [LLM_CALL] Completed: hogan.js:chunk1, Duration: 15906ms, PromptTokens: 9100, CompletionTokens: 235, Cost: $0.00100
2026-03-03 17:12:38,929 - Knowledge - INFO - Fast-tracked /app/data/T0015/327978/b5857iz/shopizer-327978/sm-shop/src/main/webapp/resources/js/bootstrap/bootstrap-dropdown.js (small file (2728 bytes))
2026-03-03 17:12:39,084 - Knowledge - INFO - Worker kw8 processing /app/data/T0015/327978/b5857iz/shopizer-327978/sm-shop/src/main/webapp/resources/js/ckeditor/lang/gl.js
2026-03-03 17:12:39,268 - Knowledge - INFO - process ingested knowledge for /app/data/T0015/327978/b5857iz/shopizer-327978/sm-shop/src/main/webapp/resources/css/font-awesome/scss/font-awesome.scss
2026-03-03 17:12:39,343 - Knowledge - INFO - process ingested knowledge for /app/data/T0015/327978/b5857iz/shopizer-327978/sm-shop/src/main/webapp/resources/css/font-awesome/less/extras.less
2026-03-03 17:12:39,383 - Knowledge - INFO - Async storage completed for 8 embeddings
2026-03-03 17:12:39,423 - Knowledge - INFO - process ingested knowledge for /app/data/T0015/327978/b5857iz/shopizer-327978/sm-shop/src/main/webapp/resources/css/font-awesome/less/mixins.less
2026-03-03 17:12:39,606 - Knowledge - INFO - Fast-tracked /app/data/T0015/327978/b5857iz/shopizer-327978/sm-shop/src/main/webapp/resources/js/ckeditor/skins/office2003/dialog.css (ext=.css, size=16832)
2026-03-03 17:12:39,785 - Knowledge - INFO - Worker kw1 processing /app/data/T0015/327978/b5857iz/shopizer-327978/sm-shop/src/main/webapp/resources/js/ckeditor/lang/zh.js
2026-03-03 17:12:39,897 - Knowledge - INFO - Worker kw5 processing /app/data/T0015/327978/b5857iz/shopizer-327978/sm-shop/src/main/webapp/resources/js/ckeditor/lang/nl.js
2026-03-03 17:12:39,972 - Knowledge - INFO - Fast-tracked /app/data/T0015/327978/b5857iz/shopizer-327978/sm-shop/src/main/webapp/resources/js/ckeditor/skins/kama/dialog.css (ext=.css, size=18265)
2026-03-03 17:12:40,120 - Knowledge - INFO - Async storage completed for 6 embeddings
2026-03-03 17:12:40,170 - Knowledge - INFO - Worker kw3 processing /app/data/T0015/327978/b5857iz/shopizer-327978/sm-shop/src/main/webapp/resources/js/ckeditor/lang/lt.js
2026-03-03 17:12:40,279 - Knowledge - INFO - done ingest for /app/data/T0015/327978/b5857iz/shopizer-327978/sm-shop/src/main/webapp/resources/js/hogan.js
2026-03-03 17:12:40,288 - Knowledge - INFO - [WEBSOCKET] Sent: Type=unknown, Size: ?, Duration: 3068ms
2026-03-03 17:12:40,540 - Knowledge - INFO - process ingested knowledge for /app/data/T0015/327978/b5857iz/shopizer-327978/sm-shop/src/main/webapp/resources/css/font-awesome/css/font-awesome-ie7.min.css
2026-03-03 17:12:40,637 - Knowledge - INFO - process ingested knowledge for /app/data/T0015/327978/b5857iz/shopizer-327978/sm-shop/src/main/webapp/resources/css/font-awesome/less/path.less
2026-03-03 17:12:40,840 - Knowledge - INFO - process ingested knowledge for /app/data/T0015/327978/b5857iz/shopizer-327978/sm-shop/src/main/webapp/resources/css/font-awesome/less/bootstrap.less
2026-03-03 17:12:40,941 - Knowledge - INFO - Worker kw11 processing /app/data/T0015/327978/b5857iz/shopizer-327978/sm-shop/src/main/webapp/resources/js/ckeditor/lang/pt-br.js
2026-03-03 17:12:41,057 - Knowledge - INFO - Worker kw1 processing /app/data/T0015/327978/b5857iz/shopizer-327978/sm-shop/src/main/webapp/resources/js/ckeditor/lang/lv.js
2026-03-03 17:12:41,419 - Knowledge - INFO - Worker kw3 processing /app/data/T0015/327978/b5857iz/shopizer-327978/sm-shop/src/main/webapp/resources/js/ckeditor/lang/ms.js
2026-03-03 17:12:41,637 - Knowledge - INFO - Progress: 66.5% | Files: 776/1167 | Rate: 1.62 files/sec | Queue: 295
2026-03-03 17:12:41,644 - Knowledge - INFO - [LLM_CALL] Completed: jquery.quicksand.js:chunk1, Duration: 14397ms, PromptTokens: 8498, CompletionTokens: 414, Cost: $0.00102
2026-03-03 17:12:41,775 - Knowledge - INFO - process ingested knowledge for /app/data/T0015/327978/b5857iz/shopizer-327978/sm-shop/src/main/webapp/resources/css/font-awesome/css/font-awesome.css
2026-03-03 17:12:41,894 - Knowledge - INFO - process ingested knowledge for /app/data/T0015/327978/b5857iz/shopizer-327978/sm-shop/src/main/webapp/resources/css/font-awesome/less/font-awesome.less
2026-03-03 17:12:42,075 - Knowledge - INFO - process ingested knowledge for /app/data/T0015/327978/b5857iz/shopizer-327978/sm-shop/src/main/webapp/resources/css/sm.css
2026-03-03 17:12:42,251 - Knowledge - INFO - Worker kw11 processing /app/data/T0015/327978/b5857iz/shopizer-327978/sm-shop/src/main/webapp/resources/js/ckeditor/lang/da.js
2026-03-03 17:12:42,426 - Knowledge - INFO - Worker kw1 processing /app/data/T0015/327978/b5857iz/shopizer-327978/sm-shop/src/main/webapp/resources/js/ckeditor/lang/fr.js
2026-03-03 17:12:42,586 - Knowledge - INFO - Worker kw3 processing /app/data/T0015/327978/b5857iz/shopizer-327978/sm-shop/src/main/webapp/resources/js/ckeditor/lang/nb.js
2026-03-03 17:12:42,677 - Knowledge - INFO - [kw7] Queue=295, InProgress=0, PendingWorkers=20/20, Completed=776/1167 (66.5%)
2026-03-03 17:12:42,790 - Knowledge - INFO - done ingest for /app/data/T0015/327978/b5857iz/shopizer-327978/sm-shop/src/main/webapp/resources/js/jquery.quicksand.js
2026-03-03 17:12:43,201 - Knowledge - INFO - [LLM_CALL] Completed: jquery.easing.1.3.js:chunk1, Duration: 20980ms, PromptTokens: 6610, CompletionTokens: 1024, Cost: $0.00107
2026-03-03 17:12:43,613 - Knowledge - INFO - Batch sizing: calculated=6, max_allowed=10, queue=295, active_workers=20/20
2026-03-03 17:12:43,844 - Knowledge - INFO - done ingest for /app/data/T0015/327978/b5857iz/shopizer-327978/sm-shop/src/main/webapp/resources/js/jquery.easing.1.3.js
2026-03-03 17:12:44,668 - Knowledge - INFO - Async storing batch of 8 embeddings
2026-03-03 17:12:44,852 - Knowledge - INFO - Worker kw7 processing /app/data/T0015/327978/b5857iz/shopizer-327978/sm-shop/src/main/webapp/resources/js/ckeditor/lang/zh-cn.js
2026-03-03 17:12:45,119 - Knowledge - INFO - Worker kw7 processing /app/data/T0015/327978/b5857iz/shopizer-327978/sm-shop/src/main/webapp/resources/js/ckeditor/lang/uk.js
2026-03-03 17:12:45,378 - Knowledge - INFO - Worker kw7 processing /app/data/T0015/327978/b5857iz/shopizer-327978/sm-shop/src/main/webapp/resources/js/ckeditor/lang/bn.js
2026-03-03 17:12:45,599 - Knowledge - INFO - Worker kw7 processing /app/data/T0015/327978/b5857iz/shopizer-327978/sm-shop/src/main/webapp/resources/js/ckeditor/lang/pl.js
2026-03-03 17:12:45,603 - Knowledge - INFO - [LLM_CALL] Completed: bootstrap-carousel.js:chunk1, Duration: 8371ms, PromptTokens: 3220, CompletionTokens: 371, Cost: $0.00047
2026-03-03 17:12:45,914 - Knowledge - INFO - Worker kw7 processing /app/data/T0015/327978/b5857iz/shopizer-327978/sm-shop/src/main/webapp/resources/js/ckeditor/lang/th.js
2026-03-03 17:12:46,057 - Knowledge - INFO - done ingest for /app/data/T0015/327978/b5857iz/shopizer-327978/sm-shop/src/main/webapp/resources/js/bootstrap/bootstrap-carousel.js
2026-03-03 17:12:46,206 - Knowledge - INFO - Worker kw7 processing /app/data/T0015/327978/b5857iz/shopizer-327978/sm-shop/src/main/webapp/resources/js/ckeditor/lang/ka.js
2026-03-03 17:12:47,491 - Knowledge - INFO - [LLM_CALL] Completed: shopping-cart.js:chunk1, Duration: 18644ms, PromptTokens: 5662, CompletionTokens: 902, Cost: $0.00093
2026-03-03 17:12:47,766 - Knowledge - INFO - done ingest for /app/data/T0015/327978/b5857iz/shopizer-327978/sm-shop/src/main/webapp/resources/js/shopping-cart.js
2026-03-03 17:12:47,949 - Knowledge - INFO - [kw12] Queue=289, InProgress=0, PendingWorkers=20/20, Completed=784/1167 (67.2%)
2026-03-03 17:12:47,951 - Knowledge - INFO - [kw18] Queue=289, InProgress=0, PendingWorkers=20/20, Completed=784/1167 (67.2%)
2026-03-03 17:12:47,989 - Knowledge - INFO - [kw14] Queue=289, InProgress=0, PendingWorkers=20/20, Completed=786/1167 (67.4%)
2026-03-03 17:12:48,002 - Knowledge - INFO - Processing batch of 6 files
2026-03-03 17:12:48,140 - Knowledge - INFO - Processing batch of 6 files
2026-03-03 17:12:48,175 - Knowledge - INFO - Batch sizing: calculated=6, max_allowed=10, queue=289, active_workers=20/20
2026-03-03 17:12:48,192 - Knowledge - INFO - Processing batch of 6 files
2026-03-03 17:12:48,286 - Knowledge - INFO - Batch sizing: calculated=6, max_allowed=10, queue=289, active_workers=20/20
2026-03-03 17:12:48,397 - Knowledge - INFO - Batch sizing: calculated=6, max_allowed=10, queue=289, active_workers=20/20
2026-03-03 17:12:48,532 - Knowledge - INFO - process ingested knowledge for /app/data/T0015/327978/b5857iz/shopizer-327978/sm-shop/src/main/webapp/resources/js/jquery.maskedinput.min.js
2026-03-03 17:12:48,617 - Knowledge - INFO - process ingested knowledge for /app/data/T0015/327978/b5857iz/shopizer-327978/sm-shop/src/main/webapp/resources/js/jquery.elevateZoom-3.0.8.min.js
2026-03-03 17:12:48,698 - Knowledge - INFO - Async storing batch of 6 embeddings
2026-03-03 17:12:48,786 - Knowledge - INFO - process ingested knowledge for /app/data/T0015/327978/b5857iz/shopizer-327978/sm-shop/src/main/webapp/resources/js/product.js
2026-03-03 17:12:48,861 - Knowledge - INFO - Async storing batch of 6 embeddings
2026-03-03 17:12:48,976 - Knowledge - INFO - Async storing batch of 6 embeddings
2026-03-03 17:12:49,047 - Knowledge - INFO - [LLM_CALL] Completed: bootstrap-tooltip.js:chunk1, Duration: 10139ms, PromptTokens: 4560, CompletionTokens: 483, Cost: $0.00065
2026-03-03 17:12:49,070 - Knowledge - INFO - process ingested knowledge for /app/data/T0015/327978/b5857iz/shopizer-327978/sm-shop/src/main/webapp/resources/js/jquery.easing.1.3.js
2026-03-03 17:12:49,167 - Knowledge - INFO - process ingested knowledge for /app/data/T0015/327978/b5857iz/shopizer-327978/sm-shop/src/main/webapp/resources/js/jquery.showLoading.min.js
2026-03-03 17:12:49,248 - Knowledge - INFO - Worker kw12 processing /app/data/T0015/327978/b5857iz/shopizer-327978/sm-shop/src/main/webapp/resources/js/ckeditor/lang/is.js
2026-03-03 17:12:49,362 - Knowledge - INFO - process ingested knowledge for /app/data/T0015/327978/b5857iz/shopizer-327978/sm-shop/src/main/webapp/resources/js/jquery.quicksand.js
2026-03-03 17:12:49,471 - Knowledge - INFO - Worker kw18 processing /app/data/T0015/327978/b5857iz/shopizer-327978/sm-shop/src/main/webapp/resources/js/ckeditor/lang/ca.js
2026-03-03 17:12:49,567 - Knowledge - INFO - Worker kw14 processing /app/data/T0015/327978/b5857iz/shopizer-327978/sm-shop/src/main/webapp/resources/js/ckeditor/plugins/devtools/lang/it.js
2026-03-03 17:12:49,686 - Knowledge - INFO - done ingest for /app/data/T0015/327978/b5857iz/shopizer-327978/sm-shop/src/main/webapp/resources/js/bootstrap/bootstrap-tooltip.js
2026-03-03 17:12:49,767 - Knowledge - INFO - process ingested knowledge for /app/data/T0015/327978/b5857iz/shopizer-327978/sm-shop/src/main/webapp/resources/js/hogan.js
2026-03-03 17:12:49,834 - Knowledge - INFO - process ingested knowledge for /app/data/T0015/327978/b5857iz/shopizer-327978/sm-shop/src/main/webapp/resources/js/jquery-1.10.2.min.js
2026-03-03 17:12:49,933 - Knowledge - INFO - Worker kw12 processing /app/data/T0015/327978/b5857iz/shopizer-327978/sm-shop/src/main/webapp/resources/js/ckeditor/lang/ug.js
2026-03-03 17:12:50,016 - Knowledge - INFO - process ingested knowledge for /app/data/T0015/327978/b5857iz/shopizer-327978/sm-shop/src/main/webapp/resources/js/jquery-cookie.js
2026-03-03 17:12:50,101 - Knowledge - INFO - Worker kw18 processing /app/data/T0015/327978/b5857iz/shopizer-327978/sm-shop/src/main/webapp/resources/js/ckeditor/lang/en-ca.js
2026-03-03 17:12:50,191 - Knowledge - INFO - Fast-tracked /app/data/T0015/327978/b5857iz/shopizer-327978/sm-shop/src/main/webapp/resources/js/ckeditor/plugins/devtools/lang/it.js (ext=.js, size=350)
2026-03-03 17:12:50,406 - Knowledge - INFO - process ingested knowledge for /app/data/T0015/327978/b5857iz/shopizer-327978/sm-shop/src/main/webapp/resources/js/jquery.creditCardValidator.js
2026-03-03 17:12:50,503 - Knowledge - INFO - process ingested knowledge for /app/data/T0015/327978/b5857iz/shopizer-327978/sm-shop/src/main/webapp/resources/js/registration.js
2026-03-03 17:12:50,584 - Knowledge - INFO - Worker kw12 processing /app/data/T0015/327978/b5857iz/shopizer-327978/sm-shop/src/main/webapp/resources/js/ckeditor/lang/cy.js
2026-03-03 17:12:50,672 - Knowledge - INFO - process ingested knowledge for /app/data/T0015/327978/b5857iz/shopizer-327978/sm-shop/src/main/webapp/resources/js/typeahead.min.js
2026-03-03 17:12:50,788 - Knowledge - INFO - Worker kw18 processing /app/data/T0015/327978/b5857iz/shopizer-327978/sm-shop/src/main/webapp/resources/js/ckeditor/plugins/clipboard/dialogs/paste.js
2026-03-03 17:12:50,905 - Knowledge - INFO - Worker kw14 processing /app/data/T0015/327978/b5857iz/shopizer-327978/sm-shop/src/main/webapp/resources/js/ckeditor/plugins/devtools/lang/he.js
2026-03-03 17:12:51,024 - Knowledge - INFO - process ingested knowledge for /app/data/T0015/327978/b5857iz/shopizer-327978/sm-shop/src/main/webapp/resources/js/login.js
2026-03-03 17:12:51,121 - Knowledge - INFO - process ingested knowledge for /app/data/T0015/327978/b5857iz/shopizer-327978/sm-shop/src/main/webapp/resources/js/jquery.friendurl.min.js
2026-03-03 17:12:51,252 - Knowledge - INFO - Async storage completed for 8 embeddings
2026-03-03 17:12:51,275 - Knowledge - INFO - Worker kw12 processing /app/data/T0015/327978/b5857iz/shopizer-327978/sm-shop/src/main/webapp/resources/js/ckeditor/lang/gu.js
2026-03-03 17:12:51,372 - Knowledge - INFO - process ingested knowledge for /app/data/T0015/327978/b5857iz/shopizer-327978/sm-shop/src/main/webapp/resources/js/jquery.printElement.min.js
2026-03-03 17:12:51,469 - Knowledge - INFO - Worker kw18 processing /app/data/T0015/327978/b5857iz/shopizer-327978/sm-shop/src/main/webapp/resources/js/ckeditor/plugins/devtools/lang/pt-br.js
2026-03-03 17:12:51,549 - Knowledge - INFO - Fast-tracked /app/data/T0015/327978/b5857iz/shopizer-327978/sm-shop/src/main/webapp/resources/js/ckeditor/plugins/devtools/lang/he.js (ext=.js, size=370)
2026-03-03 17:12:51,623 - Knowledge - INFO - process ingested knowledge for /app/data/T0015/327978/b5857iz/shopizer-327978/sm-shop/src/main/webapp/resources/js/shop-customer.js
2026-03-03 17:12:51,717 - Knowledge - INFO - process ingested knowledge for /app/data/T0015/327978/b5857iz/shopizer-327978/sm-shop/src/main/webapp/resources/js/bootstrap/bootstrap-carousel.js
2026-03-03 17:12:51,953 - Knowledge - INFO - Worker kw12 processing /app/data/T0015/327978/b5857iz/shopizer-327978/sm-shop/src/main/webapp/resources/js/ckeditor/lang/pt.js
2026-03-03 17:12:52,049 - Knowledge - INFO - process ingested knowledge for /app/data/T0015/327978/b5857iz/shopizer-327978/sm-shop/src/main/webapp/resources/js/shopping-cart.js
2026-03-03 17:12:52,171 - Knowledge - INFO - Fast-tracked /app/data/T0015/327978/b5857iz/shopizer-327978/sm-shop/src/main/webapp/resources/js/ckeditor/plugins/devtools/lang/pt-br.js (ext=.js, size=367)
2026-03-03 17:12:52,261 - Knowledge - INFO - Worker kw14 processing /app/data/T0015/327978/b5857iz/shopizer-327978/sm-shop/src/main/webapp/resources/js/ckeditor/plugins/devtools/lang/no.js
2026-03-03 17:12:52,564 - Knowledge - INFO - Worker kw12 processing /app/data/T0015/327978/b5857iz/shopizer-327978/sm-shop/src/main/webapp/resources/js/ckeditor/lang/eo.js
2026-03-03 17:12:52,580 - Knowledge - INFO - Async storage completed for 8 embeddings
2026-03-03 17:12:52,730 - Knowledge - INFO - Worker kw18 processing /app/data/T0015/327978/b5857iz/shopizer-327978/sm-shop/src/main/webapp/resources/js/ckeditor/plugins/devtools/lang/da.js
2026-03-03 17:12:52,836 - Knowledge - INFO - Fast-tracked /app/data/T0015/327978/b5857iz/shopizer-327978/sm-shop/src/main/webapp/resources/js/ckeditor/plugins/devtools/lang/no.js (ext=.js, size=345)
2026-03-03 17:12:53,187 - Knowledge - INFO - Fast-tracked /app/data/T0015/327978/b5857iz/shopizer-327978/sm-shop/src/main/webapp/resources/js/ckeditor/plugins/devtools/lang/da.js (ext=.js, size=352)
2026-03-03 17:12:53,261 - Knowledge - INFO - Worker kw14 processing /app/data/T0015/327978/b5857iz/shopizer-327978/sm-shop/src/main/webapp/resources/js/ckeditor/plugins/devtools/lang/bg.js
2026-03-03 17:12:53,426 - Knowledge - INFO - Worker kw18 processing /app/data/T0015/327978/b5857iz/shopizer-327978/sm-shop/src/main/webapp/resources/js/ckeditor/plugins/devtools/lang/_translationstatus.txt
2026-03-03 17:12:53,443 - Knowledge - INFO - [LLM_CALL] Completed: bootstrap-datepicker.js:chunk1, Duration: 22323ms, PromptTokens: 6250, CompletionTokens: 755, Cost: $0.00093
2026-03-03 17:12:53,511 - Knowledge - INFO - Fast-tracked /app/data/T0015/327978/b5857iz/shopizer-327978/sm-shop/src/main/webapp/resources/js/ckeditor/plugins/devtools/lang/bg.js (ext=.js, size=434)
2026-03-03 17:12:53,673 - Knowledge - INFO - Fast-tracked /app/data/T0015/327978/b5857iz/shopizer-327978/sm-shop/src/main/webapp/resources/js/ckeditor/plugins/devtools/lang/_translationstatus.txt (ext=.txt, size=943)
2026-03-03 17:12:53,796 - Knowledge - INFO - done ingest for /app/data/T0015/327978/b5857iz/shopizer-327978/sm-shop/src/main/webapp/resources/js/bootstrap/bootstrap-datepicker.js
2026-03-03 17:12:53,908 - Knowledge - INFO - Worker kw14 processing /app/data/T0015/327978/b5857iz/shopizer-327978/sm-shop/src/main/webapp/resources/js/ckeditor/plugins/devtools/lang/et.js
2026-03-03 17:12:53,929 - Knowledge - INFO - Async storage completed for 8 embeddings
2026-03-03 17:12:54,345 - Knowledge - INFO - Fast-tracked /app/data/T0015/327978/b5857iz/shopizer-327978/sm-shop/src/main/webapp/resources/js/ckeditor/plugins/devtools/lang/et.js (ext=.js, size=338)
2026-03-03 17:12:54,542 - Knowledge - INFO - Worker kw14 processing /app/data/T0015/327978/b5857iz/shopizer-327978/sm-shop/src/main/webapp/resources/js/ckeditor/plugins/devtools/lang/de.js
2026-03-03 17:12:54,718 - Knowledge - INFO - Fast-tracked /app/data/T0015/327978/b5857iz/shopizer-327978/sm-shop/src/main/webapp/resources/js/ckeditor/plugins/devtools/lang/de.js (ext=.js, size=338)
2026-03-03 17:12:54,926 - Knowledge - INFO - Async storage completed for 6 embeddings
2026-03-03 17:12:56,107 - Knowledge - INFO - [WEBSOCKET] Sent: Type=progress_update, Size: 293, Duration: 0ms
2026-03-03 17:12:56,123 - Knowledge - INFO - [kw9] Queue=271, InProgress=0, PendingWorkers=20/20, Completed=800/1167 (68.6%)
2026-03-03 17:12:56,320 - Knowledge - INFO - [WEBSOCKET] Sent: Type=unknown, Size: ?, Duration: 213ms
2026-03-03 17:12:56,457 - Knowledge - INFO - Batch sizing: calculated=6, max_allowed=10, queue=271, active_workers=20/20
2026-03-03 17:12:56,538 - Knowledge - INFO - Progress: 68.6% | Files: 800/1167 | Rate: 1.61 files/sec | Queue: 271
2026-03-03 17:12:56,538 - Knowledge - INFO - [kw16] Queue=271, InProgress=0, PendingWorkers=20/20, Completed=802/1167 (68.7%)
2026-03-03 17:12:56,675 - Knowledge - INFO - Processing batch of 6 files
2026-03-03 17:12:56,704 - Knowledge - INFO - Async storing batch of 6 embeddings
2026-03-03 17:12:56,860 - Knowledge - INFO - [kw19] Queue=265, InProgress=0, PendingWorkers=20/20, Completed=806/1167 (69.1%)
2026-03-03 17:12:56,963 - Knowledge - INFO - Processing batch of 6 files
2026-03-03 17:12:57,025 - Knowledge - INFO - Batch sizing: calculated=6, max_allowed=10, queue=271, active_workers=20/20
2026-03-03 17:12:57,146 - Knowledge - INFO - process ingested knowledge for /app/data/T0015/327978/b5857iz/shopizer-327978/sm-shop/src/main/webapp/resources/js/bootstrap/bootstrap-datepicker.js
2026-03-03 17:12:57,261 - Knowledge - INFO - Worker kw9 processing /app/data/T0015/327978/b5857iz/shopizer-327978/sm-shop/src/main/webapp/resources/js/ckeditor/plugins/devtools/lang/el.js
2026-03-03 17:12:57,386 - Knowledge - INFO - Batch sizing: calculated=6, max_allowed=10, queue=265, active_workers=20/20
2026-03-03 17:12:57,613 - Knowledge - INFO - process ingested knowledge for /app/data/T0015/327978/b5857iz/shopizer-327978/sm-shop/src/main/webapp/resources/js/ckeditor/plugins/devtools/lang/it.js
2026-03-03 17:12:57,759 - Knowledge - INFO - Async storing batch of 6 embeddings
2026-03-03 17:12:57,896 - Knowledge - INFO - process ingested knowledge for /app/data/T0015/327978/b5857iz/shopizer-327978/sm-shop/src/main/webapp/resources/js/bootstrap/bootstrap-button.js
2026-03-03 17:12:58,074 - Knowledge - INFO - Fast-tracked /app/data/T0015/327978/b5857iz/shopizer-327978/sm-shop/src/main/webapp/resources/js/ckeditor/plugins/devtools/lang/el.js (ext=.js, size=437)
2026-03-03 17:12:58,167 - Knowledge - INFO - Async storing batch of 6 embeddings
2026-03-03 17:12:58,273 - Knowledge - INFO - process ingested knowledge for /app/data/T0015/327978/b5857iz/shopizer-327978/sm-shop/src/main/webapp/resources/js/ckeditor/plugins/devtools/lang/he.js
2026-03-03 17:12:58,476 - Knowledge - INFO - Worker kw16 processing /app/data/T0015/327978/b5857iz/shopizer-327978/sm-shop/src/main/webapp/resources/js/ckeditor/plugins/devtools/lang/tr.js
2026-03-03 17:12:58,624 - Knowledge - INFO - process ingested knowledge for /app/data/T0015/327978/b5857iz/shopizer-327978/sm-shop/src/main/webapp/resources/js/bootstrap/bootstrap-alert.js
2026-03-03 17:12:58,748 - Knowledge - INFO - Worker kw9 processing /app/data/T0015/327978/b5857iz/shopizer-327978/sm-shop/src/main/webapp/resources/js/ckeditor/plugins/devtools/lang/fa.js
2026-03-03 17:12:58,879 - Knowledge - INFO - Worker kw19 processing /app/data/T0015/327978/b5857iz/shopizer-327978/sm-shop/src/main/webapp/resources/js/ckeditor/plugins/devtools/lang/uk.js
2026-03-03 17:12:59,030 - Knowledge - INFO - process ingested knowledge for /app/data/T0015/327978/b5857iz/shopizer-327978/sm-shop/src/main/webapp/resources/js/ckeditor/plugins/devtools/lang/no.js
2026-03-03 17:12:59,148 - Knowledge - INFO - Fast-tracked /app/data/T0015/327978/b5857iz/shopizer-327978/sm-shop/src/main/webapp/resources/js/ckeditor/plugins/devtools/lang/tr.js (ext=.js, size=342)
2026-03-03 17:12:59,284 - Knowledge - INFO - process ingested knowledge for /app/data/T0015/327978/b5857iz/shopizer-327978/sm-shop/src/main/webapp/resources/js/bootstrap/bootstrap-popover.js
2026-03-03 17:12:59,394 - Knowledge - INFO - Fast-tracked /app/data/T0015/327978/b5857iz/shopizer-327978/sm-shop/src/main/webapp/resources/js/ckeditor/plugins/devtools/lang/fa.js (ext=.js, size=371)
2026-03-03 17:12:59,452 - Knowledge - INFO - [LLM_CALL] Completed: skin.js:chunk1, Duration: 16564ms, PromptTokens: 2974, CompletionTokens: 320, Cost: $0.00043
2026-03-03 17:12:59,504 - Knowledge - INFO - Fast-tracked /app/data/T0015/327978/b5857iz/shopizer-327978/sm-shop/src/main/webapp/resources/js/ckeditor/plugins/devtools/lang/uk.js (ext=.js, size=456)
2026-03-03 17:12:59,632 - Knowledge - INFO - process ingested knowledge for /app/data/T0015/327978/b5857iz/shopizer-327978/sm-shop/src/main/webapp/resources/js/ckeditor/plugins/devtools/lang/bg.js
2026-03-03 17:12:59,810 - Knowledge - INFO - Worker kw16 processing /app/data/T0015/327978/b5857iz/shopizer-327978/sm-shop/src/main/webapp/resources/js/ckeditor/plugins/devtools/lang/nl.js
2026-03-03 17:12:59,910 - Knowledge - INFO - process ingested knowledge for /app/data/T0015/327978/b5857iz/shopizer-327978/sm-shop/src/main/webapp/resources/js/bootstrap/bootstrap-tooltip.js
2026-03-03 17:13:00,034 - Knowledge - INFO - Worker kw9 processing /app/data/T0015/327978/b5857iz/shopizer-327978/sm-shop/src/main/webapp/resources/js/ckeditor/plugins/devtools/lang/fi.js
2026-03-03 17:13:00,154 - Knowledge - INFO - done ingest for /app/data/T0015/327978/b5857iz/shopizer-327978/sm-shop/src/main/webapp/resources/js/ckeditor/skins/kama/skin.js
2026-03-03 17:13:00,258 - Knowledge - INFO - Worker kw19 processing /app/data/T0015/327978/b5857iz/shopizer-327978/sm-shop/src/main/webapp/resources/js/ckeditor/plugins/devtools/lang/pl.js
2026-03-03 17:13:00,362 - Knowledge - INFO - process ingested knowledge for /app/data/T0015/327978/b5857iz/shopizer-327978/sm-shop/src/main/webapp/resources/js/ckeditor/plugins/devtools/lang/et.js
2026-03-03 17:13:00,579 - Knowledge - INFO - process ingested knowledge for /app/data/T0015/327978/b5857iz/shopizer-327978/sm-shop/src/main/webapp/resources/js/bootstrap/bootstrap-transition.js
2026-03-03 17:13:00,598 - Knowledge - INFO - Fast-tracked /app/data/T0015/327978/b5857iz/shopizer-327978/sm-shop/src/main/webapp/resources/js/ckeditor/plugins/devtools/lang/nl.js (ext=.js, size=337)
2026-03-03 17:13:00,775 - Knowledge - INFO - Fast-tracked /app/data/T0015/327978/b5857iz/shopizer-327978/sm-shop/src/main/webapp/resources/js/ckeditor/plugins/devtools/lang/fi.js (ext=.js, size=353)
2026-03-03 17:13:01,029 - Knowledge - INFO - Fast-tracked /app/data/T0015/327978/b5857iz/shopizer-327978/sm-shop/src/main/webapp/resources/js/ckeditor/plugins/devtools/lang/pl.js (ext=.js, size=355)
2026-03-03 17:13:01,072 - Knowledge - INFO - Processing batch of 6 files
2026-03-03 17:13:01,142 - Knowledge - INFO - process ingested knowledge for /app/data/T0015/327978/b5857iz/shopizer-327978/sm-shop/src/main/webapp/resources/js/ckeditor/plugins/devtools/lang/de.js
2026-03-03 17:13:01,410 - Knowledge - INFO - Worker kw16 processing /app/data/T0015/327978/b5857iz/shopizer-327978/sm-shop/src/main/webapp/resources/js/ckeditor/plugins/devtools/lang/hr.js
2026-03-03 17:13:01,497 - Knowledge - INFO - Worker kw9 processing /app/data/T0015/327978/b5857iz/shopizer-327978/sm-shop/src/main/webapp/resources/js/ckeditor/plugins/devtools/lang/vi.js
2026-03-03 17:13:01,648 - Knowledge - INFO - Worker kw19 processing /app/data/T0015/327978/b5857iz/shopizer-327978/sm-shop/src/main/webapp/resources/js/ckeditor/plugins/devtools/lang/ug.js
2026-03-03 17:13:01,780 - Knowledge - INFO - process ingested knowledge for /app/data/T0015/327978/b5857iz/shopizer-327978/sm-shop/src/main/webapp/resources/js/ckeditor/skins/v2/editor.css
2026-03-03 17:13:02,012 - Knowledge - INFO - Fast-tracked /app/data/T0015/327978/b5857iz/shopizer-327978/sm-shop/src/main/webapp/resources/js/ckeditor/plugins/devtools/lang/hr.js (ext=.js, size=356)
2026-03-03 17:13:02,176 - Knowledge - INFO - Fast-tracked /app/data/T0015/327978/b5857iz/shopizer-327978/sm-shop/src/main/webapp/resources/js/ckeditor/plugins/devtools/lang/vi.js (ext=.js, size=343)
2026-03-03 17:13:02,328 - Knowledge - INFO - Fast-tracked /app/data/T0015/327978/b5857iz/shopizer-327978/sm-shop/src/main/webapp/resources/js/ckeditor/plugins/devtools/lang/ug.js (ext=.js, size=408)
2026-03-03 17:13:02,664 - Knowledge - INFO - Worker kw16 processing /app/data/T0015/327978/b5857iz/shopizer-327978/sm-shop/src/main/webapp/resources/js/ckeditor/plugins/devtools/lang/fr.js
2026-03-03 17:13:02,870 - Knowledge - INFO - Worker kw9 processing /app/data/T0015/327978/b5857iz/shopizer-327978/sm-shop/src/main/webapp/resources/js/ckeditor/plugins/devtools/lang/en.js
2026-03-03 17:13:02,963 - Knowledge - INFO - process ingested knowledge for /app/data/T0015/327978/b5857iz/shopizer-327978/sm-shop/src/main/webapp/resources/js/ckeditor/skins/v2/dialog.css
2026-03-03 17:13:02,963 - Knowledge - INFO - Worker kw19 processing /app/data/T0015/327978/b5857iz/shopizer-327978/sm-shop/src/main/webapp/resources/js/ckeditor/plugins/devtools/lang/cy.js
2026-03-03 17:13:03,065 - Knowledge - INFO - [LLM_CALL] Completed: bootstrap-typeahead.js:chunk1, Duration: 20231ms, PromptTokens: 4280, CompletionTokens: 720, Cost: $0.00072
2026-03-03 17:13:03,148 - Knowledge - INFO - Fast-tracked /app/data/T0015/327978/b5857iz/shopizer-327978/sm-shop/src/main/webapp/resources/js/ckeditor/plugins/devtools/lang/fr.js (ext=.js, size=381)
2026-03-03 17:13:03,279 - Knowledge - INFO - Fast-tracked /app/data/T0015/327978/b5857iz/shopizer-327978/sm-shop/src/main/webapp/resources/js/ckeditor/plugins/devtools/lang/en.js (ext=.js, size=340)
2026-03-03 17:13:03,503 - Knowledge - INFO - Fast-tracked /app/data/T0015/327978/b5857iz/shopizer-327978/sm-shop/src/main/webapp/resources/js/ckeditor/plugins/devtools/lang/cy.js (ext=.js, size=350)
2026-03-03 17:13:03,927 - Knowledge - INFO - done ingest for /app/data/T0015/327978/b5857iz/shopizer-327978/sm-shop/src/main/webapp/resources/js/bootstrap/bootstrap-typeahead.js
2026-03-03 17:13:03,931 - Knowledge - INFO - process ingested knowledge for /app/data/T0015/327978/b5857iz/shopizer-327978/sm-shop/src/main/webapp/resources/js/ckeditor/skins/kama/skin.js
2026-03-03 17:13:04,111 - Knowledge - INFO - Worker kw16 processing /app/data/T0015/327978/b5857iz/shopizer-327978/sm-shop/src/main/webapp/resources/js/ckeditor/plugins/devtools/lang/nb.js
2026-03-03 17:13:04,205 - Knowledge - INFO - Worker kw9 processing /app/data/T0015/327978/b5857iz/shopizer-327978/sm-shop/src/main/webapp/resources/js/ckeditor/plugins/devtools/lang/cs.js
2026-03-03 17:13:04,322 - Knowledge - INFO - Worker kw19 processing /app/data/T0015/327978/b5857iz/shopizer-327978/sm-shop/src/main/webapp/resources/js/ckeditor/plugins/devtools/lang/gu.js
2026-03-03 17:13:04,478 - Knowledge - INFO - [LLM_CALL] Completed: bootstrap-scrollspy.js:chunk1, Duration: 31347ms, PromptTokens: 2844, CompletionTokens: 395, Cost: $0.00044
2026-03-03 17:13:04,645 - Knowledge - INFO - Fast-tracked /app/data/T0015/327978/b5857iz/shopizer-327978/sm-shop/src/main/webapp/resources/js/ckeditor/plugins/devtools/lang/nb.js (ext=.js, size=345)
2026-03-03 17:13:04,748 - Knowledge - INFO - Fast-tracked /app/data/T0015/327978/b5857iz/shopizer-327978/sm-shop/src/main/webapp/resources/js/ckeditor/plugins/devtools/lang/cs.js (ext=.js, size=343)
2026-03-03 17:13:04,833 - Knowledge - INFO - Fast-tracked /app/data/T0015/327978/b5857iz/shopizer-327978/sm-shop/src/main/webapp/resources/js/ckeditor/plugins/devtools/lang/gu.js (ext=.js, size=461)
2026-03-03 17:13:04,884 - Knowledge - INFO - process ingested knowledge for /app/data/T0015/327978/b5857iz/shopizer-327978/sm-shop/src/main/webapp/resources/js/ckeditor/skins/kama/templates.css
2026-03-03 17:13:04,912 - Knowledge - INFO - done ingest for /app/data/T0015/327978/b5857iz/shopizer-327978/sm-shop/src/main/webapp/resources/js/bootstrap/bootstrap-scrollspy.js
2026-03-03 17:13:04,916 - Knowledge - INFO - [kw6] Queue=253, InProgress=0, PendingWorkers=20/20, Completed=813/1167 (69.7%)
2026-03-03 17:13:04,949 - Knowledge - INFO - Processing batch of 6 files
2026-03-03 17:13:05,006 - Knowledge - INFO - Worker kw16 processing /app/data/T0015/327978/b5857iz/shopizer-327978/sm-shop/src/main/webapp/resources/js/ckeditor/plugins/devtools/lang/zh-cn.js
2026-03-03 17:13:05,062 - Knowledge - INFO - [kw14] Queue=253, InProgress=0, PendingWorkers=20/20, Completed=818/1167 (70.1%)
2026-03-03 17:13:05,091 - Knowledge - INFO - Async storage completed for 6 embeddings
2026-03-03 17:13:05,200 - Knowledge - INFO - Worker kw19 processing /app/data/T0015/327978/b5857iz/shopizer-327978/sm-shop/src/main/webapp/resources/js/ckeditor/plugins/devtools/lang/eo.js
2026-03-03 17:13:05,296 - Knowledge - INFO - process ingested knowledge for /app/data/T0015/327978/b5857iz/shopizer-327978/sm-shop/src/main/webapp/resources/js/ckeditor/skins/kama/editor.css
2026-03-03 17:13:05,525 - Knowledge - INFO - Batch sizing: calculated=6, max_allowed=10, queue=253, active_workers=20/20
2026-03-03 17:13:05,640 - Knowledge - INFO - process ingested knowledge for /app/data/T0015/327978/b5857iz/shopizer-327978/sm-shop/src/main/webapp/resources/js/bootstrap/bootstrap-typeahead.js
2026-03-03 17:13:05,777 - Knowledge - INFO - [LLM_CALL] Completed: bootstrap-collapse.js:chunk1, Duration: 30269ms, PromptTokens: 2840, CompletionTokens: 426, Cost: $0.00045
2026-03-03 17:13:05,778 - Knowledge - INFO - Fast-tracked /app/data/T0015/327978/b5857iz/shopizer-327978/sm-shop/src/main/webapp/resources/js/ckeditor/plugins/devtools/lang/zh-cn.js (ext=.js, size=340)
2026-03-03 17:13:05,853 - Knowledge - INFO - Batch sizing: calculated=6, max_allowed=10, queue=253, active_workers=20/20
2026-03-03 17:13:06,055 - Knowledge - INFO - Fast-tracked /app/data/T0015/327978/b5857iz/shopizer-327978/sm-shop/src/main/webapp/resources/js/ckeditor/plugins/devtools/lang/eo.js (ext=.js, size=367)
2026-03-03 17:13:06,161 - Knowledge - INFO - process ingested knowledge for /app/data/T0015/327978/b5857iz/shopizer-327978/sm-shop/src/main/webapp/resources/js/ckeditor/skins/kama/dialog.css
2026-03-03 17:13:06,351 - Knowledge - INFO - process ingested knowledge for /app/data/T0015/327978/b5857iz/shopizer-327978/sm-shop/src/main/webapp/resources/js/bootstrap/jquery.js
2026-03-03 17:13:06,427 - Knowledge - INFO - done ingest for /app/data/T0015/327978/b5857iz/shopizer-327978/sm-shop/src/main/webapp/resources/js/bootstrap/bootstrap-collapse.js
2026-03-03 17:13:06,430 - Knowledge - INFO - Async storing batch of 6 embeddings
2026-03-03 17:13:06,484 - Knowledge - INFO - Processing batch of 6 files
2026-03-03 17:13:06,513 - Knowledge - INFO - Async storage completed for 6 embeddings
2026-03-03 17:13:06,617 - Knowledge - INFO - Async storing batch of 6 embeddings
2026-03-03 17:13:06,739 - Knowledge - INFO - Async storage completed for 6 embeddings
2026-03-03 17:13:06,945 - Knowledge - INFO - process ingested knowledge for /app/data/T0015/327978/b5857iz/shopizer-327978/sm-shop/src/main/webapp/resources/js/address.js
2026-03-03 17:13:07,146 - Knowledge - INFO - Worker kw6 processing /app/data/T0015/327978/b5857iz/shopizer-327978/sm-shop/src/main/webapp/resources/js/ckeditor/plugins/devtools/plugin.js
2026-03-03 17:13:07,215 - Knowledge - INFO - [LLM_CALL] Completed: bootstrap-modal.js:chunk1, Duration: 24369ms, PromptTokens: 3454, CompletionTokens: 362, Cost: $0.00049
2026-03-03 17:13:07,267 - Knowledge - INFO - process ingested knowledge for /app/data/T0015/327978/b5857iz/shopizer-327978/sm-shop/src/main/webapp/resources/js/ckeditor/plugins/devtools/lang/el.js
2026-03-03 17:13:07,470 - Knowledge - INFO - Worker kw14 processing /app/data/T0015/327978/b5857iz/shopizer-327978/sm-shop/src/main/webapp/resources/js/ckeditor/plugins/scayt/dialogs/options.js
2026-03-03 17:13:07,684 - Knowledge - INFO - process ingested knowledge for /app/data/T0015/327978/b5857iz/shopizer-327978/sm-shop/src/main/webapp/resources/js/ckeditor/ckeditor.js
2026-03-03 17:13:07,780 - Knowledge - INFO - Worker kw6 processing /app/data/T0015/327978/b5857iz/shopizer-327978/sm-shop/src/main/webapp/resources/js/ckeditor/plugins/dialog/dialogDefinition.js
2026-03-03 17:13:07,898 - Knowledge - INFO - done ingest for /app/data/T0015/327978/b5857iz/shopizer-327978/sm-shop/src/main/webapp/resources/js/bootstrap/bootstrap-modal.js
2026-03-03 17:13:07,903 - Knowledge - INFO - [WEBSOCKET] Sent: Type=progress_update, Size: 291, Duration: 0ms
2026-03-03 17:13:07,983 - Knowledge - INFO - process ingested knowledge for /app/data/T0015/327978/b5857iz/shopizer-327978/sm-shop/src/main/webapp/resources/js/ckeditor/plugins/devtools/lang/fa.js
2026-03-03 17:13:08,070 - Knowledge - INFO - Worker kw14 processing /app/data/T0015/327978/b5857iz/shopizer-327978/sm-shop/src/main/webapp/resources/js/ckeditor/plugins/iframedialog/plugin.js
2026-03-03 17:13:08,163 - Knowledge - INFO - process ingested knowledge for /app/data/T0015/327978/b5857iz/shopizer-327978/sm-shop/src/main/webapp/resources/js/ckeditor/skins/v2/skin.js
2026-03-03 17:13:08,252 - Knowledge - INFO - Fast-tracked /app/data/T0015/327978/b5857iz/shopizer-327978/sm-shop/src/main/webapp/resources/js/ckeditor/plugins/dialog/dialogDefinition.js (ext=.js, size=152)
2026-03-03 17:13:08,477 - Knowledge - INFO - [WEBSOCKET] Sent: Type=unknown, Size: ?, Duration: 574ms
2026-03-03 17:13:08,538 - Knowledge - INFO - process ingested knowledge for /app/data/T0015/327978/b5857iz/shopizer-327978/sm-shop/src/main/webapp/resources/js/ckeditor/plugins/devtools/lang/fi.js
2026-03-03 17:13:08,633 - Knowledge - INFO - Fast-tracked /app/data/T0015/327978/b5857iz/shopizer-327978/sm-shop/src/main/webapp/resources/js/ckeditor/plugins/iframedialog/plugin.js (ext=.js, size=1986)
2026-03-03 17:13:08,708 - Knowledge - INFO - process ingested knowledge for /app/data/T0015/327978/b5857iz/shopizer-327978/sm-shop/src/main/webapp/resources/js/ckeditor/skins/v2/templates.css
2026-03-03 17:13:08,798 - Knowledge - INFO - Worker kw6 processing /app/data/T0015/327978/b5857iz/shopizer-327978/sm-shop/src/main/webapp/resources/js/ckeditor/plugins/autogrow/plugin.js
2026-03-03 17:13:08,930 - Knowledge - INFO - Progress: 70.8% | Files: 828/1167 | Rate: 1.62 files/sec | Queue: 241
2026-03-03 17:13:08,932 - Knowledge - INFO - [LLM_CALL] Completed: bootstrap-tab.js:chunk1, Duration: 31712ms, PromptTokens: 2352, CompletionTokens: 299, Cost: $0.00035
2026-03-03 17:13:09,048 - Knowledge - INFO - process ingested knowledge for /app/data/T0015/327978/b5857iz/shopizer-327978/sm-shop/src/main/webapp/resources/js/ckeditor/plugins/devtools/lang/vi.js
2026-03-03 17:13:09,158 - Knowledge - INFO - Worker kw14 processing /app/data/T0015/327978/b5857iz/shopizer-327978/sm-shop/src/main/webapp/resources/js/ckeditor/plugins/iframe/dialogs/iframe.js
2026-03-03 17:13:09,326 - Knowledge - INFO - Fast-tracked /app/data/T0015/327978/b5857iz/shopizer-327978/sm-shop/src/main/webapp/resources/js/ckeditor/plugins/autogrow/plugin.js (ext=.js, size=1669)
2026-03-03 17:13:09,517 - Knowledge - INFO - done ingest for /app/data/T0015/327978/b5857iz/shopizer-327978/sm-shop/src/main/webapp/resources/js/bootstrap/bootstrap-tab.js
2026-03-03 17:13:09,529 - Knowledge - INFO - [kw17] Queue=241, InProgress=0, PendingWorkers=20/20, Completed=828/1167 (71.0%)
2026-03-03 17:13:09,584 - Knowledge - INFO - Processing batch of 6 files
2026-03-03 17:13:09,598 - Knowledge - INFO - Processing batch of 6 files
2026-03-03 17:13:09,676 - Knowledge - INFO - process ingested knowledge for /app/data/T0015/327978/b5857iz/shopizer-327978/sm-shop/src/main/webapp/resources/js/ckeditor/plugins/devtools/lang/en.js
2026-03-03 17:13:09,709 - Knowledge - INFO - Worker kw14 processing /app/data/T0015/327978/b5857iz/shopizer-327978/sm-shop/src/main/webapp/resources/js/ckeditor/plugins/styles/styles/default.js
2026-03-03 17:13:09,794 - Knowledge - INFO - Worker kw6 processing /app/data/T0015/327978/b5857iz/shopizer-327978/sm-shop/src/main/webapp/resources/js/ckeditor/plugins/table/dialogs/table.js
2026-03-03 17:13:09,957 - Knowledge - INFO - Processing batch of 6 files
2026-03-03 17:13:10,007 - Knowledge - INFO - Batch sizing: calculated=6, max_allowed=10, queue=241, active_workers=20/20
2026-03-03 17:13:10,089 - Knowledge - INFO - [kw2] Queue=241, InProgress=0, PendingWorkers=20/20, Completed=842/1167 (72.2%)
2026-03-03 17:13:10,097 - Knowledge - INFO - process ingested knowledge for /app/data/T0015/327978/b5857iz/shopizer-327978/sm-shop/src/main/webapp/resources/js/ckeditor/plugins/devtools/lang/tr.js
2026-03-03 17:13:10,185 - Knowledge - INFO - process ingested knowledge for /app/data/T0015/327978/b5857iz/shopizer-327978/sm-shop/src/main/webapp/resources/js/ckeditor/plugins/devtools/lang/uk.js
2026-03-03 17:13:10,266 - Knowledge - INFO - process ingested knowledge for /app/data/T0015/327978/b5857iz/shopizer-327978/sm-shop/src/main/webapp/resources/js/ckeditor/plugins/devtools/lang/cs.js
2026-03-03 17:13:10,355 - Knowledge - INFO - Fast-tracked /app/data/T0015/327978/b5857iz/shopizer-327978/sm-shop/src/main/webapp/resources/js/ckeditor/plugins/styles/styles/default.js (ext=.js, size=1365)
2026-03-03 17:13:10,459 - Knowledge - INFO - Worker kw6 processing /app/data/T0015/327978/b5857iz/shopizer-327978/sm-shop/src/main/webapp/resources/js/ckeditor/plugins/ajax/plugin.js
2026-03-03 17:13:10,532 - Knowledge - INFO - process ingested knowledge for /app/data/T0015/327978/b5857iz/shopizer-327978/sm-shop/src/main/webapp/resources/js/bootstrap/bootstrap-scrollspy.js
2026-03-03 17:13:10,644 - Knowledge - INFO - Async storing batch of 6 embeddings
2026-03-03 17:13:10,734 - Knowledge - INFO - Batch sizing: calculated=6, max_allowed=10, queue=241, active_workers=20/20
2026-03-03 17:13:10,824 - Knowledge - INFO - process ingested knowledge for /app/data/T0015/327978/b5857iz/shopizer-327978/sm-shop/src/main/webapp/resources/js/ckeditor/plugins/devtools/lang/nl.js
2026-03-03 17:13:10,913 - Knowledge - INFO - process ingested knowledge for /app/data/T0015/327978/b5857iz/shopizer-327978/sm-shop/src/main/webapp/resources/js/ckeditor/plugins/devtools/lang/pl.js
2026-03-03 17:13:11,036 - Knowledge - INFO - Async storage completed for 6 embeddings
2026-03-03 17:13:11,110 - Knowledge - INFO - Worker kw14 processing /app/data/T0015/327978/b5857iz/shopizer-327978/sm-shop/src/main/webapp/resources/js/ckeditor/plugins/pastetext/dialogs/pastetext.js
2026-03-03 17:13:11,207 - Knowledge - INFO - Fast-tracked /app/data/T0015/327978/b5857iz/shopizer-327978/sm-shop/src/main/webapp/resources/js/ckeditor/plugins/ajax/plugin.js (ext=.js, size=1044)
2026-03-03 17:13:11,352 - Knowledge - INFO - process ingested knowledge for /app/data/T0015/327978/b5857iz/shopizer-327978/sm-shop/src/main/webapp/resources/js/bootstrap/bootstrap-collapse.js
2026-03-03 17:13:11,404 - Knowledge - INFO - Worker kw17 processing /app/data/T0015/327978/b5857iz/shopizer-327978/sm-shop/src/main/webapp/resources/js/ckeditor/plugins/docprops/plugin.js
2026-03-03 17:13:11,581 - Knowledge - INFO - Async storing batch of 6 embeddings
2026-03-03 17:13:11,614 - Knowledge - INFO - process ingested knowledge for /app/data/T0015/327978/b5857iz/shopizer-327978/sm-shop/src/main/webapp/resources/js/ckeditor/plugins/devtools/lang/hr.js
2026-03-03 17:13:11,746 - Knowledge - INFO - process ingested knowledge for /app/data/T0015/327978/b5857iz/shopizer-327978/sm-shop/src/main/webapp/resources/js/ckeditor/plugins/devtools/lang/ug.js
2026-03-03 17:13:11,928 - Knowledge - INFO - Fast-tracked /app/data/T0015/327978/b5857iz/shopizer-327978/sm-shop/src/main/webapp/resources/js/ckeditor/plugins/pastetext/dialogs/pastetext.js (ext=.js, size=1073)
2026-03-03 17:13:12,007 - Knowledge - INFO - Worker kw6 processing /app/data/T0015/327978/b5857iz/shopizer-327978/sm-shop/src/main/webapp/resources/js/ckeditor/plugins/scayt/dialogs/toolbar.css
2026-03-03 17:13:12,115 - Knowledge - INFO - process ingested knowledge for /app/data/T0015/327978/b5857iz/shopizer-327978/sm-shop/src/main/webapp/resources/js/bootstrap/bootstrap-tab.js
2026-03-03 17:13:12,166 - Knowledge - INFO - [kw9] Queue=229, InProgress=0, PendingWorkers=20/20, Completed=842/1167 (72.2%)
2026-03-03 17:13:12,204 - Knowledge - INFO - Fast-tracked /app/data/T0015/327978/b5857iz/shopizer-327978/sm-shop/src/main/webapp/resources/js/ckeditor/plugins/docprops/plugin.js (ext=.js, size=458)
2026-03-03 17:13:12,300 - Knowledge - INFO - Worker kw2 processing /app/data/T0015/327978/b5857iz/shopizer-327978/sm-shop/src/main/webapp/resources/js/ckeditor/plugins/find/dialogs/find.js
2026-03-03 17:13:12,377 - Knowledge - INFO - process ingested knowledge for /app/data/T0015/327978/b5857iz/shopizer-327978/sm-shop/src/main/webapp/resources/js/ckeditor/plugins/devtools/lang/fr.js
2026-03-03 17:13:12,468 - Knowledge - INFO - process ingested knowledge for /app/data/T0015/327978/b5857iz/shopizer-327978/sm-shop/src/main/webapp/resources/js/ckeditor/plugins/devtools/lang/cy.js
2026-03-03 17:13:12,592 - Knowledge - INFO - Worker kw14 processing /app/data/T0015/327978/b5857iz/shopizer-327978/sm-shop/src/main/webapp/resources/js/ckeditor/plugins/preview/preview.html
2026-03-03 17:13:12,691 - Knowledge - INFO - Fast-tracked /app/data/T0015/327978/b5857iz/shopizer-327978/sm-shop/src/main/webapp/resources/js/ckeditor/plugins/scayt/dialogs/toolbar.css (ext=.css, size=1230)
2026-03-03 17:13:12,768 - Knowledge - INFO - process ingested knowledge for /app/data/T0015/327978/b5857iz/shopizer-327978/sm-shop/src/main/webapp/resources/js/bootstrap/bootstrap-dropdown.js
2026-03-03 17:13:12,886 - Knowledge - INFO - Batch sizing: calculated=6, max_allowed=10, queue=229, active_workers=20/20
2026-03-03 17:13:12,971 - Knowledge - INFO - Worker kw17 processing /app/data/T0015/327978/b5857iz/shopizer-327978/sm-shop/src/main/webapp/resources/js/ckeditor/plugins/docprops/dialogs/docprops.js
2026-03-03 17:13:13,067 - Knowledge - INFO - Worker kw2 processing /app/data/T0015/327978/b5857iz/shopizer-327978/sm-shop/src/main/webapp/resources/js/ckeditor/plugins/xml/plugin.js
2026-03-03 17:13:13,137 - Knowledge - INFO - process ingested knowledge for /app/data/T0015/327978/b5857iz/shopizer-327978/sm-shop/src/main/webapp/resources/js/ckeditor/plugins/devtools/lang/nb.js
2026-03-03 17:13:13,238 - Knowledge - INFO - process ingested knowledge for /app/data/T0015/327978/b5857iz/shopizer-327978/sm-shop/src/main/webapp/resources/js/ckeditor/plugins/devtools/lang/gu.js
2026-03-03 17:13:13,353 - Knowledge - INFO - Fast-tracked /app/data/T0015/327978/b5857iz/shopizer-327978/sm-shop/src/main/webapp/resources/js/ckeditor/plugins/preview/preview.html (ext=.html, size=159)
2026-03-03 17:13:13,436 - Knowledge - INFO - Fast-tracked /app/data/T0015/327978/b5857iz/shopizer-327978/sm-shop/src/main/webapp/resources/js/ckeditor/plugins/devtools/plugin.js (small file (2486 bytes))
2026-03-03 17:13:13,508 - Knowledge - INFO - process ingested knowledge for /app/data/T0015/327978/b5857iz/shopizer-327978/sm-shop/src/main/webapp/resources/js/bootstrap/bootstrap-modal.js
2026-03-03 17:13:13,588 - Knowledge - INFO - Async storing batch of 6 embeddings
2026-03-03 17:13:13,694 - Knowledge - INFO - Worker kw17 processing /app/data/T0015/327978/b5857iz/shopizer-327978/sm-shop/src/main/webapp/resources/js/ckeditor/plugins/tableresize/plugin.js
2026-03-03 17:13:13,763 - Knowledge - INFO - Fast-tracked /app/data/T0015/327978/b5857iz/shopizer-327978/sm-shop/src/main/webapp/resources/js/ckeditor/plugins/xml/plugin.js (ext=.js, size=1361)
2026-03-03 17:13:13,874 - Knowledge - INFO - process ingested knowledge for /app/data/T0015/327978/b5857iz/shopizer-327978/sm-shop/src/main/webapp/resources/js/ckeditor/plugins/devtools/lang/zh-cn.js
2026-03-03 17:13:13,960 - Knowledge - INFO - process ingested knowledge for /app/data/T0015/327978/b5857iz/shopizer-327978/sm-shop/src/main/webapp/resources/js/ckeditor/plugins/devtools/lang/eo.js
2026-03-03 17:13:14,236 - Knowledge - INFO - process ingested knowledge for /app/data/T0015/327978/b5857iz/shopizer-327978/sm-shop/src/main/webapp/resources/js/bootstrap/bootstrap.min.js
2026-03-03 17:13:14,351 - Knowledge - INFO - Worker kw9 processing /app/data/T0015/327978/b5857iz/shopizer-327978/sm-shop/src/main/webapp/resources/js/ckeditor/plugins/a11yhelp/lang/it.js
2026-03-03 17:13:14,435 - Knowledge - INFO - Worker kw17 processing /app/data/T0015/327978/b5857iz/shopizer-327978/sm-shop/src/main/webapp/resources/js/ckeditor/plugins/link/dialogs/anchor.js
2026-03-03 17:13:14,505 - Knowledge - INFO - Worker kw2 processing /app/data/T0015/327978/b5857iz/shopizer-327978/sm-shop/src/main/webapp/resources/js/ckeditor/plugins/tabletools/dialogs/tableCell.js
2026-03-03 17:13:14,873 - Knowledge - INFO - Worker kw9 processing /app/data/T0015/327978/b5857iz/shopizer-327978/sm-shop/src/main/webapp/resources/js/ckeditor/plugins/a11yhelp/lang/he.js
2026-03-03 17:13:14,957 - Knowledge - INFO - Fast-tracked /app/data/T0015/327978/b5857iz/shopizer-327978/sm-shop/src/main/webapp/resources/js/ckeditor/plugins/link/dialogs/anchor.js (ext=.js, size=1986)
2026-03-03 17:13:15,046 - Knowledge - INFO - Worker kw2 processing /app/data/T0015/327978/b5857iz/shopizer-327978/sm-shop/src/main/webapp/resources/js/ckeditor/plugins/a11yhelp/lang/pt-br.js
2026-03-03 17:13:15,134 - Knowledge - INFO - Worker kw9 processing /app/data/T0015/327978/b5857iz/shopizer-327978/sm-shop/src/main/webapp/resources/js/ckeditor/plugins/a11yhelp/lang/no.js
2026-03-03 17:13:15,244 - Knowledge - INFO - Worker kw17 processing /app/data/T0015/327978/b5857iz/shopizer-327978/sm-shop/src/main/webapp/resources/js/ckeditor/plugins/link/dialogs/link.js
2026-03-03 17:13:15,372 - Knowledge - INFO - Worker kw2 processing /app/data/T0015/327978/b5857iz/shopizer-327978/sm-shop/src/main/webapp/resources/js/ckeditor/plugins/a11yhelp/lang/da.js
2026-03-03 17:13:15,441 - Knowledge - INFO - Worker kw9 processing /app/data/T0015/327978/b5857iz/shopizer-327978/sm-shop/src/main/webapp/resources/js/ckeditor/plugins/a11yhelp/lang/de.js
2026-03-03 17:13:15,534 - Knowledge - INFO - Worker kw17 processing /app/data/T0015/327978/b5857iz/shopizer-327978/sm-shop/src/main/webapp/resources/js/ckeditor/plugins/flash/dialogs/flash.js
2026-03-03 17:13:15,625 - Knowledge - INFO - Worker kw2 processing /app/data/T0015/327978/b5857iz/shopizer-327978/sm-shop/src/main/webapp/resources/js/ckeditor/plugins/a11yhelp/lang/_translationstatus.txt
2026-03-03 17:13:15,703 - Knowledge - INFO - Worker kw9 processing /app/data/T0015/327978/b5857iz/shopizer-327978/sm-shop/src/main/webapp/resources/js/ckeditor/plugins/a11yhelp/lang/ro.js
2026-03-03 17:13:15,866 - Knowledge - INFO - Fast-tracked /app/data/T0015/327978/b5857iz/shopizer-327978/sm-shop/src/main/webapp/resources/js/ckeditor/plugins/a11yhelp/lang/_translationstatus.txt (ext=.txt, size=871)
2026-03-03 17:13:15,945 - Knowledge - INFO - Worker kw9 processing /app/data/T0015/327978/b5857iz/shopizer-327978/sm-shop/src/main/webapp/resources/js/ckeditor/plugins/a11yhelp/lang/el.js
2026-03-03 17:13:16,251 - Knowledge - INFO - [LLM_CALL] Completed: pt-br.js:chunk1, Duration: 32400ms, PromptTokens: 11474, CompletionTokens: 158, Cost: $0.00121
2026-03-03 17:13:16,263 - Knowledge - INFO - Fast-tracked /app/data/T0015/327978/b5857iz/shopizer-327978/sm-shop/src/main/webapp/resources/js/ckeditor/plugins/a11yhelp/lang/it.js (small file (2979 bytes))
2026-03-03 17:13:16,442 - Knowledge - INFO - done ingest for /app/data/T0015/327978/b5857iz/shopizer-327978/sm-shop/src/main/webapp/resources/js/ckeditor/lang/pt-br.js
2026-03-03 17:13:16,443 - Knowledge - INFO - [kw16] Queue=223, InProgress=0, PendingWorkers=20/20, Completed=842/1167 (72.2%)
2026-03-03 17:13:16,443 - Knowledge - INFO - [kw19] Queue=223, InProgress=0, PendingWorkers=20/20, Completed=842/1167 (72.2%)
2026-03-03 17:13:16,554 - Knowledge - INFO - Fast-tracked /app/data/T0015/327978/b5857iz/shopizer-327978/sm-shop/src/main/webapp/resources/js/ckeditor/plugins/a11yhelp/lang/he.js (small file (2289 bytes))
2026-03-03 17:13:16,584 - Knowledge - INFO - [kw10] Queue=223, InProgress=0, PendingWorkers=20/20, Completed=842/1167 (72.2%)
2026-03-03 17:13:16,791 - Knowledge - INFO - Batch sizing: calculated=6, max_allowed=10, queue=223, active_workers=20/20
2026-03-03 17:13:16,865 - Knowledge - INFO - [LLM_CALL] Completed: da.js:chunk1, Duration: 17556ms, PromptTokens: 11776, CompletionTokens: 136, Cost: $0.00123
2026-03-03 17:13:16,938 - Knowledge - INFO - Batch sizing: calculated=6, max_allowed=10, queue=223, active_workers=20/20
2026-03-03 17:13:17,029 - Knowledge - INFO - Fast-tracked /app/data/T0015/327978/b5857iz/shopizer-327978/sm-shop/src/main/webapp/resources/js/ckeditor/plugins/a11yhelp/lang/no.js (small file (2598 bytes))
2026-03-03 17:13:17,121 - Knowledge - INFO - Batch sizing: calculated=6, max_allowed=10, queue=223, active_workers=20/20
2026-03-03 17:13:17,274 - Knowledge - INFO - done ingest for /app/data/T0015/327978/b5857iz/shopizer-327978/sm-shop/src/main/webapp/resources/js/ckeditor/lang/da.js
2026-03-03 17:13:17,276 - Knowledge - INFO - Async storing batch of 6 embeddings
2026-03-03 17:13:17,353 - Knowledge - INFO - Async storing batch of 6 embeddings
2026-03-03 17:13:17,421 - Knowledge - INFO - Fast-tracked /app/data/T0015/327978/b5857iz/shopizer-327978/sm-shop/src/main/webapp/resources/js/ckeditor/plugins/a11yhelp/lang/de.js (small file (2750 bytes))
2026-03-03 17:13:17,523 - Knowledge - INFO - Async storing batch of 6 embeddings
2026-03-03 17:13:17,696 - Knowledge - INFO - Processing batch of 6 files
2026-03-03 17:13:17,735 - Knowledge - INFO - Worker kw16 processing /app/data/T0015/327978/b5857iz/shopizer-327978/sm-shop/src/main/webapp/resources/js/ckeditor/plugins/a11yhelp/lang/fa.js
2026-03-03 17:13:17,825 - Knowledge - INFO - Worker kw19 processing /app/data/T0015/327978/b5857iz/shopizer-327978/sm-shop/src/main/webapp/resources/js/ckeditor/plugins/a11yhelp/lang/nl.js
2026-03-03 17:13:17,902 - Knowledge - INFO - Fast-tracked /app/data/T0015/327978/b5857iz/shopizer-327978/sm-shop/src/main/webapp/resources/js/ckeditor/plugins/a11yhelp/lang/ro.js (small file (2415 bytes))
2026-03-03 17:13:17,991 - Knowledge - INFO - Worker kw10 processing /app/data/T0015/327978/b5857iz/shopizer-327978/sm-shop/src/main/webapp/resources/js/ckeditor/plugins/a11yhelp/lang/cy.js
2026-03-03 17:13:18,087 - Knowledge - INFO - process ingested knowledge for /app/data/T0015/327978/b5857iz/shopizer-327978/sm-shop/src/main/webapp/resources/js/ckeditor/skins/office2003/skin.js
2026-03-03 17:13:18,177 - Knowledge - INFO - Worker kw16 processing /app/data/T0015/327978/b5857iz/shopizer-327978/sm-shop/src/main/webapp/resources/js/ckeditor/plugins/a11yhelp/lang/fi.js
2026-03-03 17:13:18,252 - Knowledge - INFO - Worker kw19 processing /app/data/T0015/327978/b5857iz/shopizer-327978/sm-shop/src/main/webapp/resources/js/ckeditor/plugins/a11yhelp/lang/fr.js
2026-03-03 17:13:18,353 - Knowledge - INFO - Fast-tracked /app/data/T0015/327978/b5857iz/shopizer-327978/sm-shop/src/main/webapp/resources/js/ckeditor/plugins/a11yhelp/lang/el.js (small file (2707 bytes))
2026-03-03 17:13:18,466 - Knowledge - INFO - Worker kw10 processing /app/data/T0015/327978/b5857iz/shopizer-327978/sm-shop/src/main/webapp/resources/js/ckeditor/plugins/a11yhelp/lang/gu.js
2026-03-03 17:13:18,538 - Knowledge - INFO - process ingested knowledge for /app/data/T0015/327978/b5857iz/shopizer-327978/sm-shop/src/main/webapp/resources/js/ckeditor/skins/office2003/templates.css
2026-03-03 17:13:18,642 - Knowledge - INFO - Worker kw16 processing /app/data/T0015/327978/b5857iz/shopizer-327978/sm-shop/src/main/webapp/resources/js/ckeditor/plugins/a11yhelp/lang/vi.js
2026-03-03 17:13:18,727 - Knowledge - INFO - Worker kw19 processing /app/data/T0015/327978/b5857iz/shopizer-327978/sm-shop/src/main/webapp/resources/js/ckeditor/plugins/a11yhelp/lang/mk.js
2026-03-03 17:13:18,836 - Knowledge - INFO - Async storage completed for 6 embeddings
2026-03-03 17:13:18,948 - Knowledge - INFO - Worker kw10 processing /app/data/T0015/327978/b5857iz/shopizer-327978/sm-shop/src/main/webapp/resources/js/ckeditor/plugins/a11yhelp/lang/eo.js
2026-03-03 17:13:19,028 - Knowledge - INFO - process ingested knowledge for /app/data/T0015/327978/b5857iz/shopizer-327978/sm-shop/src/main/webapp/resources/js/ckeditor/skins/office2003/editor.css
2026-03-03 17:13:19,152 - Knowledge - INFO - Worker kw16 processing /app/data/T0015/327978/b5857iz/shopizer-327978/sm-shop/src/main/webapp/resources/js/ckeditor/plugins/a11yhelp/lang/en.js
2026-03-03 17:13:19,234 - Knowledge - INFO - Worker kw19 processing /app/data/T0015/327978/b5857iz/shopizer-327978/sm-shop/src/main/webapp/resources/js/ckeditor/plugins/a11yhelp/lang/nb.js
2026-03-03 17:13:19,384 - Knowledge - INFO - Processing batch of 6 files
2026-03-03 17:13:19,463 - Knowledge - INFO - Worker kw10 processing /app/data/T0015/327978/b5857iz/shopizer-327978/sm-shop/src/main/webapp/resources/js/ckeditor/plugins/a11yhelp/dialogs/a11yhelp.js
2026-03-03 17:13:19,584 - Knowledge - INFO - process ingested knowledge for /app/data/T0015/327978/b5857iz/shopizer-327978/sm-shop/src/main/webapp/resources/js/ckeditor/skins/office2003/dialog.css
2026-03-03 17:13:19,699 - Knowledge - INFO - Worker kw16 processing /app/data/T0015/327978/b5857iz/shopizer-327978/sm-shop/src/main/webapp/resources/js/ckeditor/plugins/a11yhelp/lang/cs.js
2026-03-03 17:13:19,795 - Knowledge - INFO - Worker kw19 processing /app/data/T0015/327978/b5857iz/shopizer-327978/sm-shop/src/main/webapp/resources/js/ckeditor/plugins/a11yhelp/lang/zh-cn.js
2026-03-03 17:13:19,874 - Knowledge - INFO - process ingested knowledge for /app/data/T0015/327978/b5857iz/shopizer-327978/sm-shop/src/main/webapp/resources/js/ckeditor/plugins/a11yhelp/lang/it.js
2026-03-03 17:13:19,990 - Knowledge - INFO - Worker kw10 processing /app/data/T0015/327978/b5857iz/shopizer-327978/sm-shop/src/main/webapp/resources/js/ckeditor/plugins/uicolor/lang/pt-br.js
2026-03-03 17:13:20,097 - Knowledge - INFO - process ingested knowledge for /app/data/T0015/327978/b5857iz/shopizer-327978/sm-shop/src/main/webapp/resources/js/ckeditor/lang/pt-br.js
2026-03-03 17:13:20,185 - Knowledge - INFO - Worker kw16 processing /app/data/T0015/327978/b5857iz/shopizer-327978/sm-shop/src/main/webapp/resources/js/ckeditor/plugins/a11yhelp/lang/tr.js
2026-03-03 17:13:20,284 - Knowledge - INFO - Worker kw19 processing /app/data/T0015/327978/b5857iz/shopizer-327978/sm-shop/src/main/webapp/resources/js/ckeditor/plugins/a11yhelp/lang/ug.js
2026-03-03 17:13:20,385 - Knowledge - INFO - process ingested knowledge for /app/data/T0015/327978/b5857iz/shopizer-327978/sm-shop/src/main/webapp/resources/js/ckeditor/plugins/a11yhelp/lang/he.js
2026-03-03 17:13:20,474 - Knowledge - INFO - Fast-tracked /app/data/T0015/327978/b5857iz/shopizer-327978/sm-shop/src/main/webapp/resources/js/ckeditor/plugins/uicolor/lang/pt-br.js (ext=.js, size=361)
2026-03-03 17:13:20,570 - Knowledge - INFO - process ingested knowledge for /app/data/T0015/327978/b5857iz/shopizer-327978/sm-shop/src/main/webapp/resources/js/ckeditor/lang/da.js
2026-03-03 17:13:20,651 - Knowledge - INFO - Fast-tracked /app/data/T0015/327978/b5857iz/shopizer-327978/sm-shop/src/main/webapp/resources/js/ckeditor/plugins/a11yhelp/lang/fa.js (small file (2536 bytes))
2026-03-03 17:13:20,750 - Knowledge - INFO - Fast-tracked /app/data/T0015/327978/b5857iz/shopizer-327978/sm-shop/src/main/webapp/resources/js/ckeditor/plugins/a11yhelp/lang/nl.js (small file (2786 bytes))
2026-03-03 17:13:20,829 - Knowledge - INFO - process ingested knowledge for /app/data/T0015/327978/b5857iz/shopizer-327978/sm-shop/src/main/webapp/resources/js/ckeditor/plugins/a11yhelp/lang/no.js
2026-03-03 17:13:20,916 - Knowledge - INFO - Worker kw10 processing /app/data/T0015/327978/b5857iz/shopizer-327978/sm-shop/src/main/webapp/resources/js/ckeditor/plugins/uicolor/lang/da.js
2026-03-03 17:13:21,105 - Knowledge - INFO - Fast-tracked /app/data/T0015/327978/b5857iz/shopizer-327978/sm-shop/src/main/webapp/resources/js/ckeditor/plugins/a11yhelp/lang/fi.js (small file (2811 bytes))
2026-03-03 17:13:21,296 - Knowledge - INFO - process ingested knowledge for /app/data/T0015/327978/b5857iz/shopizer-327978/sm-shop/src/main/webapp/resources/js/ckeditor/plugins/a11yhelp/lang/de.js
2026-03-03 17:13:21,395 - Knowledge - INFO - Fast-tracked /app/data/T0015/327978/b5857iz/shopizer-327978/sm-shop/src/main/webapp/resources/js/ckeditor/plugins/uicolor/lang/da.js (ext=.js, size=364)
2026-03-03 17:13:21,467 - Knowledge - INFO - Fast-tracked /app/data/T0015/327978/b5857iz/shopizer-327978/sm-shop/src/main/webapp/resources/js/ckeditor/plugins/a11yhelp/lang/vi.js (small file (2423 bytes))
2026-03-03 17:13:21,537 - Knowledge - INFO - process ingested knowledge for /app/data/T0015/327978/b5857iz/shopizer-327978/sm-shop/src/main/webapp/resources/js/ckeditor/plugins/a11yhelp/lang/ro.js
2026-03-03 17:13:21,654 - Knowledge - INFO - Fast-tracked /app/data/T0015/327978/b5857iz/shopizer-327978/sm-shop/src/main/webapp/resources/js/ckeditor/plugins/a11yhelp/lang/cy.js (small file (2650 bytes))
2026-03-03 17:13:21,750 - Knowledge - INFO - Fast-tracked /app/data/T0015/327978/b5857iz/shopizer-327978/sm-shop/src/main/webapp/resources/js/ckeditor/plugins/a11yhelp/lang/en.js (small file (2395 bytes))
2026-03-03 17:13:21,793 - Knowledge - INFO - [WEBSOCKET] Sent: Type=progress_update, Size: 294, Duration: 0ms
2026-03-03 17:13:21,857 - Knowledge - INFO - process ingested knowledge for /app/data/T0015/327978/b5857iz/shopizer-327978/sm-shop/src/main/webapp/resources/js/ckeditor/plugins/a11yhelp/lang/el.js
2026-03-03 17:13:21,978 - Knowledge - INFO - Fast-tracked /app/data/T0015/327978/b5857iz/shopizer-327978/sm-shop/src/main/webapp/resources/js/ckeditor/plugins/a11yhelp/lang/gu.js (small file (2367 bytes))
2026-03-03 17:13:22,059 - Knowledge - INFO - Fast-tracked /app/data/T0015/327978/b5857iz/shopizer-327978/sm-shop/src/main/webapp/resources/js/ckeditor/plugins/a11yhelp/lang/cs.js (small file (2682 bytes))
2026-03-03 17:13:22,134 - Knowledge - INFO - [WEBSOCKET] Sent: Type=unknown, Size: ?, Duration: 341ms
2026-03-03 17:13:22,308 - Knowledge - INFO - Fast-tracked /app/data/T0015/327978/b5857iz/shopizer-327978/sm-shop/src/main/webapp/resources/js/ckeditor/plugins/a11yhelp/lang/eo.js (small file (3039 bytes))
2026-03-03 17:13:22,394 - Knowledge - INFO - Fast-tracked /app/data/T0015/327978/b5857iz/shopizer-327978/sm-shop/src/main/webapp/resources/js/ckeditor/plugins/a11yhelp/lang/tr.js (small file (2681 bytes))
2026-03-03 17:13:22,488 - Knowledge - INFO - Progress: 73.2% | Files: 854/1167 | Rate: 1.63 files/sec | Queue: 205
2026-03-03 17:13:22,566 - Knowledge - INFO - Fast-tracked /app/data/T0015/327978/b5857iz/shopizer-327978/sm-shop/src/main/webapp/resources/js/ckeditor/plugins/a11yhelp/dialogs/a11yhelp.js (small file (2970 bytes))
2026-03-03 17:13:22,659 - Knowledge - INFO - Async storage completed for 6 embeddings
2026-03-03 17:13:22,784 - Knowledge - INFO - [kw11] Queue=205, InProgress=0, PendingWorkers=20/20, Completed=854/1167 (73.2%)
2026-03-03 17:13:22,812 - Knowledge - INFO - Async storage completed for 6 embeddings
2026-03-03 17:13:22,923 - Knowledge - INFO - Processing batch of 6 files
2026-03-03 17:13:22,931 - Knowledge - INFO - [kw9] Queue=205, InProgress=0, PendingWorkers=20/20, Completed=860/1167 (73.7%)
2026-03-03 17:13:22,976 - Knowledge - INFO - Batch sizing: calculated=6, max_allowed=10, queue=205, active_workers=20/20
2026-03-03 17:13:23,143 - Knowledge - INFO - Processing batch of 6 files
2026-03-03 17:13:23,171 - Knowledge - INFO - process ingested knowledge for /app/data/T0015/327978/b5857iz/shopizer-327978/sm-shop/src/main/webapp/resources/js/ckeditor/plugins/a11yhelp/lang/fa.js
2026-03-03 17:13:23,256 - Knowledge - INFO - Batch sizing: calculated=6, max_allowed=10, queue=205, active_workers=20/20
2026-03-03 17:13:23,355 - Knowledge - INFO - Async storing batch of 6 embeddings
2026-03-03 17:13:23,466 - Knowledge - INFO - process ingested knowledge for /app/data/T0015/327978/b5857iz/shopizer-327978/sm-shop/src/main/webapp/resources/js/ckeditor/plugins/a11yhelp/lang/cy.js
2026-03-03 17:13:23,542 - Knowledge - INFO - process ingested knowledge for /app/data/T0015/327978/b5857iz/shopizer-327978/sm-shop/src/main/webapp/resources/js/ckeditor/plugins/a11yhelp/lang/fi.js
2026-03-03 17:13:23,648 - Knowledge - INFO - Async storing batch of 6 embeddings
2026-03-03 17:13:23,720 - Knowledge - INFO - Worker kw11 processing /app/data/T0015/327978/b5857iz/shopizer-327978/sm-shop/src/main/webapp/resources/js/ckeditor/plugins/uicolor/lang/_translationstatus.txt
2026-03-03 17:13:23,808 - Knowledge - INFO - process ingested knowledge for /app/data/T0015/327978/b5857iz/shopizer-327978/sm-shop/src/main/webapp/resources/js/ckeditor/plugins/a11yhelp/lang/gu.js
2026-03-03 17:13:23,931 - Knowledge - INFO - process ingested knowledge for /app/data/T0015/327978/b5857iz/shopizer-327978/sm-shop/src/main/webapp/resources/js/ckeditor/plugins/a11yhelp/lang/vi.js
2026-03-03 17:13:24,048 - Knowledge - INFO - Worker kw9 processing /app/data/T0015/327978/b5857iz/shopizer-327978/sm-shop/src/main/webapp/resources/js/ckeditor/plugins/uicolor/lang/de.js
2026-03-03 17:13:24,137 - Knowledge - INFO - Fast-tracked /app/data/T0015/327978/b5857iz/shopizer-327978/sm-shop/src/main/webapp/resources/js/ckeditor/plugins/uicolor/lang/_translationstatus.txt (ext=.txt, size=943)
2026-03-03 17:13:24,239 - Knowledge - INFO - process ingested knowledge for /app/data/T0015/327978/b5857iz/shopizer-327978/sm-shop/src/main/webapp/resources/js/ckeditor/plugins/a11yhelp/lang/eo.js
2026-03-03 17:13:24,331 - Knowledge - INFO - process ingested knowledge for /app/data/T0015/327978/b5857iz/shopizer-327978/sm-shop/src/main/webapp/resources/js/ckeditor/plugins/a11yhelp/lang/en.js
2026-03-03 17:13:24,442 - Knowledge - INFO - Fast-tracked /app/data/T0015/327978/b5857iz/shopizer-327978/sm-shop/src/main/webapp/resources/js/ckeditor/plugins/uicolor/lang/de.js (ext=.js, size=355)
2026-03-03 17:13:24,523 - Knowledge - INFO - Worker kw11 processing /app/data/T0015/327978/b5857iz/shopizer-327978/sm-shop/src/main/webapp/resources/js/ckeditor/plugins/uicolor/lang/it.js
2026-03-03 17:13:24,631 - Knowledge - INFO - process ingested knowledge for /app/data/T0015/327978/b5857iz/shopizer-327978/sm-shop/src/main/webapp/resources/js/ckeditor/plugins/a11yhelp/dialogs/a11yhelp.js
2026-03-03 17:13:24,737 - Knowledge - INFO - process ingested knowledge for /app/data/T0015/327978/b5857iz/shopizer-327978/sm-shop/src/main/webapp/resources/js/ckeditor/plugins/a11yhelp/lang/cs.js
2026-03-03 17:13:24,823 - Knowledge - INFO - Worker kw9 processing /app/data/T0015/327978/b5857iz/shopizer-327978/sm-shop/src/main/webapp/resources/js/ckeditor/plugins/uicolor/lang/el.js
2026-03-03 17:13:24,938 - Knowledge - INFO - Fast-tracked /app/data/T0015/327978/b5857iz/shopizer-327978/sm-shop/src/main/webapp/resources/js/ckeditor/plugins/uicolor/lang/it.js (ext=.js, size=356)
2026-03-03 17:13:25,036 - Knowledge - INFO - process ingested knowledge for /app/data/T0015/327978/b5857iz/shopizer-327978/sm-shop/src/main/webapp/resources/js/ckeditor/plugins/uicolor/lang/pt-br.js
2026-03-03 17:13:25,160 - Knowledge - INFO - process ingested knowledge for /app/data/T0015/327978/b5857iz/shopizer-327978/sm-shop/src/main/webapp/resources/js/ckeditor/plugins/a11yhelp/lang/tr.js
2026-03-03 17:13:25,249 - Knowledge - INFO - Fast-tracked /app/data/T0015/327978/b5857iz/shopizer-327978/sm-shop/src/main/webapp/resources/js/ckeditor/plugins/uicolor/lang/el.js (ext=.js, size=481)
2026-03-03 17:13:25,325 - Knowledge - INFO - Worker kw11 processing /app/data/T0015/327978/b5857iz/shopizer-327978/sm-shop/src/main/webapp/resources/js/ckeditor/plugins/uicolor/lang/he.js
2026-03-03 17:13:25,416 - Knowledge - INFO - process ingested knowledge for /app/data/T0015/327978/b5857iz/shopizer-327978/sm-shop/src/main/webapp/resources/js/ckeditor/plugins/uicolor/lang/da.js
2026-03-03 17:13:25,604 - Knowledge - INFO - Worker kw9 processing /app/data/T0015/327978/b5857iz/shopizer-327978/sm-shop/src/main/webapp/resources/js/ckeditor/plugins/uicolor/lang/fa.js
2026-03-03 17:13:25,703 - Knowledge - INFO - Fast-tracked /app/data/T0015/327978/b5857iz/shopizer-327978/sm-shop/src/main/webapp/resources/js/ckeditor/plugins/uicolor/lang/he.js (ext=.js, size=421)
2026-03-03 17:13:25,888 - Knowledge - INFO - Fast-tracked /app/data/T0015/327978/b5857iz/shopizer-327978/sm-shop/src/main/webapp/resources/js/ckeditor/plugins/uicolor/lang/fa.js (ext=.js, size=418)
2026-03-03 17:13:26,001 - Knowledge - INFO - Worker kw11 processing /app/data/T0015/327978/b5857iz/shopizer-327978/sm-shop/src/main/webapp/resources/js/ckeditor/plugins/uicolor/lang/no.js
2026-03-03 17:13:26,064 - Knowledge - INFO - Async storage completed for 6 embeddings
2026-03-03 17:13:26,123 - Knowledge - INFO - Worker kw9 processing /app/data/T0015/327978/b5857iz/shopizer-327978/sm-shop/src/main/webapp/resources/js/ckeditor/plugins/uicolor/lang/fi.js
2026-03-03 17:13:26,230 - Knowledge - INFO - Fast-tracked /app/data/T0015/327978/b5857iz/shopizer-327978/sm-shop/src/main/webapp/resources/js/ckeditor/plugins/uicolor/lang/no.js (ext=.js, size=383)
2026-03-03 17:13:26,389 - Knowledge - INFO - Async storage completed for 6 embeddings
2026-03-03 17:13:26,435 - Knowledge - INFO - Fast-tracked /app/data/T0015/327978/b5857iz/shopizer-327978/sm-shop/src/main/webapp/resources/js/ckeditor/plugins/uicolor/lang/fi.js (ext=.js, size=369)
2026-03-03 17:13:26,523 - Knowledge - INFO - Worker kw11 processing /app/data/T0015/327978/b5857iz/shopizer-327978/sm-shop/src/main/webapp/resources/js/ckeditor/plugins/uicolor/lang/bg.js
2026-03-03 17:13:26,708 - Knowledge - INFO - Worker kw9 processing /app/data/T0015/327978/b5857iz/shopizer-327978/sm-shop/src/main/webapp/resources/js/ckeditor/plugins/uicolor/lang/vi.js
2026-03-03 17:13:26,812 - Knowledge - INFO - Fast-tracked /app/data/T0015/327978/b5857iz/shopizer-327978/sm-shop/src/main/webapp/resources/js/ckeditor/plugins/uicolor/lang/bg.js (ext=.js, size=417)
2026-03-03 17:13:26,932 - Knowledge - INFO - Fast-tracked /app/data/T0015/327978/b5857iz/shopizer-327978/sm-shop/src/main/webapp/resources/js/ckeditor/plugins/uicolor/lang/vi.js (ext=.js, size=403)
2026-03-03 17:13:27,018 - Knowledge - INFO - Worker kw11 processing /app/data/T0015/327978/b5857iz/shopizer-327978/sm-shop/src/main/webapp/resources/js/ckeditor/plugins/uicolor/lang/et.js
2026-03-03 17:13:27,140 - Knowledge - INFO - Worker kw9 processing /app/data/T0015/327978/b5857iz/shopizer-327978/sm-shop/src/main/webapp/resources/js/ckeditor/plugins/uicolor/lang/en.js
2026-03-03 17:13:27,223 - Knowledge - INFO - Fast-tracked /app/data/T0015/327978/b5857iz/shopizer-327978/sm-shop/src/main/webapp/resources/js/ckeditor/plugins/uicolor/lang/et.js (ext=.js, size=365)
2026-03-03 17:13:27,228 - Knowledge - INFO - [kw16] Queue=193, InProgress=0, PendingWorkers=20/20, Completed=866/1167 (74.2%)
2026-03-03 17:13:27,313 - Knowledge - INFO - Fast-tracked /app/data/T0015/327978/b5857iz/shopizer-327978/sm-shop/src/main/webapp/resources/js/ckeditor/plugins/uicolor/lang/en.js (ext=.js, size=343)
2026-03-03 17:13:27,372 - Knowledge - INFO - Fast-tracked /app/data/T0015/327978/b5857iz/shopizer-327978/sm-shop/src/main/webapp/resources/js/ckeditor/plugins/iframe/dialogs/iframe.js (small file (2928 bytes))
2026-03-03 17:13:27,426 - Knowledge - INFO - Async storage completed for 6 embeddings
2026-03-03 17:13:27,548 - Knowledge - INFO - Batch sizing: calculated=5, max_allowed=10, queue=193, active_workers=20/20
2026-03-03 17:13:27,550 - Knowledge - INFO - [kw10] Queue=193, InProgress=0, PendingWorkers=20/20, Completed=866/1167 (74.2%)
2026-03-03 17:13:27,669 - Knowledge - INFO - Async storage completed for 6 embeddings
2026-03-03 17:13:27,780 - Knowledge - INFO - Async storage completed for 6 embeddings
2026-03-03 17:13:27,945 - Knowledge - INFO - Processing batch of 6 files
2026-03-03 17:13:27,954 - Knowledge - INFO - Async storing batch of 6 embeddings
2026-03-03 17:13:28,028 - Knowledge - INFO - Batch sizing: calculated=5, max_allowed=10, queue=193, active_workers=20/20
2026-03-03 17:13:28,266 - Knowledge - INFO - Processing batch of 6 files
2026-03-03 17:13:28,394 - Knowledge - INFO - process ingested knowledge for /app/data/T0015/327978/b5857iz/shopizer-327978/sm-shop/src/main/webapp/resources/js/ckeditor/plugins/uicolor/lang/_translationstatus.txt
2026-03-03 17:13:28,476 - Knowledge - INFO - Worker kw16 processing /app/data/T0015/327978/b5857iz/shopizer-327978/sm-shop/src/main/webapp/resources/js/ckeditor/plugins/uicolor/lang/cs.js
2026-03-03 17:13:28,635 - Knowledge - INFO - Async storing batch of 6 embeddings
2026-03-03 17:13:28,735 - Knowledge - INFO - process ingested knowledge for /app/data/T0015/327978/b5857iz/shopizer-327978/sm-shop/src/main/webapp/resources/js/ckeditor/plugins/uicolor/lang/de.js
2026-03-03 17:13:28,820 - Knowledge - INFO - process ingested knowledge for /app/data/T0015/327978/b5857iz/shopizer-327978/sm-shop/src/main/webapp/resources/js/ckeditor/plugins/uicolor/lang/it.js
2026-03-03 17:13:28,898 - Knowledge - INFO - Fast-tracked /app/data/T0015/327978/b5857iz/shopizer-327978/sm-shop/src/main/webapp/resources/js/ckeditor/plugins/uicolor/lang/cs.js (ext=.js, size=368)
2026-03-03 17:13:28,977 - Knowledge - INFO - Worker kw10 processing /app/data/T0015/327978/b5857iz/shopizer-327978/sm-shop/src/main/webapp/resources/js/ckeditor/plugins/uicolor/lang/mk.js
2026-03-03 17:13:29,071 - Knowledge - INFO - process ingested knowledge for /app/data/T0015/327978/b5857iz/shopizer-327978/sm-shop/src/main/webapp/resources/js/ckeditor/plugins/uicolor/lang/el.js
2026-03-03 17:13:29,186 - Knowledge - INFO - process ingested knowledge for /app/data/T0015/327978/b5857iz/shopizer-327978/sm-shop/src/main/webapp/resources/js/ckeditor/plugins/uicolor/lang/he.js
2026-03-03 17:13:29,263 - Knowledge - INFO - Worker kw16 processing /app/data/T0015/327978/b5857iz/shopizer-327978/sm-shop/src/main/webapp/resources/js/ckeditor/plugins/uicolor/lang/tr.js
2026-03-03 17:13:29,390 - Knowledge - INFO - Fast-tracked /app/data/T0015/327978/b5857iz/shopizer-327978/sm-shop/src/main/webapp/resources/js/ckeditor/plugins/uicolor/lang/mk.js (ext=.js, size=421)
2026-03-03 17:13:29,494 - Knowledge - INFO - process ingested knowledge for /app/data/T0015/327978/b5857iz/shopizer-327978/sm-shop/src/main/webapp/resources/js/ckeditor/plugins/uicolor/lang/fa.js
2026-03-03 17:13:29,605 - Knowledge - INFO - process ingested knowledge for /app/data/T0015/327978/b5857iz/shopizer-327978/sm-shop/src/main/webapp/resources/js/ckeditor/plugins/uicolor/lang/no.js
2026-03-03 17:13:29,684 - Knowledge - INFO - Fast-tracked /app/data/T0015/327978/b5857iz/shopizer-327978/sm-shop/src/main/webapp/resources/js/ckeditor/plugins/uicolor/lang/tr.js (ext=.js, size=378)
2026-03-03 17:13:29,764 - Knowledge - INFO - Worker kw10 processing /app/data/T0015/327978/b5857iz/shopizer-327978/sm-shop/src/main/webapp/resources/js/ckeditor/plugins/uicolor/lang/nb.js
2026-03-03 17:13:29,851 - Knowledge - INFO - process ingested knowledge for /app/data/T0015/327978/b5857iz/shopizer-327978/sm-shop/src/main/webapp/resources/js/ckeditor/plugins/uicolor/lang/fi.js
2026-03-03 17:13:29,944 - Knowledge - INFO - process ingested knowledge for /app/data/T0015/327978/b5857iz/shopizer-327978/sm-shop/src/main/webapp/resources/js/ckeditor/plugins/uicolor/lang/bg.js
2026-03-03 17:13:30,127 - Knowledge - INFO - Worker kw16 processing /app/data/T0015/327978/b5857iz/shopizer-327978/sm-shop/src/main/webapp/resources/js/ckeditor/plugins/uicolor/lang/nl.js
2026-03-03 17:13:30,271 - Knowledge - INFO - Fast-tracked /app/data/T0015/327978/b5857iz/shopizer-327978/sm-shop/src/main/webapp/resources/js/ckeditor/plugins/uicolor/lang/nb.js (ext=.js, size=383)
2026-03-03 17:13:30,389 - Knowledge - INFO - process ingested knowledge for /app/data/T0015/327978/b5857iz/shopizer-327978/sm-shop/src/main/webapp/resources/js/ckeditor/plugins/uicolor/lang/vi.js
2026-03-03 17:13:30,500 - Knowledge - INFO - process ingested knowledge for /app/data/T0015/327978/b5857iz/shopizer-327978/sm-shop/src/main/webapp/resources/js/ckeditor/plugins/uicolor/lang/et.js
2026-03-03 17:13:30,612 - Knowledge - INFO - Fast-tracked /app/data/T0015/327978/b5857iz/shopizer-327978/sm-shop/src/main/webapp/resources/js/ckeditor/plugins/uicolor/lang/nl.js (ext=.js, size=353)
2026-03-03 17:13:30,699 - Knowledge - INFO - Worker kw10 processing /app/data/T0015/327978/b5857iz/shopizer-327978/sm-shop/src/main/webapp/resources/js/ckeditor/plugins/uicolor/lang/zh-cn.js
2026-03-03 17:13:30,787 - Knowledge - INFO - process ingested knowledge for /app/data/T0015/327978/b5857iz/shopizer-327978/sm-shop/src/main/webapp/resources/js/ckeditor/plugins/uicolor/lang/en.js
2026-03-03 17:13:31,017 - Knowledge - INFO - Worker kw16 processing /app/data/T0015/327978/b5857iz/shopizer-327978/sm-shop/src/main/webapp/resources/js/ckeditor/plugins/uicolor/lang/hr.js
2026-03-03 17:13:31,125 - Knowledge - INFO - Fast-tracked /app/data/T0015/327978/b5857iz/shopizer-327978/sm-shop/src/main/webapp/resources/js/ckeditor/plugins/uicolor/lang/zh-cn.js (ext=.js, size=357)
2026-03-03 17:13:31,339 - Knowledge - INFO - Fast-tracked /app/data/T0015/327978/b5857iz/shopizer-327978/sm-shop/src/main/webapp/resources/js/ckeditor/plugins/uicolor/lang/hr.js (ext=.js, size=358)
2026-03-03 17:13:31,419 - Knowledge - INFO - Worker kw10 processing /app/data/T0015/327978/b5857iz/shopizer-327978/sm-shop/src/main/webapp/resources/js/ckeditor/plugins/uicolor/lang/uk.js
2026-03-03 17:13:31,531 - Knowledge - INFO - Worker kw16 processing /app/data/T0015/327978/b5857iz/shopizer-327978/sm-shop/src/main/webapp/resources/js/ckeditor/plugins/uicolor/lang/fr.js
2026-03-03 17:13:31,670 - Knowledge - INFO - Fast-tracked /app/data/T0015/327978/b5857iz/shopizer-327978/sm-shop/src/main/webapp/resources/js/ckeditor/plugins/uicolor/lang/uk.js (ext=.js, size=417)
2026-03-03 17:13:31,766 - Knowledge - INFO - Fast-tracked /app/data/T0015/327978/b5857iz/shopizer-327978/sm-shop/src/main/webapp/resources/js/ckeditor/plugins/uicolor/lang/fr.js (ext=.js, size=382)
2026-03-03 17:13:31,913 - Knowledge - INFO - Worker kw10 processing /app/data/T0015/327978/b5857iz/shopizer-327978/sm-shop/src/main/webapp/resources/js/ckeditor/plugins/uicolor/lang/pl.js
2026-03-03 17:13:31,915 - Knowledge - INFO - [LLM_CALL] Completed: en-ca.js:chunk1, Duration: 29424ms, PromptTokens: 9484, CompletionTokens: 137, Cost: $0.00100
2026-03-03 17:13:32,058 - Knowledge - INFO - Async storage completed for 6 embeddings
2026-03-03 17:13:32,138 - Knowledge - INFO - Fast-tracked /app/data/T0015/327978/b5857iz/shopizer-327978/sm-shop/src/main/webapp/resources/js/ckeditor/plugins/uicolor/lang/pl.js (ext=.js, size=378)
2026-03-03 17:13:32,225 - Knowledge - INFO - done ingest for /app/data/T0015/327978/b5857iz/shopizer-327978/sm-shop/src/main/webapp/resources/js/ckeditor/lang/en-ca.js
2026-03-03 17:13:32,226 - Knowledge - INFO - [LLM_CALL] Completed: table.js:chunk1, Duration: 18081ms, PromptTokens: 5802, CompletionTokens: 396, Cost: $0.00074
2026-03-03 17:13:32,452 - Knowledge - INFO - Async storage completed for 6 embeddings
2026-03-03 17:13:32,624 - Knowledge - INFO - Fast-tracked /app/data/T0015/327978/b5857iz/shopizer-327978/sm-shop/src/main/webapp/resources/js/ckeditor/plugins/a11yhelp/lang/mk.js (small file (2429 bytes))
2026-03-03 17:13:32,688 - Knowledge - INFO - done ingest for /app/data/T0015/327978/b5857iz/shopizer-327978/sm-shop/src/main/webapp/resources/js/ckeditor/plugins/table/dialogs/table.js
2026-03-03 17:13:32,688 - Knowledge - INFO - [LLM_CALL] Completed: ca.js:chunk1, Duration: 38609ms, PromptTokens: 12198, CompletionTokens: 135, Cost: $0.00127
2026-03-03 17:13:32,918 - Knowledge - INFO - Fast-tracked /app/data/T0015/327978/b5857iz/shopizer-327978/sm-shop/src/main/webapp/resources/js/ckeditor/plugins/a11yhelp/lang/nb.js (small file (2598 bytes))
2026-03-03 17:13:33,090 - Knowledge - INFO - done ingest for /app/data/T0015/327978/b5857iz/shopizer-327978/sm-shop/src/main/webapp/resources/js/ckeditor/lang/ca.js
2026-03-03 17:13:33,102 - Knowledge - INFO - [WEBSOCKET] Sent: Type=progress_update, Size: 293, Duration: 0ms
2026-03-03 17:13:33,207 - Knowledge - INFO - Fast-tracked /app/data/T0015/327978/b5857iz/shopizer-327978/sm-shop/src/main/webapp/resources/js/ckeditor/plugins/a11yhelp/lang/zh-cn.js (small file (1327 bytes))
2026-03-03 17:13:33,403 - Knowledge - INFO - [WEBSOCKET] Sent: Type=unknown, Size: ?, Duration: 301ms
2026-03-03 17:13:33,655 - Knowledge - INFO - Progress: 75.6% | Files: 882/1167 | Rate: 1.65 files/sec | Queue: 183
2026-03-03 17:13:33,670 - Knowledge - INFO - Fast-tracked /app/data/T0015/327978/b5857iz/shopizer-327978/sm-shop/src/main/webapp/resources/js/ckeditor/plugins/a11yhelp/lang/ug.js (small file (2455 bytes))
2026-03-03 17:13:33,680 - Knowledge - INFO - [LLM_CALL] Completed: options.js:chunk1, Duration: 19635ms, PromptTokens: 6500, CompletionTokens: 361, Cost: $0.00079
2026-03-03 17:13:34,081 - Knowledge - INFO - [kw11] Queue=183, InProgress=0, PendingWorkers=20/20, Completed=884/1167 (75.7%)
2026-03-03 17:13:34,243 - Knowledge - INFO - Async storage completed for 6 embeddings
2026-03-03 17:13:34,337 - Knowledge - INFO - done ingest for /app/data/T0015/327978/b5857iz/shopizer-327978/sm-shop/src/main/webapp/resources/js/ckeditor/plugins/scayt/dialogs/options.js
2026-03-03 17:13:34,339 - Knowledge - INFO - [kw9] Queue=183, InProgress=0, PendingWorkers=20/20, Completed=885/1167 (75.8%)
2026-03-03 17:13:34,339 - Knowledge - INFO - [LLM_CALL] Completed: paste.js:chunk1, Duration: 20101ms, PromptTokens: 2722, CompletionTokens: 513, Cost: $0.00048
2026-03-03 17:13:34,406 - Knowledge - INFO - Batch sizing: calculated=5, max_allowed=10, queue=183, active_workers=20/20
2026-03-03 17:13:34,718 - Knowledge - INFO - Batch sizing: calculated=5, max_allowed=10, queue=183, active_workers=20/20
2026-03-03 17:13:34,798 - Knowledge - INFO - done ingest for /app/data/T0015/327978/b5857iz/shopizer-327978/sm-shop/src/main/webapp/resources/js/ckeditor/plugins/clipboard/dialogs/paste.js
2026-03-03 17:13:34,883 - Knowledge - INFO - Processing batch of 5 files
2026-03-03 17:13:34,884 - Knowledge - INFO - Async storing batch of 6 embeddings
2026-03-03 17:13:34,887 - Knowledge - INFO - Processing batch of 6 files
2026-03-03 17:13:34,892 - Knowledge - INFO - Processing batch of 5 files
2026-03-03 17:13:34,902 - Knowledge - INFO - Processing batch of 6 files
2026-03-03 17:13:34,992 - Knowledge - INFO - Async storing batch of 6 embeddings
2026-03-03 17:13:35,174 - Knowledge - INFO - Processing batch of 6 files
2026-03-03 17:13:35,208 - Knowledge - INFO - process ingested knowledge for /app/data/T0015/327978/b5857iz/shopizer-327978/sm-shop/src/main/webapp/resources/js/ckeditor/plugins/uicolor/lang/cs.js
2026-03-03 17:13:35,306 - Knowledge - INFO - Worker kw11 processing /app/data/T0015/327978/b5857iz/shopizer-327978/sm-shop/src/main/webapp/resources/js/ckeditor/plugins/uicolor/lang/ug.js
2026-03-03 17:13:35,387 - Knowledge - INFO - process ingested knowledge for /app/data/T0015/327978/b5857iz/shopizer-327978/sm-shop/src/main/webapp/resources/js/ckeditor/plugins/devtools/plugin.js
2026-03-03 17:13:35,496 - Knowledge - INFO - process ingested knowledge for /app/data/T0015/327978/b5857iz/shopizer-327978/sm-shop/src/main/webapp/resources/js/ckeditor/plugins/uicolor/lang/mk.js
2026-03-03 17:13:35,598 - Knowledge - INFO - process ingested knowledge for /app/data/T0015/327978/b5857iz/shopizer-327978/sm-shop/src/main/webapp/resources/js/ckeditor/plugins/scayt/dialogs/options.js
2026-03-03 17:13:35,689 - Knowledge - INFO - Worker kw9 processing /app/data/T0015/327978/b5857iz/shopizer-327978/sm-shop/src/main/webapp/resources/js/ckeditor/plugins/uicolor/yui/yui.js
2026-03-03 17:13:35,809 - Knowledge - INFO - process ingested knowledge for /app/data/T0015/327978/b5857iz/shopizer-327978/sm-shop/src/main/webapp/resources/js/ckeditor/lang/ca.js
2026-03-03 17:13:35,916 - Knowledge - INFO - process ingested knowledge for /app/data/T0015/327978/b5857iz/shopizer-327978/sm-shop/src/main/webapp/resources/js/ckeditor/plugins/uicolor/lang/tr.js
2026-03-03 17:13:35,997 - Knowledge - INFO - Fast-tracked /app/data/T0015/327978/b5857iz/shopizer-327978/sm-shop/src/main/webapp/resources/js/ckeditor/plugins/uicolor/lang/ug.js (ext=.js, size=474)
2026-03-03 17:13:36,138 - Knowledge - INFO - process ingested knowledge for /app/data/T0015/327978/b5857iz/shopizer-327978/sm-shop/src/main/webapp/resources/js/ckeditor/plugins/dialog/dialogDefinition.js
2026-03-03 17:13:36,233 - Knowledge - INFO - process ingested knowledge for /app/data/T0015/327978/b5857iz/shopizer-327978/sm-shop/src/main/webapp/resources/js/ckeditor/plugins/uicolor/lang/nb.js
2026-03-03 17:13:36,319 - Knowledge - INFO - process ingested knowledge for /app/data/T0015/327978/b5857iz/shopizer-327978/sm-shop/src/main/webapp/resources/js/ckeditor/plugins/iframedialog/plugin.js
2026-03-03 17:13:36,414 - Knowledge - INFO - Fast-tracked /app/data/T0015/327978/b5857iz/shopizer-327978/sm-shop/src/main/webapp/resources/js/ckeditor/plugins/uicolor/yui/yui.js (ext=.js, size=117813)
2026-03-03 17:13:36,489 - Knowledge - INFO - process ingested knowledge for /app/data/T0015/327978/b5857iz/shopizer-327978/sm-shop/src/main/webapp/resources/js/ckeditor/lang/en-ca.js
2026-03-03 17:13:36,583 - Knowledge - INFO - process ingested knowledge for /app/data/T0015/327978/b5857iz/shopizer-327978/sm-shop/src/main/webapp/resources/js/ckeditor/plugins/uicolor/lang/nl.js
2026-03-03 17:13:36,685 - Knowledge - INFO - Worker kw11 processing /app/data/T0015/327978/b5857iz/shopizer-327978/sm-shop/src/main/webapp/resources/js/ckeditor/plugins/uicolor/lang/cy.js
2026-03-03 17:13:36,788 - Knowledge - INFO - process ingested knowledge for /app/data/T0015/327978/b5857iz/shopizer-327978/sm-shop/src/main/webapp/resources/js/ckeditor/plugins/autogrow/plugin.js
2026-03-03 17:13:36,895 - Knowledge - INFO - process ingested knowledge for /app/data/T0015/327978/b5857iz/shopizer-327978/sm-shop/src/main/webapp/resources/js/ckeditor/plugins/uicolor/lang/zh-cn.js
2026-03-03 17:13:37,016 - Knowledge - INFO - process ingested knowledge for /app/data/T0015/327978/b5857iz/shopizer-327978/sm-shop/src/main/webapp/resources/js/ckeditor/plugins/iframe/dialogs/iframe.js
2026-03-03 17:13:37,124 - Knowledge - INFO - Worker kw9 processing /app/data/T0015/327978/b5857iz/shopizer-327978/sm-shop/src/main/webapp/resources/js/ckeditor/plugins/uicolor/yui/assets/yui.css
2026-03-03 17:13:37,202 - Knowledge - INFO - process ingested knowledge for /app/data/T0015/327978/b5857iz/shopizer-327978/sm-shop/src/main/webapp/resources/js/ckeditor/plugins/clipboard/dialogs/paste.js
2026-03-03 17:13:37,311 - Knowledge - INFO - process ingested knowledge for /app/data/T0015/327978/b5857iz/shopizer-327978/sm-shop/src/main/webapp/resources/js/ckeditor/plugins/uicolor/lang/hr.js
2026-03-03 17:13:37,399 - Knowledge - INFO - Fast-tracked /app/data/T0015/327978/b5857iz/shopizer-327978/sm-shop/src/main/webapp/resources/js/ckeditor/plugins/uicolor/lang/cy.js (ext=.js, size=359)
2026-03-03 17:13:37,411 - Knowledge - INFO - [LLM_CALL] Completed: fr.js:chunk1, Duration: 16203ms, PromptTokens: 2630, CompletionTokens: 194, Cost: $0.00034
2026-03-03 17:13:37,504 - Knowledge - INFO - process ingested knowledge for /app/data/T0015/327978/b5857iz/shopizer-327978/sm-shop/src/main/webapp/resources/js/ckeditor/plugins/table/dialogs/table.js
2026-03-03 17:13:37,633 - Knowledge - INFO - process ingested knowledge for /app/data/T0015/327978/b5857iz/shopizer-327978/sm-shop/src/main/webapp/resources/js/ckeditor/plugins/uicolor/lang/uk.js
2026-03-03 17:13:37,724 - Knowledge - INFO - process ingested knowledge for /app/data/T0015/327978/b5857iz/shopizer-327978/sm-shop/src/main/webapp/resources/js/ckeditor/plugins/styles/styles/default.js
2026-03-03 17:13:37,808 - Knowledge - INFO - Fast-tracked /app/data/T0015/327978/b5857iz/shopizer-327978/sm-shop/src/main/webapp/resources/js/ckeditor/plugins/uicolor/yui/assets/yui.css (ext=.css, size=2921)
2026-03-03 17:13:37,888 - Knowledge - INFO - process ingested knowledge for /app/data/T0015/327978/b5857iz/shopizer-327978/sm-shop/src/main/webapp/resources/js/ckeditor/plugins/devtools/lang/pt-br.js
2026-03-03 17:13:37,979 - Knowledge - INFO - process ingested knowledge for /app/data/T0015/327978/b5857iz/shopizer-327978/sm-shop/src/main/webapp/resources/js/ckeditor/plugins/uicolor/lang/fr.js
2026-03-03 17:13:38,087 - Knowledge - INFO - Worker kw11 processing /app/data/T0015/327978/b5857iz/shopizer-327978/sm-shop/src/main/webapp/resources/js/ckeditor/plugins/uicolor/lang/eo.js
2026-03-03 17:13:38,214 - Knowledge - INFO - done ingest for /app/data/T0015/327978/b5857iz/shopizer-327978/sm-shop/src/main/webapp/resources/js/ckeditor/plugins/a11yhelp/lang/fr.js
2026-03-03 17:13:38,283 - Knowledge - INFO - process ingested knowledge for /app/data/T0015/327978/b5857iz/shopizer-327978/sm-shop/src/main/webapp/resources/js/ckeditor/plugins/ajax/plugin.js
2026-03-03 17:13:38,421 - Knowledge - INFO - process ingested knowledge for /app/data/T0015/327978/b5857iz/shopizer-327978/sm-shop/src/main/webapp/resources/js/ckeditor/plugins/uicolor/lang/pl.js
2026-03-03 17:13:38,505 - Knowledge - INFO - process ingested knowledge for /app/data/T0015/327978/b5857iz/shopizer-327978/sm-shop/src/main/webapp/resources/js/ckeditor/plugins/pastetext/dialogs/pastetext.js
2026-03-03 17:13:38,616 - Knowledge - INFO - Worker kw9 processing /app/data/T0015/327978/b5857iz/shopizer-327978/sm-shop/src/main/webapp/resources/js/ckeditor/plugins/liststyle/dialogs/liststyle.js
2026-03-03 17:13:38,741 - Knowledge - INFO - process ingested knowledge for /app/data/T0015/327978/b5857iz/shopizer-327978/sm-shop/src/main/webapp/resources/js/ckeditor/plugins/devtools/lang/da.js
2026-03-03 17:13:38,962 - Knowledge - INFO - Fast-tracked /app/data/T0015/327978/b5857iz/shopizer-327978/sm-shop/src/main/webapp/resources/js/ckeditor/plugins/uicolor/lang/eo.js (ext=.js, size=359)
2026-03-03 17:13:39,212 - Knowledge - INFO - process ingested knowledge for /app/data/T0015/327978/b5857iz/shopizer-327978/sm-shop/src/main/webapp/resources/js/ckeditor/plugins/scayt/dialogs/toolbar.css
2026-03-03 17:13:39,227 - Knowledge - INFO - Processing batch of 6 files
2026-03-03 17:13:39,228 - Knowledge - INFO - Fast-tracked /app/data/T0015/327978/b5857iz/shopizer-327978/sm-shop/src/main/webapp/resources/js/ckeditor/plugins/a11yhelp/lang/pt-br.js (small file (2720 bytes))
2026-03-03 17:13:39,423 - Knowledge - INFO - process ingested knowledge for /app/data/T0015/327978/b5857iz/shopizer-327978/sm-shop/src/main/webapp/resources/js/ckeditor/plugins/preview/preview.html
2026-03-03 17:13:39,485 - Knowledge - INFO - Worker kw9 processing /app/data/T0015/327978/b5857iz/shopizer-327978/sm-shop/src/main/webapp/resources/js/ckeditor/plugins/wsc/dialogs/wsc.js
2026-03-03 17:13:39,603 - Knowledge - INFO - [WEBSOCKET] Sent: Type=progress_update, Size: 291, Duration: 0ms
2026-03-03 17:13:39,604 - Knowledge - INFO - process ingested knowledge for /app/data/T0015/327978/b5857iz/shopizer-327978/sm-shop/src/main/webapp/resources/js/ckeditor/plugins/devtools/lang/_translationstatus.txt
2026-03-03 17:13:39,656 - Knowledge - INFO - Worker kw11 processing /app/data/T0015/327978/b5857iz/shopizer-327978/sm-shop/src/main/webapp/resources/js/ckeditor/plugins/uicolor/plugin.js
2026-03-03 17:13:39,890 - Knowledge - INFO - process ingested knowledge for /app/data/T0015/327978/b5857iz/shopizer-327978/sm-shop/src/main/webapp/resources/js/ckeditor/plugins/a11yhelp/lang/nl.js
2026-03-03 17:13:39,983 - Knowledge - INFO - Fast-tracked /app/data/T0015/327978/b5857iz/shopizer-327978/sm-shop/src/main/webapp/resources/js/ckeditor/plugins/a11yhelp/lang/da.js (small file (2405 bytes))
2026-03-03 17:13:40,159 - Knowledge - INFO - Worker kw9 processing /app/data/T0015/327978/b5857iz/shopizer-327978/sm-shop/src/main/webapp/resources/js/ckeditor/plugins/wsc/dialogs/wsc.css
2026-03-03 17:13:40,232 - Knowledge - INFO - [WEBSOCKET] Sent: Type=unknown, Size: ?, Duration: 629ms
2026-03-03 17:13:40,291 - Knowledge - INFO - [kw10] Queue=173, InProgress=0, PendingWorkers=20/20, Completed=912/1167 (78.1%)
2026-03-03 17:13:40,439 - Knowledge - INFO - Fast-tracked /app/data/T0015/327978/b5857iz/shopizer-327978/sm-shop/src/main/webapp/resources/js/ckeditor/plugins/uicolor/plugin.js (ext=.js, size=801)
2026-03-03 17:13:40,669 - Knowledge - INFO - Async storage completed for 6 embeddings
2026-03-03 17:13:40,758 - Knowledge - INFO - Fast-tracked /app/data/T0015/327978/b5857iz/shopizer-327978/sm-shop/src/main/webapp/resources/js/ckeditor/plugins/wsc/dialogs/wsc.css (ext=.css, size=1004)
2026-03-03 17:13:40,842 - Knowledge - INFO - Progress: 78.1% | Files: 912/1167 | Rate: 1.68 files/sec | Queue: 173
2026-03-03 17:13:40,910 - Knowledge - INFO - process ingested knowledge for /app/data/T0015/327978/b5857iz/shopizer-327978/sm-shop/src/main/webapp/resources/js/ckeditor/plugins/a11yhelp/lang/fr.js
2026-03-03 17:13:40,925 - Knowledge - INFO - Batch sizing: calculated=5, max_allowed=10, queue=173, active_workers=20/20
2026-03-03 17:13:41,003 - Knowledge - INFO - Worker kw11 processing /app/data/T0015/327978/b5857iz/shopizer-327978/sm-shop/src/main/webapp/resources/js/ckeditor/plugins/uicolor/dialogs/uicolor.js
2026-03-03 17:13:41,220 - Knowledge - INFO - [kw6] Queue=173, InProgress=0, PendingWorkers=20/20, Completed=912/1167 (78.1%)
2026-03-03 17:13:41,243 - Knowledge - INFO - Fast-tracked /app/data/T0015/327978/b5857iz/shopizer-327978/sm-shop/src/main/webapp/resources/js/ckeditor/plugins/liststyle/dialogs/liststyle.js (small file (3004 bytes))
2026-03-03 17:13:41,389 - Knowledge - INFO - Async storage completed for 8 embeddings
2026-03-03 17:13:41,603 - Knowledge - INFO - process ingested knowledge for /app/data/T0015/327978/b5857iz/shopizer-327978/sm-shop/src/main/webapp/resources/js/ckeditor/plugins/a11yhelp/lang/mk.js
2026-03-03 17:13:41,608 - Knowledge - INFO - [kw16] Queue=173, InProgress=0, PendingWorkers=20/20, Completed=912/1167 (78.1%)
2026-03-03 17:13:41,608 - Knowledge - INFO - Async storing batch of 5 embeddings
2026-03-03 17:13:41,608 - Knowledge - INFO - [kw14] Queue=168, InProgress=0, PendingWorkers=20/20, Completed=912/1167 (78.1%)
2026-03-03 17:13:41,690 - Knowledge - INFO - Fast-tracked /app/data/T0015/327978/b5857iz/shopizer-327978/sm-shop/src/main/webapp/resources/js/ckeditor/plugins/uicolor/dialogs/uicolor.js (small file (2938 bytes))
2026-03-03 17:13:41,774 - Knowledge - INFO - [kw18] Queue=168, InProgress=0, PendingWorkers=20/20, Completed=912/1167 (78.1%)
2026-03-03 17:13:41,812 - Knowledge - INFO - Batch sizing: calculated=5, max_allowed=10, queue=173, active_workers=20/20
2026-03-03 17:13:42,118 - Knowledge - INFO - process ingested knowledge for /app/data/T0015/327978/b5857iz/shopizer-327978/sm-shop/src/main/webapp/resources/js/ckeditor/plugins/a11yhelp/lang/nb.js
2026-03-03 17:13:42,188 - Knowledge - INFO - Batch sizing: calculated=5, max_allowed=10, queue=173, active_workers=20/20
2026-03-03 17:13:42,265 - Knowledge - INFO - Worker kw10 processing /app/data/T0015/327978/b5857iz/shopizer-327978/sm-shop/src/main/webapp/resources/js/ckeditor/plugins/wsc/dialogs/ciframe.html
2026-03-03 17:13:42,373 - Knowledge - INFO - Batch sizing: calculated=5, max_allowed=10, queue=168, active_workers=20/20
2026-03-03 17:13:42,484 - Knowledge - INFO - Async storage completed for 6 embeddings
2026-03-03 17:13:42,560 - Knowledge - INFO - Batch sizing: calculated=5, max_allowed=10, queue=168, active_workers=20/20
2026-03-03 17:13:42,716 - Knowledge - INFO - Async storing batch of 6 embeddings
2026-03-03 17:13:42,801 - Knowledge - INFO - process ingested knowledge for /app/data/T0015/327978/b5857iz/shopizer-327978/sm-shop/src/main/webapp/resources/js/ckeditor/plugins/a11yhelp/lang/zh-cn.js
2026-03-03 17:13:42,882 - Knowledge - INFO - Async storing batch of 5 embeddings
2026-03-03 17:13:43,052 - Knowledge - INFO - Fast-tracked /app/data/T0015/327978/b5857iz/shopizer-327978/sm-shop/src/main/webapp/resources/js/ckeditor/plugins/wsc/dialogs/ciframe.html (ext=.html, size=1120)
2026-03-03 17:13:43,140 - Knowledge - INFO - Async storing batch of 6 embeddings
2026-03-03 17:13:43,298 - Knowledge - INFO - Processing batch of 5 files
2026-03-03 17:13:43,339 - Knowledge - INFO - Async storing batch of 6 embeddings
2026-03-03 17:13:43,415 - Knowledge - INFO - Worker kw6 processing /app/data/T0015/327978/b5857iz/shopizer-327978/sm-shop/src/main/webapp/resources/js/ckeditor/plugins/placeholder/lang/_translationstatus.txt
2026-03-03 17:13:43,522 - Knowledge - INFO - process ingested knowledge for /app/data/T0015/327978/b5857iz/shopizer-327978/sm-shop/src/main/webapp/resources/js/ckeditor/plugins/a11yhelp/lang/ug.js
2026-03-03 17:13:43,640 - Knowledge - INFO - Worker kw16 processing /app/data/T0015/327978/b5857iz/shopizer-327978/sm-shop/src/main/webapp/resources/js/ckeditor/plugins/placeholder/lang/et.js
2026-03-03 17:13:43,751 - Knowledge - INFO - Worker kw10 processing /app/data/T0015/327978/b5857iz/shopizer-327978/sm-shop/src/main/webapp/resources/js/ckeditor/plugins/wsc/dialogs/tmpFrameset.html
2026-03-03 17:13:43,849 - Knowledge - INFO - Worker kw14 processing /app/data/T0015/327978/b5857iz/shopizer-327978/sm-shop/src/main/webapp/resources/js/ckeditor/plugins/placeholder/lang/vi.js
2026-03-03 17:13:43,922 - Knowledge - INFO - process ingested knowledge for /app/data/T0015/327978/b5857iz/shopizer-327978/sm-shop/src/main/webapp/resources/js/ckeditor/plugins/uicolor/lang/ug.js
2026-03-03 17:13:44,057 - Knowledge - INFO - Worker kw18 processing /app/data/T0015/327978/b5857iz/shopizer-327978/sm-shop/src/main/webapp/resources/js/ckeditor/plugins/placeholder/lang/hr.js
2026-03-03 17:13:44,161 - Knowledge - INFO - Fast-tracked /app/data/T0015/327978/b5857iz/shopizer-327978/sm-shop/src/main/webapp/resources/js/ckeditor/plugins/placeholder/lang/_translationstatus.txt (ext=.txt, size=911)
2026-03-03 17:13:44,345 - Knowledge - INFO - Fast-tracked /app/data/T0015/327978/b5857iz/shopizer-327978/sm-shop/src/main/webapp/resources/js/ckeditor/plugins/placeholder/lang/et.js (ext=.js, size=373)
2026-03-03 17:13:44,385 - Knowledge - INFO - Async storage completed for 8 embeddings
2026-03-03 17:13:44,441 - Knowledge - INFO - Fast-tracked /app/data/T0015/327978/b5857iz/shopizer-327978/sm-shop/src/main/webapp/resources/js/ckeditor/plugins/wsc/dialogs/tmpFrameset.html (ext=.html, size=1935)
2026-03-03 17:13:44,531 - Knowledge - INFO - Fast-tracked /app/data/T0015/327978/b5857iz/shopizer-327978/sm-shop/src/main/webapp/resources/js/ckeditor/plugins/placeholder/lang/vi.js (ext=.js, size=383)
2026-03-03 17:13:44,692 - Knowledge - INFO - process ingested knowledge for /app/data/T0015/327978/b5857iz/shopizer-327978/sm-shop/src/main/webapp/resources/js/ckeditor/plugins/uicolor/lang/cy.js
2026-03-03 17:13:44,712 - Knowledge - INFO - Fast-tracked /app/data/T0015/327978/b5857iz/shopizer-327978/sm-shop/src/main/webapp/resources/js/ckeditor/plugins/placeholder/lang/hr.js (ext=.js, size=413)
2026-03-03 17:13:44,808 - Knowledge - INFO - Worker kw6 processing /app/data/T0015/327978/b5857iz/shopizer-327978/sm-shop/src/main/webapp/resources/js/ckeditor/plugins/placeholder/lang/it.js
2026-03-03 17:13:44,900 - Knowledge - INFO - Worker kw16 processing /app/data/T0015/327978/b5857iz/shopizer-327978/sm-shop/src/main/webapp/resources/js/ckeditor/plugins/placeholder/lang/de.js
2026-03-03 17:13:44,913 - Knowledge - INFO - Async storage completed for 8 embeddings
2026-03-03 17:13:44,986 - Knowledge - INFO - [kw19] Queue=148, InProgress=0, PendingWorkers=20/20, Completed=917/1167 (78.6%)
2026-03-03 17:13:45,107 - Knowledge - INFO - Worker kw10 processing /app/data/T0015/327978/b5857iz/shopizer-327978/sm-shop/src/main/webapp/resources/js/ckeditor/plugins/pastefromword/filter/default.js
2026-03-03 17:13:45,231 - Knowledge - INFO - Worker kw14 processing /app/data/T0015/327978/b5857iz/shopizer-327978/sm-shop/src/main/webapp/resources/js/ckeditor/plugins/placeholder/lang/en.js
2026-03-03 17:13:45,321 - Knowledge - INFO - process ingested knowledge for /app/data/T0015/327978/b5857iz/shopizer-327978/sm-shop/src/main/webapp/resources/js/ckeditor/plugins/uicolor/lang/eo.js
2026-03-03 17:13:45,434 - Knowledge - INFO - Worker kw18 processing /app/data/T0015/327978/b5857iz/shopizer-327978/sm-shop/src/main/webapp/resources/js/ckeditor/plugins/placeholder/lang/fr.js
2026-03-03 17:13:45,552 - Knowledge - INFO - Fast-tracked /app/data/T0015/327978/b5857iz/shopizer-327978/sm-shop/src/main/webapp/resources/js/ckeditor/plugins/placeholder/lang/it.js (ext=.js, size=378)
2026-03-03 17:13:45,677 - Knowledge - INFO - Fast-tracked /app/data/T0015/327978/b5857iz/shopizer-327978/sm-shop/src/main/webapp/resources/js/ckeditor/plugins/placeholder/lang/de.js (ext=.js, size=395)
2026-03-03 17:13:46,018 - Knowledge - INFO - Batch sizing: calculated=5, max_allowed=10, queue=148, active_workers=20/20
2026-03-03 17:13:46,118 - Knowledge - INFO - Worker kw10 processing /app/data/T0015/327978/b5857iz/shopizer-327978/sm-shop/src/main/webapp/resources/js/ckeditor/plugins/placeholder/lang/pt-br.js
2026-03-03 17:13:46,215 - Knowledge - INFO - Fast-tracked /app/data/T0015/327978/b5857iz/shopizer-327978/sm-shop/src/main/webapp/resources/js/ckeditor/plugins/placeholder/lang/en.js (ext=.js, size=374)
2026-03-03 17:13:46,317 - Knowledge - INFO - process ingested knowledge for /app/data/T0015/327978/b5857iz/shopizer-327978/sm-shop/src/main/webapp/resources/js/ckeditor/plugins/uicolor/plugin.js
2026-03-03 17:13:46,412 - Knowledge - INFO - Fast-tracked /app/data/T0015/327978/b5857iz/shopizer-327978/sm-shop/src/main/webapp/resources/js/ckeditor/plugins/placeholder/lang/fr.js (ext=.js, size=423)
2026-03-03 17:13:46,504 - Knowledge - INFO - Worker kw6 processing /app/data/T0015/327978/b5857iz/shopizer-327978/sm-shop/src/main/webapp/resources/js/ckeditor/plugins/placeholder/lang/he.js
2026-03-03 17:13:46,602 - Knowledge - INFO - Worker kw16 processing /app/data/T0015/327978/b5857iz/shopizer-327978/sm-shop/src/main/webapp/resources/js/ckeditor/plugins/placeholder/lang/el.js
2026-03-03 17:13:46,668 - Knowledge - INFO - Async storing batch of 6 embeddings
2026-03-03 17:13:46,760 - Knowledge - INFO - Fast-tracked /app/data/T0015/327978/b5857iz/shopizer-327978/sm-shop/src/main/webapp/resources/js/ckeditor/plugins/placeholder/lang/pt-br.js (ext=.js, size=415)
2026-03-03 17:13:46,837 - Knowledge - INFO - Worker kw14 processing /app/data/T0015/327978/b5857iz/shopizer-327978/sm-shop/src/main/webapp/resources/js/ckeditor/plugins/placeholder/lang/cs.js
2026-03-03 17:13:46,928 - Knowledge - INFO - process ingested knowledge for /app/data/T0015/327978/b5857iz/shopizer-327978/sm-shop/src/main/webapp/resources/js/ckeditor/plugins/uicolor/dialogs/uicolor.js
2026-03-03 17:13:47,009 - Knowledge - INFO - Worker kw18 processing /app/data/T0015/327978/b5857iz/shopizer-327978/sm-shop/src/main/webapp/resources/js/ckeditor/plugins/placeholder/lang/nb.js
2026-03-03 17:13:47,155 - Knowledge - INFO - Fast-tracked /app/data/T0015/327978/b5857iz/shopizer-327978/sm-shop/src/main/webapp/resources/js/ckeditor/plugins/placeholder/lang/he.js (ext=.js, size=427)
2026-03-03 17:13:47,253 - Knowledge - INFO - Fast-tracked /app/data/T0015/327978/b5857iz/shopizer-327978/sm-shop/src/main/webapp/resources/js/ckeditor/plugins/placeholder/lang/el.js (ext=.js, size=584)
2026-03-03 17:13:47,340 - Knowledge - INFO - Worker kw19 processing /app/data/T0015/327978/b5857iz/shopizer-327978/sm-shop/src/main/webapp/resources/js/ckeditor/plugins/placeholder/lang/pl.js
2026-03-03 17:13:47,407 - Knowledge - INFO - Worker kw10 processing /app/data/T0015/327978/b5857iz/shopizer-327978/sm-shop/src/main/webapp/resources/js/ckeditor/plugins/placeholder/lang/da.js
2026-03-03 17:13:47,490 - Knowledge - INFO - Fast-tracked /app/data/T0015/327978/b5857iz/shopizer-327978/sm-shop/src/main/webapp/resources/js/ckeditor/plugins/placeholder/lang/cs.js (ext=.js, size=409)
2026-03-03 17:13:47,665 - Knowledge - INFO - Fast-tracked /app/data/T0015/327978/b5857iz/shopizer-327978/sm-shop/src/main/webapp/resources/js/ckeditor/plugins/placeholder/lang/nb.js (ext=.js, size=387)
2026-03-03 17:13:47,808 - Knowledge - INFO - Worker kw6 processing /app/data/T0015/327978/b5857iz/shopizer-327978/sm-shop/src/main/webapp/resources/js/ckeditor/plugins/placeholder/lang/no.js
2026-03-03 17:13:47,943 - Knowledge - INFO - Worker kw16 processing /app/data/T0015/327978/b5857iz/shopizer-327978/sm-shop/src/main/webapp/resources/js/ckeditor/plugins/placeholder/lang/fa.js
2026-03-03 17:13:48,122 - Knowledge - INFO - Fast-tracked /app/data/T0015/327978/b5857iz/shopizer-327978/sm-shop/src/main/webapp/resources/js/ckeditor/plugins/placeholder/lang/pl.js (ext=.js, size=392)
2026-03-03 17:13:48,253 - Knowledge - INFO - Fast-tracked /app/data/T0015/327978/b5857iz/shopizer-327978/sm-shop/src/main/webapp/resources/js/ckeditor/plugins/placeholder/lang/da.js (ext=.js, size=384)
2026-03-03 17:13:48,337 - Knowledge - INFO - Worker kw14 processing /app/data/T0015/327978/b5857iz/shopizer-327978/sm-shop/src/main/webapp/resources/js/ckeditor/plugins/placeholder/lang/tr.js
2026-03-03 17:13:48,455 - Knowledge - INFO - Worker kw18 processing /app/data/T0015/327978/b5857iz/shopizer-327978/sm-shop/src/main/webapp/resources/js/ckeditor/plugins/placeholder/lang/zh-cn.js
2026-03-03 17:13:48,600 - Knowledge - INFO - Fast-tracked /app/data/T0015/327978/b5857iz/shopizer-327978/sm-shop/src/main/webapp/resources/js/ckeditor/plugins/placeholder/lang/no.js (ext=.js, size=387)
2026-03-03 17:13:48,622 - Knowledge - INFO - [LLM_CALL] Completed: sr.js:chunk1, Duration: 42192ms, PromptTokens: 11370, CompletionTokens: 140, Cost: $0.00119
2026-03-03 17:13:48,681 - Knowledge - INFO - Fast-tracked /app/data/T0015/327978/b5857iz/shopizer-327978/sm-shop/src/main/webapp/resources/js/ckeditor/plugins/placeholder/lang/fa.js (ext=.js, size=463)
2026-03-03 17:13:48,767 - Knowledge - INFO - Worker kw19 processing /app/data/T0015/327978/b5857iz/shopizer-327978/sm-shop/src/main/webapp/resources/js/ckeditor/plugins/placeholder/lang/ug.js
2026-03-03 17:13:49,009 - Knowledge - INFO - Fast-tracked /app/data/T0015/327978/b5857iz/shopizer-327978/sm-shop/src/main/webapp/resources/js/ckeditor/plugins/placeholder/lang/tr.js (ext=.js, size=380)
2026-03-03 17:13:49,087 - Knowledge - INFO - Fast-tracked /app/data/T0015/327978/b5857iz/shopizer-327978/sm-shop/src/main/webapp/resources/js/ckeditor/plugins/placeholder/lang/zh-cn.js (ext=.js, size=361)
2026-03-03 17:13:49,191 - Knowledge - INFO - Worker kw6 processing /app/data/T0015/327978/b5857iz/shopizer-327978/sm-shop/src/main/webapp/resources/js/ckeditor/plugins/placeholder/lang/bg.js
2026-03-03 17:13:49,358 - Knowledge - INFO - done ingest for /app/data/T0015/327978/b5857iz/shopizer-327978/sm-shop/src/main/webapp/resources/js/ckeditor/lang/sr.js
2026-03-03 17:13:49,362 - Knowledge - INFO - [kw11] Queue=143, InProgress=0, PendingWorkers=20/20, Completed=917/1167 (78.6%)
2026-03-03 17:13:49,450 - Knowledge - INFO - Worker kw16 processing /app/data/T0015/327978/b5857iz/shopizer-327978/sm-shop/src/main/webapp/resources/js/ckeditor/plugins/placeholder/lang/fi.js
2026-03-03 17:13:49,564 - Knowledge - INFO - Fast-tracked /app/data/T0015/327978/b5857iz/shopizer-327978/sm-shop/src/main/webapp/resources/js/ckeditor/plugins/placeholder/lang/ug.js (ext=.js, size=479)
2026-03-03 17:13:49,669 - Knowledge - INFO - [LLM_CALL] Completed: nl.js:chunk1, Duration: 16981ms, PromptTokens: 11166, CompletionTokens: 123, Cost: $0.00117
2026-03-03 17:13:49,732 - Knowledge - INFO - Worker kw14 processing /app/data/T0015/327978/b5857iz/shopizer-327978/sm-shop/src/main/webapp/resources/js/ckeditor/plugins/placeholder/lang/nl.js
2026-03-03 17:13:49,808 - Knowledge - INFO - Worker kw18 processing /app/data/T0015/327978/b5857iz/shopizer-327978/sm-shop/src/main/webapp/resources/js/ckeditor/plugins/placeholder/lang/uk.js
2026-03-03 17:13:49,928 - Knowledge - INFO - Fast-tracked /app/data/T0015/327978/b5857iz/shopizer-327978/sm-shop/src/main/webapp/resources/js/ckeditor/plugins/placeholder/lang/bg.js (ext=.js, size=476)
2026-03-03 17:13:50,131 - Knowledge - INFO - Batch sizing: calculated=5, max_allowed=10, queue=143, active_workers=20/20
2026-03-03 17:13:50,264 - Knowledge - INFO - Fast-tracked /app/data/T0015/327978/b5857iz/shopizer-327978/sm-shop/src/main/webapp/resources/js/ckeditor/plugins/placeholder/lang/fi.js (ext=.js, size=391)
2026-03-03 17:13:50,349 - Knowledge - INFO - Worker kw19 processing /app/data/T0015/327978/b5857iz/shopizer-327978/sm-shop/src/main/webapp/resources/js/ckeditor/plugins/placeholder/lang/cy.js
2026-03-03 17:13:50,423 - Knowledge - INFO - done ingest for /app/data/T0015/327978/b5857iz/shopizer-327978/sm-shop/src/main/webapp/resources/js/ckeditor/lang/nl.js
2026-03-03 17:13:50,423 - Knowledge - INFO - [LLM_CALL] Completed: find.js:chunk1, Duration: 34255ms, PromptTokens: 7308, CompletionTokens: 530, Cost: $0.00094
2026-03-03 17:13:50,544 - Knowledge - INFO - Fast-tracked /app/data/T0015/327978/b5857iz/shopizer-327978/sm-shop/src/main/webapp/resources/js/ckeditor/plugins/placeholder/lang/nl.js (ext=.js, size=385)
2026-03-03 17:13:50,618 - Knowledge - INFO - Fast-tracked /app/data/T0015/327978/b5857iz/shopizer-327978/sm-shop/src/main/webapp/resources/js/ckeditor/plugins/placeholder/lang/uk.js (ext=.js, size=488)
2026-03-03 17:13:50,709 - Knowledge - INFO - Async storage completed for 6 embeddings
2026-03-03 17:13:50,937 - Knowledge - INFO - Async storage completed for 5 embeddings
2026-03-03 17:13:50,992 - Knowledge - INFO - Async storage completed for 6 embeddings
2026-03-03 17:13:51,041 - Knowledge - INFO - Fast-tracked /app/data/T0015/327978/b5857iz/shopizer-327978/sm-shop/src/main/webapp/resources/js/ckeditor/plugins/placeholder/lang/cy.js (ext=.js, size=407)
2026-03-03 17:13:51,403 - Knowledge - INFO - done ingest for /app/data/T0015/327978/b5857iz/shopizer-327978/sm-shop/src/main/webapp/resources/js/ckeditor/plugins/find/dialogs/find.js
2026-03-03 17:13:51,404 - Knowledge - INFO - Async storing batch of 5 embeddings
2026-03-03 17:13:51,529 - Knowledge - INFO - Async storage completed for 6 embeddings
2026-03-03 17:13:51,651 - Knowledge - INFO - Async storage completed for 6 embeddings
2026-03-03 17:13:51,687 - Knowledge - INFO - [LLM_CALL] Completed: en-au.js:chunk1, Duration: 43785ms, PromptTokens: 9484, CompletionTokens: 149, Cost: $0.00101
2026-03-03 17:13:52,092 - Knowledge - INFO - Worker kw19 processing /app/data/T0015/327978/b5857iz/shopizer-327978/sm-shop/src/main/webapp/resources/js/ckeditor/plugins/placeholder/lang/eo.js
2026-03-03 17:13:52,257 - Knowledge - INFO - Async storage completed for 6 embeddings
2026-03-03 17:13:52,286 - Knowledge - INFO - Worker kw11 processing /app/data/T0015/327978/b5857iz/shopizer-327978/sm-shop/src/main/webapp/resources/js/ckeditor/plugins/placeholder/dialogs/placeholder.js
2026-03-03 17:13:52,478 - Knowledge - INFO - Async storage completed for 6 embeddings
2026-03-03 17:13:52,645 - Knowledge - INFO - done ingest for /app/data/T0015/327978/b5857iz/shopizer-327978/sm-shop/src/main/webapp/resources/js/ckeditor/lang/en-au.js
2026-03-03 17:13:52,680 - Knowledge - INFO - Async storage completed for 6 embeddings
2026-03-03 17:13:52,688 - Knowledge - INFO - [LLM_CALL] Completed: tableCell.js:chunk1, Duration: 23835ms, PromptTokens: 4894, CompletionTokens: 240, Cost: $0.00059
2026-03-03 17:13:52,816 - Knowledge - INFO - Fast-tracked /app/data/T0015/327978/b5857iz/shopizer-327978/sm-shop/src/main/webapp/resources/js/ckeditor/plugins/placeholder/lang/eo.js (ext=.js, size=418)
2026-03-03 17:13:53,112 - Knowledge - INFO - Fast-tracked /app/data/T0015/327978/b5857iz/shopizer-327978/sm-shop/src/main/webapp/resources/js/ckeditor/plugins/placeholder/dialogs/placeholder.js (ext=.js, size=988)
2026-03-03 17:13:53,526 - Knowledge - INFO - done ingest for /app/data/T0015/327978/b5857iz/shopizer-327978/sm-shop/src/main/webapp/resources/js/ckeditor/plugins/tabletools/dialogs/tableCell.js
2026-03-03 17:13:53,531 - Knowledge - INFO - [LLM_CALL] Completed: bs.js:chunk1, Duration: 61882ms, PromptTokens: 10150, CompletionTokens: 139, Cost: $0.00107
2026-03-03 17:13:53,697 - Knowledge - INFO - Worker kw11 processing /app/data/T0015/327978/b5857iz/shopizer-327978/sm-shop/src/main/webapp/resources/js/ckeditor/plugins/smiley/dialogs/smiley.js
2026-03-03 17:13:53,611 - Knowledge - INFO - Worker kw19 processing /app/data/T0015/327978/b5857iz/shopizer-327978/sm-shop/src/main/webapp/resources/js/ckeditor/plugins/placeholder/plugin.js
2026-03-03 17:13:53,897 - Knowledge - INFO - Async storage completed for 6 embeddings
2026-03-03 17:13:53,929 - Knowledge - INFO - done ingest for /app/data/T0015/327978/b5857iz/shopizer-327978/sm-shop/src/main/webapp/resources/js/ckeditor/lang/bs.js
2026-03-03 17:13:53,948 - Knowledge - INFO - [LLM_CALL] Completed: de.js:chunk1, Duration: 18128ms, PromptTokens: 11314, CompletionTokens: 142, Cost: $0.00119
2026-03-03 17:13:54,047 - Knowledge - INFO - Worker kw11 processing /app/data/T0015/327978/b5857iz/shopizer-327978/sm-shop/src/main/webapp/resources/js/ckeditor/plugins/image/dialogs/image.js
2026-03-03 17:13:54,070 - Knowledge - INFO - Async storage completed for 6 embeddings
2026-03-03 17:13:54,144 - Knowledge - INFO - Fast-tracked /app/data/T0015/327978/b5857iz/shopizer-327978/sm-shop/src/main/webapp/resources/js/ckeditor/plugins/placeholder/plugin.js (small file (2560 bytes))
2026-03-03 17:13:54,550 - Knowledge - INFO - done ingest for /app/data/T0015/327978/b5857iz/shopizer-327978/sm-shop/src/main/webapp/resources/js/ckeditor/lang/de.js
2026-03-03 17:13:54,625 - Knowledge - INFO - [LLM_CALL] Completed: tr.js:chunk1, Duration: 55851ms, PromptTokens: 12530, CompletionTokens: 136, Cost: $0.00131
2026-03-03 17:13:54,715 - Knowledge - INFO - Worker kw11 processing /app/data/T0015/327978/b5857iz/shopizer-327978/sm-shop/src/main/webapp/resources/js/ckeditor/plugins/div/dialogs/div.js
2026-03-03 17:13:54,898 - Knowledge - INFO - Async storage completed for 6 embeddings
2026-03-03 17:13:55,134 - Knowledge - INFO - done ingest for /app/data/T0015/327978/b5857iz/shopizer-327978/sm-shop/src/main/webapp/resources/js/ckeditor/lang/tr.js
2026-03-03 17:13:55,177 - Knowledge - INFO - [LLM_CALL] Completed: it.js:chunk1, Duration: 39697ms, PromptTokens: 11848, CompletionTokens: 143, Cost: $0.00124
2026-03-03 17:13:55,311 - Knowledge - INFO - Worker kw11 processing /app/data/T0015/327978/b5857iz/shopizer-327978/sm-shop/src/main/webapp/resources/js/ckeditor/plugins/about/dialogs/about.js
2026-03-03 17:13:55,553 - Knowledge - INFO - done ingest for /app/data/T0015/327978/b5857iz/shopizer-327978/sm-shop/src/main/webapp/resources/js/ckeditor/lang/it.js
2026-03-03 17:13:55,558 - Knowledge - INFO - [LLM_CALL] Completed: et.js:chunk1, Duration: 33424ms, PromptTokens: 12472, CompletionTokens: 133, Cost: $0.00130
2026-03-03 17:13:55,623 - Knowledge - INFO - Fast-tracked /app/data/T0015/327978/b5857iz/shopizer-327978/sm-shop/src/main/webapp/resources/js/ckeditor/plugins/about/dialogs/about.js (ext=.js, size=1510)
2026-03-03 17:13:55,642 - Knowledge - INFO - Async storage completed for 8 embeddings
2026-03-03 17:13:55,893 - Knowledge - INFO - done ingest for /app/data/T0015/327978/b5857iz/shopizer-327978/sm-shop/src/main/webapp/resources/js/ckeditor/lang/et.js
2026-03-03 17:13:56,083 - Knowledge - INFO - Processing batch of 5 files
2026-03-03 17:13:56,092 - Knowledge - INFO - Processing batch of 5 files
2026-03-03 17:13:56,103 - Knowledge - INFO - Processing batch of 5 files
2026-03-03 17:13:56,152 - Knowledge - INFO - Processing batch of 5 files
2026-03-03 17:13:56,241 - Knowledge - INFO - [LLM_CALL] Completed: fo.js:chunk1, Duration: 73438ms, PromptTokens: 12576, CompletionTokens: 145, Cost: $0.00132
2026-03-03 17:13:56,432 - Knowledge - INFO - process ingested knowledge for /app/data/T0015/327978/b5857iz/shopizer-327978/sm-shop/src/main/webapp/resources/js/ckeditor/plugins/placeholder/lang/hr.js
2026-03-03 17:13:56,533 - Knowledge - INFO - process ingested knowledge for /app/data/T0015/327978/b5857iz/shopizer-327978/sm-shop/src/main/webapp/resources/js/ckeditor/plugins/placeholder/lang/_translationstatus.txt
2026-03-03 17:13:56,668 - Knowledge - INFO - process ingested knowledge for /app/data/T0015/327978/b5857iz/shopizer-327978/sm-shop/src/main/webapp/resources/js/ckeditor/plugins/placeholder/lang/vi.js
2026-03-03 17:13:56,787 - Knowledge - INFO - process ingested knowledge for /app/data/T0015/327978/b5857iz/shopizer-327978/sm-shop/src/main/webapp/resources/js/ckeditor/plugins/placeholder/lang/et.js
2026-03-03 17:13:56,924 - Knowledge - INFO - done ingest for /app/data/T0015/327978/b5857iz/shopizer-327978/sm-shop/src/main/webapp/resources/js/ckeditor/lang/fo.js
2026-03-03 17:13:56,948 - Knowledge - INFO - Processing batch of 6 files
2026-03-03 17:13:57,050 - Knowledge - INFO - process ingested knowledge for /app/data/T0015/327978/b5857iz/shopizer-327978/sm-shop/src/main/webapp/resources/js/ckeditor/plugins/placeholder/lang/fr.js
2026-03-03 17:13:57,131 - Knowledge - INFO - [LLM_CALL] Completed: id.js:chunk1, Duration: 55530ms, PromptTokens: 9480, CompletionTokens: 133, Cost: $0.00100
2026-03-03 17:13:57,204 - Knowledge - INFO - process ingested knowledge for /app/data/T0015/327978/b5857iz/shopizer-327978/sm-shop/src/main/webapp/resources/js/ckeditor/plugins/placeholder/lang/it.js
2026-03-03 17:13:57,363 - Knowledge - INFO - process ingested knowledge for /app/data/T0015/327978/b5857iz/shopizer-327978/sm-shop/src/main/webapp/resources/js/ckeditor/plugins/placeholder/lang/en.js
2026-03-03 17:13:57,891 - Knowledge - INFO - process ingested knowledge for /app/data/T0015/327978/b5857iz/shopizer-327978/sm-shop/src/main/webapp/resources/js/ckeditor/plugins/placeholder/lang/de.js
2026-03-03 17:13:58,182 - Knowledge - INFO - Async storage completed for 6 embeddings
2026-03-03 17:13:58,253 - Knowledge - INFO - process ingested knowledge for /app/data/T0015/327978/b5857iz/shopizer-327978/sm-shop/src/main/webapp/resources/js/ckeditor/plugins/find/dialogs/find.js
2026-03-03 17:13:58,369 - Knowledge - INFO - process ingested knowledge for /app/data/T0015/327978/b5857iz/shopizer-327978/sm-shop/src/main/webapp/resources/js/ckeditor/plugins/placeholder/lang/nb.js
2026-03-03 17:13:58,473 - Knowledge - INFO - done ingest for /app/data/T0015/327978/b5857iz/shopizer-327978/sm-shop/src/main/webapp/resources/js/ckeditor/lang/id.js
2026-03-03 17:13:58,488 - Knowledge - INFO - [LLM_CALL] Completed: cs.js:chunk1, Duration: 75632ms, PromptTokens: 13274, CompletionTokens: 141, Cost: $0.00138
2026-03-03 17:13:58,656 - Knowledge - INFO - process ingested knowledge for /app/data/T0015/327978/b5857iz/shopizer-327978/sm-shop/src/main/webapp/resources/js/ckeditor/plugins/placeholder/lang/he.js
2026-03-03 17:13:58,771 - Knowledge - INFO - process ingested knowledge for /app/data/T0015/327978/b5857iz/shopizer-327978/sm-shop/src/main/webapp/resources/js/ckeditor/plugins/placeholder/lang/cs.js
2026-03-03 17:13:58,897 - Knowledge - INFO - process ingested knowledge for /app/data/T0015/327978/b5857iz/shopizer-327978/sm-shop/src/main/webapp/resources/js/ckeditor/plugins/placeholder/lang/el.js
2026-03-03 17:13:59,302 - Knowledge - INFO - process ingested knowledge for /app/data/T0015/327978/b5857iz/shopizer-327978/sm-shop/src/main/webapp/resources/js/ckeditor/plugins/xml/plugin.js
2026-03-03 17:13:59,311 - Knowledge - INFO - Async storage completed for 6 embeddings
2026-03-03 17:13:59,472 - Knowledge - INFO - process ingested knowledge for /app/data/T0015/327978/b5857iz/shopizer-327978/sm-shop/src/main/webapp/resources/js/ckeditor/plugins/placeholder/lang/zh-cn.js
2026-03-03 17:13:59,490 - Knowledge - INFO - Async storage completed for 5 embeddings
2026-03-03 17:13:59,741 - Knowledge - INFO - done ingest for /app/data/T0015/327978/b5857iz/shopizer-327978/sm-shop/src/main/webapp/resources/js/ckeditor/lang/cs.js
2026-03-03 17:13:59,768 - Knowledge - INFO - Processing batch of 5 files
2026-03-03 17:13:59,778 - Knowledge - INFO - [LLM_CALL] Completed: he.js:chunk1, Duration: 32049ms, PromptTokens: 12588, CompletionTokens: 137, Cost: $0.00131
2026-03-03 17:13:59,913 - Knowledge - INFO - process ingested knowledge for /app/data/T0015/327978/b5857iz/shopizer-327978/sm-shop/src/main/webapp/resources/js/ckeditor/plugins/placeholder/lang/no.js
2026-03-03 17:14:00,047 - Knowledge - INFO - process ingested knowledge for /app/data/T0015/327978/b5857iz/shopizer-327978/sm-shop/src/main/webapp/resources/js/ckeditor/plugins/placeholder/lang/tr.js
2026-03-03 17:14:00,307 - Knowledge - INFO - process ingested knowledge for /app/data/T0015/327978/b5857iz/shopizer-327978/sm-shop/src/main/webapp/resources/js/ckeditor/plugins/placeholder/lang/fa.js
2026-03-03 17:14:00,448 - Knowledge - INFO - process ingested knowledge for /app/data/T0015/327978/b5857iz/shopizer-327978/sm-shop/src/main/webapp/resources/js/ckeditor/plugins/tabletools/dialogs/tableCell.js
2026-03-03 17:14:00,751 - Knowledge - INFO - process ingested knowledge for /app/data/T0015/327978/b5857iz/shopizer-327978/sm-shop/src/main/webapp/resources/js/ckeditor/plugins/placeholder/lang/uk.js
2026-03-03 17:14:01,130 - Knowledge - INFO - process ingested knowledge for /app/data/T0015/327978/b5857iz/shopizer-327978/sm-shop/src/main/webapp/resources/js/ckeditor/plugins/placeholder/lang/pl.js
2026-03-03 17:14:01,130 - Knowledge - WARNING - Timeout processing /app/data/T0015/327978/b5857iz/shopizer-327978/sm-shop/src/main/webapp/resources/js/ckeditor/lang/fr-ca.js after 90s - using fallback metadata
2026-03-03 17:14:01,268 - Knowledge - INFO - done ingest for /app/data/T0015/327978/b5857iz/shopizer-327978/sm-shop/src/main/webapp/resources/js/ckeditor/lang/he.js
2026-03-03 17:14:01,274 - Knowledge - INFO - [LLM_CALL] Completed: zh-cn.js:chunk1, Duration: 74786ms, PromptTokens: 10388, CompletionTokens: 123, Cost: $0.00109
2026-03-03 17:14:01,400 - Knowledge - INFO - process ingested knowledge for /app/data/T0015/327978/b5857iz/shopizer-327978/sm-shop/src/main/webapp/resources/js/ckeditor/plugins/placeholder/lang/bg.js
2026-03-03 17:14:01,488 - Knowledge - INFO - process ingested knowledge for /app/data/T0015/327978/b5857iz/shopizer-327978/sm-shop/src/main/webapp/resources/js/ckeditor/plugins/placeholder/lang/nl.js
2026-03-03 17:14:01,658 - Knowledge - INFO - process ingested knowledge for /app/data/T0015/327978/b5857iz/shopizer-327978/sm-shop/src/main/webapp/resources/js/ckeditor/plugins/placeholder/lang/fi.js
2026-03-03 17:14:01,774 - Knowledge - INFO - process ingested knowledge for /app/data/T0015/327978/b5857iz/shopizer-327978/sm-shop/src/main/webapp/resources/js/ckeditor/plugins/a11yhelp/lang/pt-br.js
2026-03-03 17:14:02,356 - Knowledge - INFO - process ingested knowledge for /app/data/T0015/327978/b5857iz/shopizer-327978/sm-shop/src/main/webapp/resources/js/ckeditor/plugins/placeholder/lang/ug.js
2026-03-03 17:14:02,678 - Knowledge - INFO - done ingest for /app/data/T0015/327978/b5857iz/shopizer-327978/sm-shop/src/main/webapp/resources/js/ckeditor/lang/zh-cn.js
2026-03-03 17:14:02,721 - Knowledge - WARNING - Timeout processing /app/data/T0015/327978/b5857iz/shopizer-327978/sm-shop/src/main/webapp/resources/js/ckeditor/lang/en-gb.js after 90s - using fallback metadata
2026-03-03 17:14:02,739 - Knowledge - INFO - [LLM_CALL] Completed: hu.js:chunk1, Duration: 79877ms, PromptTokens: 13786, CompletionTokens: 150, Cost: $0.00144
2026-03-03 17:14:03,709 - Knowledge - INFO - done ingest for /app/data/T0015/327978/b5857iz/shopizer-327978/sm-shop/src/main/webapp/resources/js/ckeditor/lang/hu.js
2026-03-03 17:14:03,710 - Knowledge - INFO - [LLM_CALL] Completed: wsc.js:chunk1, Duration: 21765ms, PromptTokens: 2748, CompletionTokens: 345, Cost: $0.00041
2026-03-03 17:14:03,895 - Knowledge - INFO - process ingested knowledge for /app/data/T0015/327978/b5857iz/shopizer-327978/sm-shop/src/main/webapp/resources/js/ckeditor/plugins/a11yhelp/lang/da.js
2026-03-03 17:14:03,912 - Knowledge - INFO - process ingested knowledge for /app/data/T0015/327978/b5857iz/shopizer-327978/sm-shop/src/main/webapp/resources/js/ckeditor/plugins/placeholder/lang/cy.js
2026-03-03 17:14:04,109 - Knowledge - INFO - done ingest for /app/data/T0015/327978/b5857iz/shopizer-327978/sm-shop/src/main/webapp/resources/js/ckeditor/plugins/wsc/dialogs/wsc.js
2026-03-03 17:14:04,138 - Knowledge - INFO - [LLM_CALL] Completed: eo.js:chunk1, Duration: 20811ms, PromptTokens: 12942, CompletionTokens: 139, Cost: $0.00135
2026-03-03 17:14:04,735 - Knowledge - INFO - done ingest for /app/data/T0015/327978/b5857iz/shopizer-327978/sm-shop/src/main/webapp/resources/js/ckeditor/lang/eo.js
2026-03-03 17:14:04,746 - Knowledge - INFO - [LLM_CALL] Completed: vi.js:chunk1, Duration: 81900ms, PromptTokens: 12422, CompletionTokens: 128, Cost: $0.00129
2026-03-03 17:14:05,137 - Knowledge - INFO - done ingest for /app/data/T0015/327978/b5857iz/shopizer-327978/sm-shop/src/main/webapp/resources/js/ckeditor/lang/vi.js
2026-03-03 17:14:05,154 - Knowledge - INFO - [LLM_CALL] Completed: hr.js:chunk1, Duration: 81287ms, PromptTokens: 11992, CompletionTokens: 136, Cost: $0.00125
2026-03-03 17:14:05,389 - Knowledge - INFO - process ingested knowledge for /app/data/T0015/327978/b5857iz/shopizer-327978/sm-shop/src/main/webapp/resources/js/ckeditor/plugins/a11yhelp/lang/_translationstatus.txt
2026-03-03 17:14:05,413 - Knowledge - INFO - process ingested knowledge for /app/data/T0015/327978/b5857iz/shopizer-327978/sm-shop/src/main/webapp/resources/js/ckeditor/plugins/placeholder/lang/eo.js
2026-03-03 17:14:05,549 - Knowledge - INFO - done ingest for /app/data/T0015/327978/b5857iz/shopizer-327978/sm-shop/src/main/webapp/resources/js/ckeditor/lang/hr.js
2026-03-03 17:14:05,606 - Knowledge - INFO - [LLM_CALL] Completed: lt.js:chunk1, Duration: 45562ms, PromptTokens: 13652, CompletionTokens: 133, Cost: $0.00142
2026-03-03 17:14:06,101 - Knowledge - INFO - done ingest for /app/data/T0015/327978/b5857iz/shopizer-327978/sm-shop/src/main/webapp/resources/js/ckeditor/lang/lt.js
2026-03-03 17:14:06,114 - Knowledge - INFO - [LLM_CALL] Completed: sk.js:chunk1, Duration: 46399ms, PromptTokens: 11916, CompletionTokens: 136, Cost: $0.00125
2026-03-03 17:14:06,592 - Knowledge - INFO - done ingest for /app/data/T0015/327978/b5857iz/shopizer-327978/sm-shop/src/main/webapp/resources/js/ckeditor/lang/sk.js
2026-03-03 17:14:06,638 - Knowledge - INFO - [LLM_CALL] Completed: af.js:chunk1, Duration: 42778ms, PromptTokens: 11568, CompletionTokens: 115, Cost: $0.00120
2026-03-03 17:14:07,024 - Knowledge - INFO - done ingest for /app/data/T0015/327978/b5857iz/shopizer-327978/sm-shop/src/main/webapp/resources/js/ckeditor/lang/af.js
2026-03-03 17:14:07,091 - Knowledge - INFO - [LLM_CALL] Completed: bg.js:chunk1, Duration: 56308ms, PromptTokens: 11858, CompletionTokens: 133, Cost: $0.00124
2026-03-03 17:14:07,177 - Knowledge - INFO - process ingested knowledge for /app/data/T0015/327978/b5857iz/shopizer-327978/sm-shop/src/main/webapp/resources/js/ckeditor/plugins/placeholder/plugin.js
2026-03-03 17:14:07,401 - Knowledge - INFO - done ingest for /app/data/T0015/327978/b5857iz/shopizer-327978/sm-shop/src/main/webapp/resources/js/ckeditor/lang/bg.js
2026-03-03 17:14:07,421 - Knowledge - INFO - [LLM_CALL] Completed: bn.js:chunk1, Duration: 55682ms, PromptTokens: 11686, CompletionTokens: 150, Cost: $0.00123
2026-03-03 17:14:08,095 - Knowledge - INFO - done ingest for /app/data/T0015/327978/b5857iz/shopizer-327978/sm-shop/src/main/webapp/resources/js/ckeditor/lang/bn.js
2026-03-03 17:14:08,101 - Knowledge - INFO - [LLM_CALL] Completed: ja.js:chunk1, Duration: 60203ms, PromptTokens: 12050, CompletionTokens: 150, Cost: $0.00126
2026-03-03 17:14:08,548 - Knowledge - INFO - done ingest for /app/data/T0015/327978/b5857iz/shopizer-327978/sm-shop/src/main/webapp/resources/js/ckeditor/lang/ja.js
2026-03-03 17:14:08,572 - Knowledge - INFO - [LLM_CALL] Completed: gu.js:chunk1, Duration: 45624ms, PromptTokens: 14428, CompletionTokens: 134, Cost: $0.00150
2026-03-03 17:14:09,023 - Knowledge - INFO - done ingest for /app/data/T0015/327978/b5857iz/shopizer-327978/sm-shop/src/main/webapp/resources/js/ckeditor/lang/gu.js
2026-03-03 17:14:09,035 - Knowledge - INFO - [LLM_CALL] Completed: km.js:chunk1, Duration: 58727ms, PromptTokens: 13042, CompletionTokens: 133, Cost: $0.00136
2026-03-03 17:14:09,746 - Knowledge - INFO - done ingest for /app/data/T0015/327978/b5857iz/shopizer-327978/sm-shop/src/main/webapp/resources/js/ckeditor/lang/km.js
2026-03-03 17:14:09,876 - Knowledge - INFO - [LLM_CALL] Completed: zh.js:chunk1, Duration: 50885ms, PromptTokens: 11182, CompletionTokens: 120, Cost: $0.00117
2026-03-03 17:14:10,246 - Knowledge - INFO - done ingest for /app/data/T0015/327978/b5857iz/shopizer-327978/sm-shop/src/main/webapp/resources/js/ckeditor/lang/zh.js
2026-03-03 17:14:10,269 - Knowledge - INFO - [LLM_CALL] Completed: sv.js:chunk1, Duration: 60561ms, PromptTokens: 11512, CompletionTokens: 135, Cost: $0.00121
2026-03-03 17:14:10,700 - Knowledge - INFO - done ingest for /app/data/T0015/327978/b5857iz/shopizer-327978/sm-shop/src/main/webapp/resources/js/ckeditor/lang/sv.js
2026-03-03 17:14:10,738 - Knowledge - INFO - [LLM_CALL] Completed: fi.js:chunk1, Duration: 27857ms, PromptTokens: 12604, CompletionTokens: 143, Cost: $0.00132
2026-03-03 17:14:11,069 - Knowledge - INFO - Async storage completed for 5 embeddings
2026-03-03 17:14:11,185 - Knowledge - INFO - done ingest for /app/data/T0015/327978/b5857iz/shopizer-327978/sm-shop/src/main/webapp/resources/js/ckeditor/lang/fi.js
2026-03-03 17:14:11,186 - Knowledge - INFO - [LLM_CALL] Completed: no.js:chunk1, Duration: 90906ms, PromptTokens: 11700, CompletionTokens: 127, Cost: $0.00122
2026-03-03 17:14:11,588 - Knowledge - INFO - done ingest for /app/data/T0015/327978/b5857iz/shopizer-327978/sm-shop/src/main/webapp/resources/js/ckeditor/lang/no.js
2026-03-03 17:14:11,649 - Knowledge - INFO - [LLM_CALL] Completed: default.js:chunk1, Duration: 22288ms, PromptTokens: 10670, CompletionTokens: 580, Cost: $0.00130
2026-03-03 17:14:11,893 - Knowledge - INFO - done ingest for /app/data/T0015/327978/b5857iz/shopizer-327978/sm-shop/src/main/webapp/resources/js/ckeditor/plugins/pastefromword/filter/default.js
2026-03-03 17:14:11,894 - Knowledge - INFO - [LLM_CALL] Completed: gl.js:chunk1, Duration: 30334ms, PromptTokens: 10594, CompletionTokens: 144, Cost: $0.00112
2026-03-03 17:14:12,185 - Knowledge - INFO - done ingest for /app/data/T0015/327978/b5857iz/shopizer-327978/sm-shop/src/main/webapp/resources/js/ckeditor/lang/gl.js
2026-03-03 17:14:12,190 - Knowledge - INFO - [LLM_CALL] Completed: uk.js:chunk1, Duration: 72035ms, PromptTokens: 13812, CompletionTokens: 143, Cost: $0.00144
2026-03-03 17:14:12,525 - Knowledge - INFO - done ingest for /app/data/T0015/327978/b5857iz/shopizer-327978/sm-shop/src/main/webapp/resources/js/ckeditor/lang/uk.js
2026-03-03 17:14:12,531 - Knowledge - INFO - [LLM_CALL] Completed: cy.js:chunk1, Duration: 61005ms, PromptTokens: 13138, CompletionTokens: 141, Cost: $0.00137
2026-03-03 17:14:12,862 - Knowledge - INFO - done ingest for /app/data/T0015/327978/b5857iz/shopizer-327978/sm-shop/src/main/webapp/resources/js/ckeditor/lang/cy.js
2026-03-03 17:14:12,864 - Knowledge - INFO - [LLM_CALL] Completed: plugin.js:chunk1, Duration: 43508ms, PromptTokens: 3906, CompletionTokens: 571, Cost: $0.00062
2026-03-03 17:14:13,184 - Knowledge - INFO - done ingest for /app/data/T0015/327978/b5857iz/shopizer-327978/sm-shop/src/main/webapp/resources/js/ckeditor/plugins/tableresize/plugin.js
2026-03-03 17:14:13,185 - Knowledge - INFO - [LLM_CALL] Completed: mk.js:chunk1, Duration: 74844ms, PromptTokens: 9482, CompletionTokens: 143, Cost: $0.00101
2026-03-03 17:14:13,730 - Knowledge - INFO - done ingest for /app/data/T0015/327978/b5857iz/shopizer-327978/sm-shop/src/main/webapp/resources/js/ckeditor/lang/mk.js
2026-03-03 17:14:13,732 - Knowledge - INFO - [LLM_CALL] Completed: lv.js:chunk1, Duration: 42312ms, PromptTokens: 11718, CompletionTokens: 136, Cost: $0.00123
2026-03-03 17:14:14,112 - Knowledge - INFO - done ingest for /app/data/T0015/327978/b5857iz/shopizer-327978/sm-shop/src/main/webapp/resources/js/ckeditor/lang/lv.js
2026-03-03 17:14:14,127 - Knowledge - INFO - [LLM_CALL] Completed: hi.js:chunk1, Duration: 49562ms, PromptTokens: 11810, CompletionTokens: 133, Cost: $0.00123
2026-03-03 17:14:14,705 - Knowledge - INFO - done ingest for /app/data/T0015/327978/b5857iz/shopizer-327978/sm-shop/src/main/webapp/resources/js/ckeditor/lang/hi.js
2026-03-03 17:14:14,738 - Knowledge - INFO - [kw16] Queue=138, InProgress=0, PendingWorkers=20/20, Completed=959/1167 (82.2%)
2026-03-03 17:14:14,882 - Knowledge - INFO - [LLM_CALL] Completed: fa.js:chunk1, Duration: 61596ms, PromptTokens: 12886, CompletionTokens: 121, Cost: $0.00134
2026-03-03 17:14:15,176 - Knowledge - INFO - Batch sizing: calculated=5, max_allowed=10, queue=138, active_workers=20/20
2026-03-03 17:14:15,294 - Knowledge - INFO - done ingest for /app/data/T0015/327978/b5857iz/shopizer-327978/sm-shop/src/main/webapp/resources/js/ckeditor/lang/fa.js
2026-03-03 17:14:15,295 - Knowledge - INFO - [kw2] Queue=138, InProgress=0, PendingWorkers=20/20, Completed=960/1167 (82.3%)
2026-03-03 17:14:15,295 - Knowledge - INFO - [LLM_CALL] Completed: ar.js:chunk1, Duration: 45779ms, PromptTokens: 11318, CompletionTokens: 131, Cost: $0.00118
2026-03-03 17:14:15,694 - Knowledge - INFO - Batch sizing: calculated=5, max_allowed=10, queue=138, active_workers=20/20
2026-03-03 17:14:15,769 - Knowledge - INFO - done ingest for /app/data/T0015/327978/b5857iz/shopizer-327978/sm-shop/src/main/webapp/resources/js/ckeditor/lang/ar.js
2026-03-03 17:14:15,770 - Knowledge - INFO - [LLM_CALL] Completed: th.js:chunk1, Duration: 43082ms, PromptTokens: 12024, CompletionTokens: 133, Cost: $0.00126
2026-03-03 17:14:16,124 - Knowledge - INFO - done ingest for /app/data/T0015/327978/b5857iz/shopizer-327978/sm-shop/src/main/webapp/resources/js/ckeditor/lang/th.js
2026-03-03 17:14:16,125 - Knowledge - INFO - [LLM_CALL] Completed: ug.js:chunk1, Duration: 73364ms, PromptTokens: 16816, CompletionTokens: 145, Cost: $0.00174
2026-03-03 17:14:16,437 - Knowledge - INFO - done ingest for /app/data/T0015/327978/b5857iz/shopizer-327978/sm-shop/src/main/webapp/resources/js/ckeditor/lang/ug.js
2026-03-03 17:14:16,437 - Knowledge - INFO - [kw6] Queue=128, InProgress=0, PendingWorkers=20/20, Completed=960/1167 (82.3%)
2026-03-03 17:14:16,439 - Knowledge - INFO - [LLM_CALL] Completed: docprops.js:chunk1, Duration: 60639ms, PromptTokens: 7644, CompletionTokens: 473, Cost: $0.00095
2026-03-03 17:14:16,890 - Knowledge - INFO - Batch sizing: calculated=5, max_allowed=10, queue=128, active_workers=20/20
2026-03-03 17:14:17,110 - Knowledge - INFO - done ingest for /app/data/T0015/327978/b5857iz/shopizer-327978/sm-shop/src/main/webapp/resources/js/ckeditor/plugins/docprops/dialogs/docprops.js
2026-03-03 17:14:17,123 - Knowledge - INFO - [LLM_CALL] Completed: ms.js:chunk1, Duration: 45823ms, PromptTokens: 10534, CompletionTokens: 114, Cost: $0.00110
2026-03-03 17:14:17,406 - Knowledge - INFO - done ingest for /app/data/T0015/327978/b5857iz/shopizer-327978/sm-shop/src/main/webapp/resources/js/ckeditor/lang/ms.js
2026-03-03 17:14:17,406 - Knowledge - INFO - [LLM_CALL] Completed: fr.js:chunk1, Duration: 35168ms, PromptTokens: 11440, CompletionTokens: 137, Cost: $0.00120
2026-03-03 17:14:17,777 - Knowledge - INFO - done ingest for /app/data/T0015/327978/b5857iz/shopizer-327978/sm-shop/src/main/webapp/resources/js/ckeditor/lang/fr.js
2026-03-03 17:14:17,806 - Knowledge - INFO - [LLM_CALL] Completed: smiley.js:chunk1, Duration: 21706ms, PromptTokens: 2828, CompletionTokens: 279, Cost: $0.00039
2026-03-03 17:14:18,139 - Knowledge - INFO - done ingest for /app/data/T0015/327978/b5857iz/shopizer-327978/sm-shop/src/main/webapp/resources/js/ckeditor/plugins/smiley/dialogs/smiley.js
2026-03-03 17:14:18,145 - Knowledge - INFO - [LLM_CALL] Completed: el.js:chunk1, Duration: 30915ms, PromptTokens: 13622, CompletionTokens: 132, Cost: $0.00142
2026-03-03 17:14:18,716 - Knowledge - INFO - done ingest for /app/data/T0015/327978/b5857iz/shopizer-327978/sm-shop/src/main/webapp/resources/js/ckeditor/lang/el.js
2026-03-03 17:14:18,724 - Knowledge - INFO - [WEBSOCKET] Sent: Type=progress_update, Size: 294, Duration: 3430ms
2026-03-03 17:14:19,256 - Knowledge - INFO - [kw19] Queue=123, InProgress=0, PendingWorkers=20/20, Completed=961/1167 (82.3%)
2026-03-03 17:14:19,257 - Knowledge - INFO - [kw14] Queue=123, InProgress=0, PendingWorkers=20/20, Completed=961/1167 (82.3%)
2026-03-03 17:14:19,283 - Knowledge - INFO - Async storing batch of 5 embeddings
2026-03-03 17:14:19,289 - Knowledge - INFO - [LLM_CALL] Completed: sr-latn.js:chunk1, Duration: 96455ms, PromptTokens: 10868, CompletionTokens: 127, Cost: $0.00114
2026-03-03 17:14:19,507 - Knowledge - INFO - Batch sizing: calculated=5, max_allowed=10, queue=123, active_workers=20/20
2026-03-03 17:14:19,692 - Knowledge - INFO - Batch sizing: calculated=5, max_allowed=10, queue=123, active_workers=20/20
2026-03-03 17:14:19,814 - Knowledge - INFO - Worker kw16 processing /app/data/T0015/327978/b5857iz/shopizer-327978/sm-shop/src/main/webapp/resources/js/ckeditor/plugins/forms/dialogs/textfield.js
2026-03-03 17:14:19,889 - Knowledge - INFO - done ingest for /app/data/T0015/327978/b5857iz/shopizer-327978/sm-shop/src/main/webapp/resources/js/ckeditor/lang/sr-latn.js
2026-03-03 17:14:19,889 - Knowledge - INFO - Async storing batch of 6 embeddings
2026-03-03 17:14:19,890 - Knowledge - INFO - [LLM_CALL] Completed: mn.js:chunk1, Duration: 87217ms, PromptTokens: 11778, CompletionTokens: 134, Cost: $0.00123
2026-03-03 17:14:20,176 - Knowledge - INFO - Worker kw16 processing /app/data/T0015/327978/b5857iz/shopizer-327978/sm-shop/src/main/webapp/resources/js/ckeditor/plugins/forms/dialogs/checkbox.js
2026-03-03 17:14:20,389 - Knowledge - INFO - Worker kw2 processing /app/data/T0015/327978/b5857iz/shopizer-327978/sm-shop/src/main/webapp/resources/js/ckeditor/plugins/forms/dialogs/hiddenfield.js
2026-03-03 17:14:20,461 - Knowledge - INFO - done ingest for /app/data/T0015/327978/b5857iz/shopizer-327978/sm-shop/src/main/webapp/resources/js/ckeditor/lang/mn.js
2026-03-03 17:14:20,461 - Knowledge - INFO - [LLM_CALL] Completed: pl.js:chunk1, Duration: 58328ms, PromptTokens: 13280, CompletionTokens: 151, Cost: $0.00139
2026-03-03 17:14:20,544 - Knowledge - INFO - Worker kw16 processing /app/data/T0015/327978/b5857iz/shopizer-327978/sm-shop/src/main/webapp/resources/js/ckeditor/plugins/forms/dialogs/radio.js
2026-03-03 17:14:20,626 - Knowledge - INFO - Fast-tracked /app/data/T0015/327978/b5857iz/shopizer-327978/sm-shop/src/main/webapp/resources/js/ckeditor/plugins/forms/dialogs/hiddenfield.js (ext=.js, size=1736)
2026-03-03 17:14:21,021 - Knowledge - INFO - done ingest for /app/data/T0015/327978/b5857iz/shopizer-327978/sm-shop/src/main/webapp/resources/js/ckeditor/lang/pl.js
2026-03-03 17:14:21,023 - Knowledge - INFO - [LLM_CALL] Completed: pt.js:chunk1, Duration: 44601ms, PromptTokens: 10600, CompletionTokens: 138, Cost: $0.00112
2026-03-03 17:14:21,141 - Knowledge - INFO - Worker kw16 processing /app/data/T0015/327978/b5857iz/shopizer-327978/sm-shop/src/main/webapp/resources/js/ckeditor/plugins/forms/dialogs/textarea.js
2026-03-03 17:14:21,215 - Knowledge - INFO - Worker kw2 processing /app/data/T0015/327978/b5857iz/shopizer-327978/sm-shop/src/main/webapp/resources/js/ckeditor/plugins/forms/dialogs/button.js
2026-03-03 17:14:21,613 - Knowledge - INFO - done ingest for /app/data/T0015/327978/b5857iz/shopizer-327978/sm-shop/src/main/webapp/resources/js/ckeditor/lang/pt.js
2026-03-03 17:14:21,615 - Knowledge - INFO - Async storing batch of 5 embeddings
2026-03-03 17:14:21,616 - Knowledge - INFO - [LLM_CALL] Completed: link.js:chunk1, Duration: 40772ms, PromptTokens: 11600, CompletionTokens: 249, Cost: $0.00126
2026-03-03 17:14:21,717 - Knowledge - INFO - Worker kw16 processing /app/data/T0015/327978/b5857iz/shopizer-327978/sm-shop/src/main/webapp/resources/js/ckeditor/plugins/forms/dialogs/select.js
2026-03-03 17:14:21,787 - Knowledge - INFO - Fast-tracked /app/data/T0015/327978/b5857iz/shopizer-327978/sm-shop/src/main/webapp/resources/js/ckeditor/plugins/forms/dialogs/button.js (ext=.js, size=1765)
2026-03-03 17:14:21,965 - Knowledge - INFO - Worker kw6 processing /app/data/T0015/327978/b5857iz/shopizer-327978/sm-shop/src/main/webapp/resources/js/ckeditor/plugins/colordialog/dialogs/colordialog.js
2026-03-03 17:14:22,065 - Knowledge - INFO - done ingest for /app/data/T0015/327978/b5857iz/shopizer-327978/sm-shop/src/main/webapp/resources/js/ckeditor/plugins/link/dialogs/link.js
2026-03-03 17:14:22,065 - Knowledge - INFO - [LLM_CALL] Completed: es.js:chunk1, Duration: 98181ms, PromptTokens: 11182, CompletionTokens: 136, Cost: $0.00117
2026-03-03 17:14:22,150 - Knowledge - INFO - Fast-tracked /app/data/T0015/327978/b5857iz/shopizer-327978/sm-shop/src/main/webapp/resources/js/ckeditor/plugins/forms/dialogs/textfield.js (small file (2648 bytes))
2026-03-03 17:14:22,246 - Knowledge - INFO - Worker kw2 processing /app/data/T0015/327978/b5857iz/shopizer-327978/sm-shop/src/main/webapp/resources/js/ckeditor/plugins/forms/dialogs/form.js
2026-03-03 17:14:22,353 - Knowledge - INFO - Worker kw6 processing /app/data/T0015/327978/b5857iz/shopizer-327978/sm-shop/src/main/webapp/resources/js/ckeditor/plugins/bbcode/plugin.js
2026-03-03 17:14:22,643 - Knowledge - INFO - done ingest for /app/data/T0015/327978/b5857iz/shopizer-327978/sm-shop/src/main/webapp/resources/js/ckeditor/lang/es.js
2026-03-03 17:14:22,687 - Knowledge - INFO - [LLM_CALL] Completed: ko.js:chunk1, Duration: 87829ms, PromptTokens: 10714, CompletionTokens: 137, Cost: $0.00113
2026-03-03 17:14:22,746 - Knowledge - INFO - Fast-tracked /app/data/T0015/327978/b5857iz/shopizer-327978/sm-shop/src/main/webapp/resources/js/ckeditor/plugins/forms/dialogs/checkbox.js (small file (2245 bytes))
2026-03-03 17:14:22,835 - Knowledge - INFO - Worker kw2 processing /app/data/T0015/327978/b5857iz/shopizer-327978/sm-shop/src/main/webapp/resources/js/ckeditor/plugins/stylesheetparser/plugin.js
2026-03-03 17:14:22,923 - Knowledge - INFO - Worker kw6 processing /app/data/T0015/327978/b5857iz/shopizer-327978/sm-shop/src/main/webapp/resources/js/ckeditor/plugins/templates/dialogs/templates.js
2026-03-03 17:14:23,195 - Knowledge - INFO - done ingest for /app/data/T0015/327978/b5857iz/shopizer-327978/sm-shop/src/main/webapp/resources/js/ckeditor/lang/ko.js
2026-03-03 17:14:23,201 - Knowledge - INFO - [WEBSOCKET] Sent: Type=unknown, Size: ?, Duration: 7907ms
2026-03-03 17:14:23,307 - Knowledge - INFO - Fast-tracked /app/data/T0015/327978/b5857iz/shopizer-327978/sm-shop/src/main/webapp/resources/js/ckeditor/plugins/forms/dialogs/radio.js (small file (2025 bytes))
2026-03-03 17:14:23,388 - Knowledge - INFO - Fast-tracked /app/data/T0015/327978/b5857iz/shopizer-327978/sm-shop/src/main/webapp/resources/js/ckeditor/plugins/stylesheetparser/plugin.js (ext=.js, size=1371)
2026-03-03 17:14:23,482 - Knowledge - INFO - Worker kw6 processing /app/data/T0015/327978/b5857iz/shopizer-327978/sm-shop/src/main/webapp/resources/js/ckeditor/plugins/templates/templates/default.js
2026-03-03 17:14:23,812 - Knowledge - INFO - Progress: 81.9% | Files: 965/1167 | Rate: 1.68 files/sec | Queue: 113
2026-03-03 17:14:23,814 - Knowledge - INFO - [LLM_CALL] Completed: ro.js:chunk1, Duration: 48099ms, PromptTokens: 12278, CompletionTokens: 148, Cost: $0.00129
2026-03-03 17:14:23,918 - Knowledge - INFO - Fast-tracked /app/data/T0015/327978/b5857iz/shopizer-327978/sm-shop/src/main/webapp/resources/js/ckeditor/plugins/forms/dialogs/textarea.js (small file (1993 bytes))
2026-03-03 17:14:23,993 - Knowledge - INFO - Worker kw2 processing /app/data/T0015/327978/b5857iz/shopizer-327978/sm-shop/src/main/webapp/resources/js/ckeditor/plugins/adobeair/plugin.js
2026-03-03 17:14:24,066 - Knowledge - INFO - Fast-tracked /app/data/T0015/327978/b5857iz/shopizer-327978/sm-shop/src/main/webapp/resources/js/ckeditor/plugins/templates/templates/default.js (ext=.js, size=1466)
2026-03-03 17:14:24,140 - Knowledge - INFO - [kw18] Queue=113, InProgress=0, PendingWorkers=20/20, Completed=965/1167 (82.7%)
2026-03-03 17:14:24,219 - Knowledge - INFO - done ingest for /app/data/T0015/327978/b5857iz/shopizer-327978/sm-shop/src/main/webapp/resources/js/ckeditor/lang/ro.js
2026-03-03 17:14:24,221 - Knowledge - INFO - [LLM_CALL] Completed: div.js:chunk1, Duration: 14446ms, PromptTokens: 4032, CompletionTokens: 585, Cost: $0.00064
2026-03-03 17:14:24,379 - Knowledge - INFO - Fast-tracked /app/data/T0015/327978/b5857iz/shopizer-327978/sm-shop/src/main/webapp/resources/js/ckeditor/plugins/forms/dialogs/form.js (small file (2155 bytes))
2026-03-03 17:14:24,453 - Knowledge - INFO - Worker kw6 processing /app/data/T0015/327978/b5857iz/shopizer-327978/sm-shop/src/main/webapp/resources/js/ckeditor/plugins/specialchar/lang/pt-br.js
2026-03-03 17:14:24,542 - Knowledge - INFO - Batch sizing: calculated=5, max_allowed=10, queue=113, active_workers=20/20
2026-03-03 17:14:24,783 - Knowledge - INFO - done ingest for /app/data/T0015/327978/b5857iz/shopizer-327978/sm-shop/src/main/webapp/resources/js/ckeditor/plugins/div/dialogs/div.js
2026-03-03 17:14:24,784 - Knowledge - INFO - Async storing batch of 5 embeddings
2026-03-03 17:14:24,784 - Knowledge - INFO - Async storing batch of 5 embeddings
2026-03-03 17:14:24,784 - Knowledge - INFO - [LLM_CALL] Completed: sl.js:chunk1, Duration: 49772ms, PromptTokens: 11708, CompletionTokens: 160, Cost: $0.00123
2026-03-03 17:14:24,907 - Knowledge - INFO - Fast-tracked /app/data/T0015/327978/b5857iz/shopizer-327978/sm-shop/src/main/webapp/resources/js/ckeditor/plugins/adobeair/plugin.js (small file (2599 bytes))
2026-03-03 17:14:25,341 - Knowledge - INFO - Worker kw14 processing /app/data/T0015/327978/b5857iz/shopizer-327978/sm-shop/src/main/webapp/resources/js/ckeditor/plugins/specialchar/lang/de.js
2026-03-03 17:14:25,438 - Knowledge - INFO - Worker kw19 processing /app/data/T0015/327978/b5857iz/shopizer-327978/sm-shop/src/main/webapp/resources/js/ckeditor/plugins/specialchar/lang/_translationstatus.txt
2026-03-03 17:14:25,530 - Knowledge - INFO - done ingest for /app/data/T0015/327978/b5857iz/shopizer-327978/sm-shop/src/main/webapp/resources/js/ckeditor/lang/sl.js
2026-03-03 17:14:25,554 - Knowledge - INFO - [LLM_CALL] Completed: en.js:chunk1, Duration: 69684ms, PromptTokens: 9480, CompletionTokens: 133, Cost: $0.00100
2026-03-03 17:14:25,654 - Knowledge - INFO - Async storage completed for 6 embeddings
2026-03-03 17:14:25,730 - Knowledge - INFO - Worker kw14 processing /app/data/T0015/327978/b5857iz/shopizer-327978/sm-shop/src/main/webapp/resources/js/ckeditor/plugins/specialchar/lang/el.js
2026-03-03 17:14:25,816 - Knowledge - INFO - Fast-tracked /app/data/T0015/327978/b5857iz/shopizer-327978/sm-shop/src/main/webapp/resources/js/ckeditor/plugins/specialchar/lang/_translationstatus.txt (ext=.txt, size=790)
2026-03-03 17:14:26,062 - Knowledge - INFO - done ingest for /app/data/T0015/327978/b5857iz/shopizer-327978/sm-shop/src/main/webapp/resources/js/ckeditor/lang/en.js
2026-03-03 17:14:26,063 - Knowledge - INFO - [LLM_CALL] Completed: ka.js:chunk1, Duration: 42174ms, PromptTokens: 13892, CompletionTokens: 146, Cost: $0.00145
2026-03-03 17:14:26,249 - Knowledge - INFO - Worker kw14 processing /app/data/T0015/327978/b5857iz/shopizer-327978/sm-shop/src/main/webapp/resources/js/ckeditor/plugins/specialchar/lang/fa.js
2026-03-03 17:14:26,366 - Knowledge - INFO - Worker kw19 processing /app/data/T0015/327978/b5857iz/shopizer-327978/sm-shop/src/main/webapp/resources/js/ckeditor/plugins/specialchar/lang/it.js
2026-03-03 17:14:26,571 - Knowledge - INFO - done ingest for /app/data/T0015/327978/b5857iz/shopizer-327978/sm-shop/src/main/webapp/resources/js/ckeditor/lang/ka.js
2026-03-03 17:14:26,574 - Knowledge - INFO - [LLM_CALL] Completed: is.js:chunk1, Duration: 93611ms, PromptTokens: 11400, CompletionTokens: 138, Cost: $0.00120
2026-03-03 17:14:26,673 - Knowledge - INFO - Worker kw14 processing /app/data/T0015/327978/b5857iz/shopizer-327978/sm-shop/src/main/webapp/resources/js/ckeditor/plugins/specialchar/lang/fi.js
2026-03-03 17:14:26,759 - Knowledge - INFO - Worker kw19 processing /app/data/T0015/327978/b5857iz/shopizer-327978/sm-shop/src/main/webapp/resources/js/ckeditor/plugins/specialchar/lang/he.js
2026-03-03 17:14:26,930 - Knowledge - INFO - done ingest for /app/data/T0015/327978/b5857iz/shopizer-327978/sm-shop/src/main/webapp/resources/js/ckeditor/lang/is.js
2026-03-03 17:14:26,931 - Knowledge - INFO - [LLM_CALL] Completed: flash.js:chunk1, Duration: 37568ms, PromptTokens: 6668, CompletionTokens: 349, Cost: $0.00081
2026-03-03 17:14:27,002 - Knowledge - INFO - Worker kw14 processing /app/data/T0015/327978/b5857iz/shopizer-327978/sm-shop/src/main/webapp/resources/js/ckeditor/plugins/specialchar/lang/en.js
2026-03-03 17:14:27,104 - Knowledge - INFO - Worker kw19 processing /app/data/T0015/327978/b5857iz/shopizer-327978/sm-shop/src/main/webapp/resources/js/ckeditor/plugins/specialchar/lang/no.js
2026-03-03 17:14:27,267 - Knowledge - INFO - done ingest for /app/data/T0015/327978/b5857iz/shopizer-327978/sm-shop/src/main/webapp/resources/js/ckeditor/plugins/flash/dialogs/flash.js
2026-03-03 17:14:27,267 - Knowledge - INFO - [LLM_CALL] Completed: nb.js:chunk1, Duration: 44049ms, PromptTokens: 11702, CompletionTokens: 132, Cost: $0.00122
2026-03-03 17:14:27,455 - Knowledge - INFO - Worker kw19 processing /app/data/T0015/327978/b5857iz/shopizer-327978/sm-shop/src/main/webapp/resources/js/ckeditor/plugins/specialchar/lang/et.js
2026-03-03 17:14:27,645 - Knowledge - INFO - done ingest for /app/data/T0015/327978/b5857iz/shopizer-327978/sm-shop/src/main/webapp/resources/js/ckeditor/lang/nb.js
2026-03-03 17:14:27,647 - Knowledge - INFO - [LLM_CALL] Completed: eu.js:chunk1, Duration: 81219ms, PromptTokens: 12232, CompletionTokens: 142, Cost: $0.00128
2026-03-03 17:14:27,943 - Knowledge - INFO - done ingest for /app/data/T0015/327978/b5857iz/shopizer-327978/sm-shop/src/main/webapp/resources/js/ckeditor/lang/eu.js
2026-03-03 17:14:27,949 - Knowledge - INFO - Async storing batch of 5 embeddings
2026-03-03 17:14:27,949 - Knowledge - INFO - [LLM_CALL] Completed: image.js:chunk1, Duration: 22377ms, PromptTokens: 12990, CompletionTokens: 526, Cost: $0.00151
2026-03-03 17:14:28,255 - Knowledge - INFO - Worker kw18 processing /app/data/T0015/327978/b5857iz/shopizer-327978/sm-shop/src/main/webapp/resources/js/ckeditor/plugins/specialchar/lang/cs.js
2026-03-03 17:14:28,386 - Knowledge - INFO - done ingest for /app/data/T0015/327978/b5857iz/shopizer-327978/sm-shop/src/main/webapp/resources/js/ckeditor/plugins/image/dialogs/image.js
2026-03-03 17:14:28,390 - Knowledge - INFO - [LLM_CALL] Completed: ru.js:chunk1, Duration: 93315ms, PromptTokens: 12568, CompletionTokens: 142, Cost: $0.00131
2026-03-03 17:14:28,478 - Knowledge - INFO - Worker kw18 processing /app/data/T0015/327978/b5857iz/shopizer-327978/sm-shop/src/main/webapp/resources/js/ckeditor/plugins/specialchar/lang/tr.js
2026-03-03 17:14:28,664 - Knowledge - INFO - done ingest for /app/data/T0015/327978/b5857iz/shopizer-327978/sm-shop/src/main/webapp/resources/js/ckeditor/lang/ru.js
2026-03-03 17:14:28,670 - Knowledge - INFO - Processing batch of 5 files
2026-03-03 17:14:28,714 - Knowledge - INFO - Processing batch of 6 files
2026-03-03 17:14:28,722 - Knowledge - INFO - Processing batch of 5 files
2026-03-03 17:14:28,749 - Knowledge - INFO - Processing batch of 6 files
2026-03-03 17:14:28,788 - Knowledge - INFO - Processing batch of 6 files
2026-03-03 17:14:28,795 - Knowledge - INFO - Worker kw18 processing /app/data/T0015/327978/b5857iz/shopizer-327978/sm-shop/src/main/webapp/resources/js/ckeditor/plugins/specialchar/lang/nl.js
2026-03-03 17:14:28,802 - Knowledge - INFO - Processing batch of 5 files
2026-03-03 17:14:28,829 - Knowledge - INFO - Processing batch of 6 files
2026-03-03 17:14:28,830 - Knowledge - INFO - Processing batch of 6 files
2026-03-03 17:14:28,833 - Knowledge - INFO - Processing batch of 6 files
2026-03-03 17:14:28,837 - Knowledge - INFO - Processing batch of 6 files
2026-03-03 17:14:28,837 - Knowledge - INFO - Processing batch of 6 files
2026-03-03 17:14:28,838 - Knowledge - INFO - Processing batch of 6 files
2026-03-03 17:14:28,839 - Knowledge - INFO - Processing batch of 5 files
2026-03-03 17:14:28,843 - Knowledge - INFO - Processing batch of 6 files
2026-03-03 17:14:28,975 - Knowledge - INFO - Processing batch of 6 files
2026-03-03 17:14:29,013 - Knowledge - INFO - process ingested knowledge for /app/data/T0015/327978/b5857iz/shopizer-327978/sm-shop/src/main/webapp/resources/js/ckeditor/plugins/uicolor/yui/yui.js
2026-03-03 17:14:29,084 - Knowledge - INFO - process ingested knowledge for /app/data/T0015/327978/b5857iz/shopizer-327978/sm-shop/src/main/webapp/resources/js/ckeditor/lang/_translationstatus.txt
2026-03-03 17:14:29,189 - Knowledge - INFO - process ingested knowledge for /app/data/T0015/327978/b5857iz/shopizer-327978/sm-shop/src/main/webapp/resources/js/ckeditor/plugins/wsc/dialogs/ciframe.html
2026-03-03 17:14:29,302 - Knowledge - INFO - process ingested knowledge for /app/data/T0015/327978/b5857iz/shopizer-327978/sm-shop/src/main/webapp/resources/js/ckeditor/lang/cs.js
2026-03-03 17:14:29,392 - Knowledge - INFO - process ingested knowledge for /app/data/T0015/327978/b5857iz/shopizer-327978/sm-shop/src/main/webapp/resources/js/ckeditor/lang/no.js
2026-03-03 17:14:29,475 - Knowledge - INFO - Worker kw18 processing /app/data/T0015/327978/b5857iz/shopizer-327978/sm-shop/src/main/webapp/resources/js/ckeditor/plugins/specialchar/lang/hr.js
2026-03-03 17:14:29,583 - Knowledge - INFO - process ingested knowledge for /app/data/T0015/327978/b5857iz/shopizer-327978/sm-shop/src/main/webapp/resources/js/ckeditor/plugins/forms/dialogs/hiddenfield.js
2026-03-03 17:14:29,657 - Knowledge - INFO - process ingested knowledge for /app/data/T0015/327978/b5857iz/shopizer-327978/sm-shop/src/main/webapp/resources/js/ckeditor/lang/es.js
2026-03-03 17:14:29,754 - Knowledge - INFO - process ingested knowledge for /app/data/T0015/327978/b5857iz/shopizer-327978/sm-shop/src/main/webapp/resources/js/ckeditor/lang/fr-ca.js
2026-03-03 17:14:29,835 - Knowledge - INFO - process ingested knowledge for /app/data/T0015/327978/b5857iz/shopizer-327978/sm-shop/src/main/webapp/resources/js/ckeditor/lang/zh-cn.js
2026-03-03 17:14:29,951 - Knowledge - INFO - process ingested knowledge for /app/data/T0015/327978/b5857iz/shopizer-327978/sm-shop/src/main/webapp/resources/js/ckeditor/lang/vi.js
2026-03-03 17:14:30,022 - Knowledge - INFO - process ingested knowledge for /app/data/T0015/327978/b5857iz/shopizer-327978/sm-shop/src/main/webapp/resources/js/ckeditor/lang/hr.js
2026-03-03 17:14:30,115 - Knowledge - INFO - process ingested knowledge for /app/data/T0015/327978/b5857iz/shopizer-327978/sm-shop/src/main/webapp/resources/js/ckeditor/lang/is.js
2026-03-03 17:14:30,193 - Knowledge - INFO - process ingested knowledge for /app/data/T0015/327978/b5857iz/shopizer-327978/sm-shop/src/main/webapp/resources/js/ckeditor/plugins/placeholder/dialogs/placeholder.js
2026-03-03 17:14:30,293 - Knowledge - INFO - process ingested knowledge for /app/data/T0015/327978/b5857iz/shopizer-327978/sm-shop/src/main/webapp/resources/js/ckeditor/plugins/docprops/plugin.js
2026-03-03 17:14:30,379 - Knowledge - INFO - process ingested knowledge for /app/data/T0015/327978/b5857iz/shopizer-327978/sm-shop/src/main/webapp/resources/js/ckeditor/lang/sr-latn.js
2026-03-03 17:14:30,470 - Knowledge - INFO - process ingested knowledge for /app/data/T0015/327978/b5857iz/shopizer-327978/sm-shop/src/main/webapp/resources/js/ckeditor/plugins/uicolor/yui/assets/yui.css
2026-03-03 17:14:30,567 - Knowledge - INFO - process ingested knowledge for /app/data/T0015/327978/b5857iz/shopizer-327978/sm-shop/src/main/webapp/resources/js/ckeditor/lang/fo.js
2026-03-03 17:14:30,686 - Knowledge - INFO - process ingested knowledge for /app/data/T0015/327978/b5857iz/shopizer-327978/sm-shop/src/main/webapp/resources/js/ckeditor/plugins/wsc/dialogs/tmpFrameset.html
2026-03-03 17:14:30,769 - Knowledge - INFO - process ingested knowledge for /app/data/T0015/327978/b5857iz/shopizer-327978/sm-shop/src/main/webapp/resources/js/ckeditor/lang/_languages.js
2026-03-03 17:14:30,846 - Knowledge - INFO - process ingested knowledge for /app/data/T0015/327978/b5857iz/shopizer-327978/sm-shop/src/main/webapp/resources/js/ckeditor/lang/hu.js
2026-03-03 17:14:30,959 - Knowledge - INFO - Worker kw18 processing /app/data/T0015/327978/b5857iz/shopizer-327978/sm-shop/src/main/webapp/resources/js/ckeditor/plugins/specialchar/lang/fr.js
2026-03-03 17:14:31,024 - Knowledge - INFO - process ingested knowledge for /app/data/T0015/327978/b5857iz/shopizer-327978/sm-shop/src/main/webapp/resources/js/ckeditor/plugins/forms/dialogs/button.js
2026-03-03 17:14:31,105 - Knowledge - INFO - process ingested knowledge for /app/data/T0015/327978/b5857iz/shopizer-327978/sm-shop/src/main/webapp/resources/js/ckeditor/lang/mk.js
2026-03-03 17:14:31,178 - Knowledge - INFO - process ingested knowledge for /app/data/T0015/327978/b5857iz/shopizer-327978/sm-shop/src/main/webapp/resources/js/ckeditor/lang/en-gb.js
2026-03-03 17:14:31,280 - Knowledge - INFO - process ingested knowledge for /app/data/T0015/327978/b5857iz/shopizer-327978/sm-shop/src/main/webapp/resources/js/ckeditor/lang/uk.js
2026-03-03 17:14:31,369 - Knowledge - INFO - process ingested knowledge for /app/data/T0015/327978/b5857iz/shopizer-327978/sm-shop/src/main/webapp/resources/js/ckeditor/lang/mn.js
2026-03-03 17:14:31,452 - Knowledge - INFO - process ingested knowledge for /app/data/T0015/327978/b5857iz/shopizer-327978/sm-shop/src/main/webapp/resources/js/ckeditor/lang/ko.js
2026-03-03 17:14:31,548 - Knowledge - INFO - process ingested knowledge for /app/data/T0015/327978/b5857iz/shopizer-327978/sm-shop/src/main/webapp/resources/js/ckeditor/lang/ug.js
2026-03-03 17:14:31,662 - Knowledge - INFO - process ingested knowledge for /app/data/T0015/327978/b5857iz/shopizer-327978/sm-shop/src/main/webapp/resources/js/ckeditor/plugins/smiley/dialogs/smiley.js
2026-03-03 17:14:31,748 - Knowledge - INFO - process ingested knowledge for /app/data/T0015/327978/b5857iz/shopizer-327978/sm-shop/src/main/webapp/resources/js/ckeditor/plugins/docprops/dialogs/docprops.js
2026-03-03 17:14:31,824 - Knowledge - INFO - Fast-tracked /app/data/T0015/327978/b5857iz/shopizer-327978/sm-shop/src/main/webapp/resources/js/ckeditor/plugins/templates/dialogs/templates.js (small file (3006 bytes))
2026-03-03 17:14:31,840 - Knowledge - INFO - process ingested knowledge for /app/data/T0015/327978/b5857iz/shopizer-327978/sm-shop/src/main/webapp/resources/js/ckeditor/lang/ru.js
2026-03-03 17:14:31,933 - Knowledge - INFO - process ingested knowledge for /app/data/T0015/327978/b5857iz/shopizer-327978/sm-shop/src/main/webapp/resources/js/ckeditor/plugins/liststyle/dialogs/liststyle.js
2026-03-03 17:14:31,937 - Knowledge - INFO - Async storage completed for 5 embeddings
2026-03-03 17:14:32,024 - Knowledge - INFO - process ingested knowledge for /app/data/T0015/327978/b5857iz/shopizer-327978/sm-shop/src/main/webapp/resources/js/ckeditor/lang/bs.js
2026-03-03 17:14:32,145 - Knowledge - INFO - process ingested knowledge for /app/data/T0015/327978/b5857iz/shopizer-327978/sm-shop/src/main/webapp/resources/js/ckeditor/plugins/pastefromword/filter/default.js
2026-03-03 17:14:32,266 - Knowledge - INFO - process ingested knowledge for /app/data/T0015/327978/b5857iz/shopizer-327978/sm-shop/src/main/webapp/resources/js/ckeditor/lang/tr.js
2026-03-03 17:14:32,361 - Knowledge - INFO - process ingested knowledge for /app/data/T0015/327978/b5857iz/shopizer-327978/sm-shop/src/main/webapp/resources/js/ckeditor/lang/id.js
2026-03-03 17:14:32,574 - Knowledge - INFO - process ingested knowledge for /app/data/T0015/327978/b5857iz/shopizer-327978/sm-shop/src/main/webapp/resources/js/ckeditor/plugins/forms/dialogs/form.js
2026-03-03 17:14:32,710 - Knowledge - INFO - process ingested knowledge for /app/data/T0015/327978/b5857iz/shopizer-327978/sm-shop/src/main/webapp/resources/js/ckeditor/lang/km.js
2026-03-03 17:14:32,801 - Knowledge - INFO - process ingested knowledge for /app/data/T0015/327978/b5857iz/shopizer-327978/sm-shop/src/main/webapp/resources/js/ckeditor/lang/sv.js
2026-03-03 17:14:32,904 - Knowledge - INFO - process ingested knowledge for /app/data/T0015/327978/b5857iz/shopizer-327978/sm-shop/src/main/webapp/resources/js/ckeditor/lang/bn.js
2026-03-03 17:14:32,986 - Knowledge - INFO - process ingested knowledge for /app/data/T0015/327978/b5857iz/shopizer-327978/sm-shop/src/main/webapp/resources/js/ckeditor/lang/ja.js
2026-03-03 17:14:33,085 - Knowledge - INFO - process ingested knowledge for /app/data/T0015/327978/b5857iz/shopizer-327978/sm-shop/src/main/webapp/resources/js/ckeditor/lang/eu.js
2026-03-03 17:14:33,167 - Knowledge - INFO - process ingested knowledge for /app/data/T0015/327978/b5857iz/shopizer-327978/sm-shop/src/main/webapp/resources/js/ckeditor/lang/cy.js
2026-03-03 17:14:33,287 - Knowledge - INFO - process ingested knowledge for /app/data/T0015/327978/b5857iz/shopizer-327978/sm-shop/src/main/webapp/resources/js/ckeditor/plugins/image/dialogs/image.js
2026-03-03 17:14:33,369 - Knowledge - INFO - process ingested knowledge for /app/data/T0015/327978/b5857iz/shopizer-327978/sm-shop/src/main/webapp/resources/js/ckeditor/plugins/tableresize/plugin.js
2026-03-03 17:14:33,628 - Knowledge - INFO - process ingested knowledge for /app/data/T0015/327978/b5857iz/shopizer-327978/sm-shop/src/main/webapp/resources/js/ckeditor/lang/fa.js
2026-03-03 17:14:33,708 - Knowledge - INFO - process ingested knowledge for /app/data/T0015/327978/b5857iz/shopizer-327978/sm-shop/src/main/webapp/resources/js/ckeditor/plugins/wsc/dialogs/wsc.js
2026-03-03 17:14:33,888 - Knowledge - INFO - process ingested knowledge for /app/data/T0015/327978/b5857iz/shopizer-327978/sm-shop/src/main/webapp/resources/js/ckeditor/lang/sr.js
2026-03-03 17:14:33,964 - Knowledge - INFO - process ingested knowledge for /app/data/T0015/327978/b5857iz/shopizer-327978/sm-shop/src/main/webapp/resources/js/ckeditor/plugins/placeholder/lang/pt-br.js
2026-03-03 17:14:34,077 - Knowledge - INFO - process ingested knowledge for /app/data/T0015/327978/b5857iz/shopizer-327978/sm-shop/src/main/webapp/resources/js/ckeditor/lang/en-au.js
2026-03-03 17:14:34,202 - Knowledge - INFO - process ingested knowledge for /app/data/T0015/327978/b5857iz/shopizer-327978/sm-shop/src/main/webapp/resources/js/ckeditor/lang/bg.js
2026-03-03 17:14:34,284 - Knowledge - INFO - process ingested knowledge for /app/data/T0015/327978/b5857iz/shopizer-327978/sm-shop/src/main/webapp/resources/js/ckeditor/plugins/stylesheetparser/plugin.js
2026-03-03 17:14:34,366 - Knowledge - INFO - process ingested knowledge for /app/data/T0015/327978/b5857iz/shopizer-327978/sm-shop/src/main/webapp/resources/js/ckeditor/lang/lt.js
2026-03-03 17:14:34,458 - Knowledge - INFO - process ingested knowledge for /app/data/T0015/327978/b5857iz/shopizer-327978/sm-shop/src/main/webapp/resources/js/ckeditor/lang/hi.js
2026-03-03 17:14:34,532 - Knowledge - INFO - process ingested knowledge for /app/data/T0015/327978/b5857iz/shopizer-327978/sm-shop/src/main/webapp/resources/js/ckeditor/lang/pl.js
2026-03-03 17:14:34,615 - Knowledge - INFO - process ingested knowledge for /app/data/T0015/327978/b5857iz/shopizer-327978/sm-shop/src/main/webapp/resources/js/ckeditor/lang/en.js
2026-03-03 17:14:34,747 - Knowledge - INFO - process ingested knowledge for /app/data/T0015/327978/b5857iz/shopizer-327978/sm-shop/src/main/webapp/resources/js/ckeditor/lang/zh.js
2026-03-03 17:14:34,835 - Knowledge - INFO - process ingested knowledge for /app/data/T0015/327978/b5857iz/shopizer-327978/sm-shop/src/main/webapp/resources/js/ckeditor/lang/gu.js
2026-03-03 17:14:34,949 - Knowledge - INFO - process ingested knowledge for /app/data/T0015/327978/b5857iz/shopizer-327978/sm-shop/src/main/webapp/resources/js/ckeditor/plugins/div/dialogs/div.js
2026-03-03 17:14:35,022 - Knowledge - INFO - process ingested knowledge for /app/data/T0015/327978/b5857iz/shopizer-327978/sm-shop/src/main/webapp/resources/js/ckeditor/plugins/link/dialogs/anchor.js
2026-03-03 17:14:35,102 - Knowledge - INFO - process ingested knowledge for /app/data/T0015/327978/b5857iz/shopizer-327978/sm-shop/src/main/webapp/resources/js/ckeditor/lang/af.js
2026-03-03 17:14:35,199 - Knowledge - INFO - process ingested knowledge for /app/data/T0015/327978/b5857iz/shopizer-327978/sm-shop/src/main/webapp/resources/js/ckeditor/plugins/wsc/dialogs/wsc.css
2026-03-03 17:14:35,310 - Knowledge - INFO - process ingested knowledge for /app/data/T0015/327978/b5857iz/shopizer-327978/sm-shop/src/main/webapp/resources/js/ckeditor/lang/it.js
2026-03-03 17:14:35,387 - Knowledge - INFO - process ingested knowledge for /app/data/T0015/327978/b5857iz/shopizer-327978/sm-shop/src/main/webapp/resources/js/ckeditor/plugins/placeholder/lang/da.js
2026-03-03 17:14:35,481 - Knowledge - INFO - process ingested knowledge for /app/data/T0015/327978/b5857iz/shopizer-327978/sm-shop/src/main/webapp/resources/js/ckeditor/lang/sk.js
2026-03-03 17:14:35,580 - Knowledge - INFO - process ingested knowledge for /app/data/T0015/327978/b5857iz/shopizer-327978/sm-shop/src/main/webapp/resources/js/ckeditor/lang/et.js
2026-03-03 17:14:35,679 - Knowledge - INFO - process ingested knowledge for /app/data/T0015/327978/b5857iz/shopizer-327978/sm-shop/src/main/webapp/resources/js/ckeditor/plugins/adobeair/plugin.js
2026-03-03 17:14:35,762 - Knowledge - INFO - process ingested knowledge for /app/data/T0015/327978/b5857iz/shopizer-327978/sm-shop/src/main/webapp/resources/js/ckeditor/lang/ms.js
2026-03-03 17:14:35,870 - Knowledge - INFO - process ingested knowledge for /app/data/T0015/327978/b5857iz/shopizer-327978/sm-shop/src/main/webapp/resources/js/ckeditor/lang/ro.js
2026-03-03 17:14:35,976 - Knowledge - INFO - process ingested knowledge for /app/data/T0015/327978/b5857iz/shopizer-327978/sm-shop/src/main/webapp/resources/js/ckeditor/lang/th.js
2026-03-03 17:14:36,057 - Knowledge - INFO - process ingested knowledge for /app/data/T0015/327978/b5857iz/shopizer-327978/sm-shop/src/main/webapp/resources/js/ckeditor/lang/ar.js
2026-03-03 17:14:36,143 - Knowledge - INFO - process ingested knowledge for /app/data/T0015/327978/b5857iz/shopizer-327978/sm-shop/src/main/webapp/resources/js/ckeditor/lang/lv.js
2026-03-03 17:14:36,225 - Knowledge - INFO - process ingested knowledge for /app/data/T0015/327978/b5857iz/shopizer-327978/sm-shop/src/main/webapp/resources/js/ckeditor/lang/pt.js
2026-03-03 17:14:36,305 - Knowledge - INFO - process ingested knowledge for /app/data/T0015/327978/b5857iz/shopizer-327978/sm-shop/src/main/webapp/resources/js/ckeditor/plugins/about/dialogs/about.js
2026-03-03 17:14:36,375 - Knowledge - INFO - process ingested knowledge for /app/data/T0015/327978/b5857iz/shopizer-327978/sm-shop/src/main/webapp/resources/js/ckeditor/plugins/link/dialogs/link.js
2026-03-03 17:14:36,479 - Knowledge - INFO - process ingested knowledge for /app/data/T0015/327978/b5857iz/shopizer-327978/sm-shop/src/main/webapp/resources/js/ckeditor/lang/sl.js
2026-03-03 17:14:36,708 - Knowledge - INFO - process ingested knowledge for /app/data/T0015/327978/b5857iz/shopizer-327978/sm-shop/src/main/webapp/resources/js/ckeditor/lang/he.js
2026-03-03 17:14:36,893 - Knowledge - INFO - Async storage completed for 5 embeddings
2026-03-03 17:14:37,005 - Knowledge - INFO - process ingested knowledge for /app/data/T0015/327978/b5857iz/shopizer-327978/sm-shop/src/main/webapp/resources/js/ckeditor/lang/nl.js
2026-03-03 17:14:37,006 - Knowledge - INFO - process ingested knowledge for /app/data/T0015/327978/b5857iz/shopizer-327978/sm-shop/src/main/webapp/resources/js/ckeditor/lang/de.js
2026-03-03 17:14:37,301 - Knowledge - INFO - process ingested knowledge for /app/data/T0015/327978/b5857iz/shopizer-327978/sm-shop/src/main/webapp/resources/js/ckeditor/lang/nb.js
2026-03-03 17:14:37,468 - Knowledge - INFO - process ingested knowledge for /app/data/T0015/327978/b5857iz/shopizer-327978/sm-shop/src/main/webapp/resources/js/ckeditor/lang/el.js
2026-03-03 17:14:37,660 - Knowledge - INFO - process ingested knowledge for /app/data/T0015/327978/b5857iz/shopizer-327978/sm-shop/src/main/webapp/resources/js/ckeditor/lang/ka.js
2026-03-03 17:14:37,660 - Knowledge - INFO - [WEBSOCKET] Sent: Type=progress_update, Size: 294, Duration: 0ms
2026-03-03 17:14:37,662 - Knowledge - INFO - process ingested knowledge for /app/data/T0015/327978/b5857iz/shopizer-327978/sm-shop/src/main/webapp/resources/js/ckeditor/lang/fr.js
2026-03-03 17:14:37,801 - Knowledge - INFO - process ingested knowledge for /app/data/T0015/327978/b5857iz/shopizer-327978/sm-shop/src/main/webapp/resources/js/ckeditor/lang/gl.js
2026-03-03 17:14:37,805 - Knowledge - INFO - process ingested knowledge for /app/data/T0015/327978/b5857iz/shopizer-327978/sm-shop/src/main/webapp/resources/js/ckeditor/lang/eo.js
2026-03-03 17:14:38,012 - Knowledge - INFO - process ingested knowledge for /app/data/T0015/327978/b5857iz/shopizer-327978/sm-shop/src/main/webapp/resources/js/ckeditor/plugins/flash/dialogs/flash.js
2026-03-03 17:14:38,014 - Knowledge - INFO - process ingested knowledge for /app/data/T0015/327978/b5857iz/shopizer-327978/sm-shop/src/main/webapp/resources/js/ckeditor/lang/fi.js
2026-03-03 17:14:38,739 - Knowledge - INFO - [WEBSOCKET] Sent: Type=unknown, Size: ?, Duration: 1079ms
2026-03-03 17:14:39,140 - Knowledge - INFO - [kw10] Queue=108, InProgress=0, PendingWorkers=20/20, Completed=1034/1167 (88.6%)
2026-03-03 17:14:39,315 - Knowledge - INFO - Progress: 88.6% | Files: 1034/1167 | Rate: 1.73 files/sec | Queue: 108
2026-03-03 17:14:39,410 - Knowledge - INFO - Batch sizing: calculated=5, max_allowed=10, queue=108, active_workers=20/20
2026-03-03 17:14:39,522 - Knowledge - INFO - Async storage completed for 5 embeddings
2026-03-03 17:14:40,008 - Knowledge - INFO - [kw11] Queue=108, InProgress=0, PendingWorkers=20/20, Completed=1034/1167 (88.6%)
2026-03-03 17:14:40,188 - Knowledge - INFO - Batch sizing: calculated=5, max_allowed=10, queue=108, active_workers=20/20
2026-03-03 17:14:40,317 - Knowledge - INFO - Async storing batch of 5 embeddings
2026-03-03 17:14:40,510 - Knowledge - INFO - Worker kw10 processing /app/data/T0015/327978/b5857iz/shopizer-327978/sm-shop/src/main/webapp/resources/js/ckeditor/plugins/specialchar/lang/nb.js
2026-03-03 17:14:40,728 - Knowledge - INFO - Worker kw10 processing /app/data/T0015/327978/b5857iz/shopizer-327978/sm-shop/src/main/webapp/resources/js/ckeditor/plugins/specialchar/lang/zh-cn.js
2026-03-03 17:14:40,952 - Knowledge - INFO - Worker kw10 processing /app/data/T0015/327978/b5857iz/shopizer-327978/sm-shop/src/main/webapp/resources/js/ckeditor/plugins/specialchar/lang/ug.js
2026-03-03 17:14:41,170 - Knowledge - INFO - Worker kw10 processing /app/data/T0015/327978/b5857iz/shopizer-327978/sm-shop/src/main/webapp/resources/js/ckeditor/plugins/specialchar/lang/cy.js
2026-03-03 17:14:41,182 - Knowledge - INFO - [kw2] Queue=103, InProgress=0, PendingWorkers=20/20, Completed=1034/1167 (88.6%)
2026-03-03 17:14:41,357 - Knowledge - INFO - [LLM_CALL] Completed: select.js:chunk1, Duration: 12688ms, PromptTokens: 5674, CompletionTokens: 572, Cost: $0.00080
2026-03-03 17:14:41,482 - Knowledge - INFO - Worker kw10 processing /app/data/T0015/327978/b5857iz/shopizer-327978/sm-shop/src/main/webapp/resources/js/ckeditor/plugins/specialchar/lang/eo.js
2026-03-03 17:14:41,589 - Knowledge - INFO - Batch sizing: calculated=5, max_allowed=10, queue=103, active_workers=20/20
2026-03-03 17:14:41,660 - Knowledge - INFO - done ingest for /app/data/T0015/327978/b5857iz/shopizer-327978/sm-shop/src/main/webapp/resources/js/ckeditor/plugins/forms/dialogs/select.js
2026-03-03 17:14:41,660 - Knowledge - INFO - [LLM_CALL] Completed: pt-br.js:chunk1, Duration: 8201ms, PromptTokens: 3262, CompletionTokens: 165, Cost: $0.00039
2026-03-03 17:14:42,113 - Knowledge - INFO - done ingest for /app/data/T0015/327978/b5857iz/shopizer-327978/sm-shop/src/main/webapp/resources/js/ckeditor/plugins/specialchar/lang/pt-br.js
2026-03-03 17:14:42,115 - Knowledge - INFO - [LLM_CALL] Completed: it.js:chunk1, Duration: 13447ms, PromptTokens: 3766, CompletionTokens: 193, Cost: $0.00045
2026-03-03 17:14:42,488 - Knowledge - INFO - done ingest for /app/data/T0015/327978/b5857iz/shopizer-327978/sm-shop/src/main/webapp/resources/js/ckeditor/plugins/specialchar/lang/it.js
2026-03-03 17:14:42,490 - Knowledge - INFO - Async storing batch of 5 embeddings
2026-03-03 17:14:43,143 - Knowledge - INFO - Worker kw11 processing /app/data/T0015/327978/b5857iz/shopizer-327978/sm-shop/src/main/webapp/resources/js/ckeditor/plugins/specialchar/dialogs/specialchar.js
2026-03-03 17:14:43,319 - Knowledge - INFO - [LLM_CALL] Completed: colordialog.js:chunk1, Duration: 15374ms, PromptTokens: 3996, CompletionTokens: 370, Cost: $0.00055
2026-03-03 17:14:43,383 - Knowledge - INFO - Worker kw11 processing /app/data/T0015/327978/b5857iz/shopizer-327978/sm-shop/src/main/webapp/resources/js/ckeditor/themes/default/theme.js
2026-03-03 17:14:43,513 - Knowledge - INFO - done ingest for /app/data/T0015/327978/b5857iz/shopizer-327978/sm-shop/src/main/webapp/resources/js/ckeditor/plugins/colordialog/dialogs/colordialog.js
2026-03-03 17:14:43,524 - Knowledge - INFO - [LLM_CALL] Completed: et.js:chunk1, Duration: 6102ms, PromptTokens: 3212, CompletionTokens: 155, Cost: $0.00038
2026-03-03 17:14:43,525 - Knowledge - INFO - [kw9] Queue=98, InProgress=0, PendingWorkers=20/20, Completed=1034/1167 (88.6%)
2026-03-03 17:14:43,633 - Knowledge - INFO - Worker kw11 processing /app/data/T0015/327978/b5857iz/shopizer-327978/sm-shop/src/main/webapp/resources/js/ckeditor/config.js
2026-03-03 17:14:43,821 - Knowledge - INFO - done ingest for /app/data/T0015/327978/b5857iz/shopizer-327978/sm-shop/src/main/webapp/resources/js/ckeditor/plugins/specialchar/lang/et.js
2026-03-03 17:14:43,913 - Knowledge - INFO - Batch sizing: calculated=4, max_allowed=10, queue=98, active_workers=20/20
2026-03-03 17:14:43,985 - Knowledge - INFO - Async storing batch of 5 embeddings
2026-03-03 17:14:44,006 - Knowledge - INFO - Fast-tracked /app/data/T0015/327978/b5857iz/shopizer-327978/sm-shop/src/main/webapp/resources/js/ckeditor/config.js (ext=.js, size=331)
2026-03-03 17:14:44,320 - Knowledge - INFO - [LLM_CALL] Completed: no.js:chunk1, Duration: 10256ms, PromptTokens: 3226, CompletionTokens: 161, Cost: $0.00039
2026-03-03 17:14:44,400 - Knowledge - INFO - Worker kw2 processing /app/data/T0015/327978/b5857iz/shopizer-327978/sm-shop/src/main/webapp/resources/js/jquery.raty.min.js
2026-03-03 17:14:44,527 - Knowledge - INFO - Worker kw11 processing /app/data/T0015/327978/b5857iz/shopizer-327978/sm-shop/src/main/webapp/resources/js/adminFunctions.js
2026-03-03 17:14:44,643 - Knowledge - INFO - done ingest for /app/data/T0015/327978/b5857iz/shopizer-327978/sm-shop/src/main/webapp/resources/js/ckeditor/plugins/specialchar/lang/no.js
2026-03-03 17:14:44,644 - Knowledge - INFO - [LLM_CALL] Completed: plugin.js:chunk1, Duration: 15545ms, PromptTokens: 7556, CompletionTokens: 529, Cost: $0.00097
2026-03-03 17:14:44,730 - Knowledge - INFO - Fast-tracked /app/data/T0015/327978/b5857iz/shopizer-327978/sm-shop/src/main/webapp/resources/js/jquery.raty.min.js (ext=.js, size=8273)
2026-03-03 17:14:44,809 - Knowledge - INFO - Fast-tracked /app/data/T0015/327978/b5857iz/shopizer-327978/sm-shop/src/main/webapp/resources/js/adminFunctions.js (ext=.js, size=1527)
2026-03-03 17:14:45,004 - Knowledge - INFO - done ingest for /app/data/T0015/327978/b5857iz/shopizer-327978/sm-shop/src/main/webapp/resources/js/ckeditor/plugins/bbcode/plugin.js
2026-03-03 17:14:45,117 - Knowledge - INFO - [LLM_CALL] Completed: he.js:chunk1, Duration: 13085ms, PromptTokens: 3082, CompletionTokens: 187, Cost: $0.00038
2026-03-03 17:14:45,122 - Knowledge - INFO - Worker kw2 processing /app/data/T0015/327978/b5857iz/shopizer-327978/sm-shop/src/main/webapp/resources/js/jquery.formatCurrency-1.4.0.js
2026-03-03 17:14:45,213 - Knowledge - INFO - Worker kw11 processing /app/data/T0015/327978/b5857iz/shopizer-327978/sm-shop/src/main/webapp/resources/js/shop-functions.js
2026-03-03 17:14:45,254 - Knowledge - INFO - Fast-tracked /app/data/T0015/327978/b5857iz/shopizer-327978/sm-shop/src/main/webapp/resources/js/ckeditor/plugins/specialchar/lang/zh-cn.js (small file (2399 bytes))
2026-03-03 17:14:45,429 - Knowledge - INFO - done ingest for /app/data/T0015/327978/b5857iz/shopizer-327978/sm-shop/src/main/webapp/resources/js/ckeditor/plugins/specialchar/lang/he.js
2026-03-03 17:14:45,514 - Knowledge - INFO - Async storage completed for 5 embeddings
2026-03-03 17:14:45,526 - Knowledge - INFO - Worker kw2 processing /app/data/T0015/327978/b5857iz/shopizer-327978/sm-shop/src/main/webapp/resources/js/json2.js
2026-03-03 17:14:45,797 - Knowledge - INFO - Async storing batch of 5 embeddings
2026-03-03 17:14:46,023 - Knowledge - INFO - Worker kw2 processing /app/data/T0015/327978/b5857iz/shopizer-327978/sm-shop/src/main/webapp/resources/js/jquery-sort-filter-plugin.js
2026-03-03 17:14:46,093 - Knowledge - INFO - Worker kw9 processing /app/data/T0015/327978/b5857iz/shopizer-327978/sm-shop/src/main/webapp/resources/smart-client/skins/Graphite/images/readme.txt
2026-03-03 17:14:46,129 - Knowledge - INFO - Async storage completed for 5 embeddings
2026-03-03 17:14:46,245 - Knowledge - INFO - Fast-tracked /app/data/T0015/327978/b5857iz/shopizer-327978/sm-shop/src/main/webapp/resources/js/jquery-sort-filter-plugin.js (ext=.js, size=553)
2026-03-03 17:14:46,361 - Knowledge - INFO - Fast-tracked /app/data/T0015/327978/b5857iz/shopizer-327978/sm-shop/src/main/webapp/resources/smart-client/skins/Graphite/images/readme.txt (ext=.txt, size=174)
2026-03-03 17:14:46,550 - Knowledge - INFO - Worker kw2 processing /app/data/T0015/327978/b5857iz/shopizer-327978/sm-shop/src/main/webapp/resources/js/jquery.alphanumeric.pack.js
2026-03-03 17:14:46,665 - Knowledge - INFO - Worker kw9 processing /app/data/T0015/327978/b5857iz/shopizer-327978/sm-shop/src/main/webapp/resources/smart-client/skins/Graphite/load_skin.js
2026-03-03 17:14:46,773 - Knowledge - INFO - Fast-tracked /app/data/T0015/327978/b5857iz/shopizer-327978/sm-shop/src/main/webapp/resources/js/jquery.alphanumeric.pack.js (ext=.js, size=1205)
2026-03-03 17:14:46,877 - Knowledge - INFO - Worker kw9 processing /app/data/T0015/327978/b5857iz/shopizer-327978/sm-shop/src/main/webapp/resources/smart-client/skins/Graphite/unsupported_browser.html
2026-03-03 17:14:47,051 - Knowledge - INFO - Worker kw9 processing /app/data/T0015/327978/b5857iz/shopizer-327978/sm-shop/src/main/webapp/resources/smart-client/skins/Graphite/skin_styles.css
2026-03-03 17:14:47,235 - Knowledge - INFO - [kw15] Queue=89, InProgress=0, PendingWorkers=20/20, Completed=1040/1167 (89.1%)
2026-03-03 17:14:47,249 - Knowledge - INFO - Fast-tracked /app/data/T0015/327978/b5857iz/shopizer-327978/sm-shop/src/main/webapp/resources/smart-client/skins/Graphite/skin_styles.css (ext=.css, size=64244)
2026-03-03 17:14:47,436 - Knowledge - INFO - Batch sizing: calculated=4, max_allowed=10, queue=89, active_workers=20/20
2026-03-03 17:14:48,957 - Knowledge - INFO - [kw3] Queue=89, InProgress=0, PendingWorkers=20/20, Completed=1042/1167 (89.3%)
2026-03-03 17:14:48,973 - Knowledge - INFO - [kw7] Queue=89, InProgress=0, PendingWorkers=20/20, Completed=1042/1167 (89.3%)
2026-03-03 17:14:49,110 - Knowledge - INFO - [kw4] Queue=89, InProgress=0, PendingWorkers=20/20, Completed=1042/1167 (89.3%)
2026-03-03 17:14:49,181 - Knowledge - INFO - Batch sizing: calculated=4, max_allowed=10, queue=89, active_workers=20/20
2026-03-03 17:14:49,306 - Knowledge - INFO - Async storing batch of 6 embeddings
2026-03-03 17:14:49,316 - Knowledge - INFO - Batch sizing: calculated=4, max_allowed=10, queue=89, active_workers=20/20
2026-03-03 17:14:49,410 - Knowledge - INFO - Batch sizing: calculated=4, max_allowed=10, queue=89, active_workers=20/20
2026-03-03 17:14:49,446 - Knowledge - INFO - [kw13] Queue=85, InProgress=0, PendingWorkers=20/20, Completed=1043/1167 (89.4%)
2026-03-03 17:14:49,492 - Knowledge - INFO - Processing batch of 5 files
2026-03-03 17:14:49,615 - Knowledge - INFO - Worker kw15 processing /app/data/T0015/327978/b5857iz/shopizer-327978/sm-shop/src/main/webapp/resources/smart-client/skins/SmartClient/load_skin.js
2026-03-03 17:14:49,654 - Knowledge - INFO - [kw5] Queue=85, InProgress=0, PendingWorkers=20/20, Completed=1045/1167 (89.5%)
2026-03-03 17:14:49,971 - Knowledge - INFO - Batch sizing: calculated=4, max_allowed=10, queue=85, active_workers=20/20
2026-03-03 17:14:50,052 - Knowledge - INFO - [LLM_CALL] Completed: nl.js:chunk1, Duration: 11311ms, PromptTokens: 3618, CompletionTokens: 161, Cost: $0.00043
2026-03-03 17:14:50,074 - Knowledge - INFO - process ingested knowledge for /app/data/T0015/327978/b5857iz/shopizer-327978/sm-shop/src/main/webapp/resources/js/ckeditor/plugins/forms/dialogs/textfield.js
2026-03-03 17:14:50,181 - Knowledge - INFO - Worker kw15 processing /app/data/T0015/327978/b5857iz/shopizer-327978/sm-shop/src/main/webapp/resources/smart-client/skins/SmartClient/unsupported_browser.html
2026-03-03 17:14:50,280 - Knowledge - INFO - Batch sizing: calculated=4, max_allowed=10, queue=85, active_workers=20/20
2026-03-03 17:14:50,482 - Knowledge - INFO - [kw8] Queue=73, InProgress=0, PendingWorkers=20/20, Completed=1047/1167 (89.7%)
2026-03-03 17:14:50,483 - Knowledge - INFO - [kw20] Queue=73, InProgress=0, PendingWorkers=20/20, Completed=1047/1167 (89.7%)
2026-03-03 17:14:50,488 - Knowledge - INFO - [kw17] Queue=73, InProgress=0, PendingWorkers=20/20, Completed=1047/1167 (89.7%)
2026-03-03 17:14:50,545 - Knowledge - INFO - done ingest for /app/data/T0015/327978/b5857iz/shopizer-327978/sm-shop/src/main/webapp/resources/js/ckeditor/plugins/specialchar/lang/nl.js
2026-03-03 17:14:50,548 - Knowledge - INFO - Async storing batch of 6 embeddings
2026-03-03 17:14:50,550 - Knowledge - INFO - Async storing batch of 6 embeddings
2026-03-03 17:14:50,560 - Knowledge - INFO - Async storing batch of 6 embeddings
2026-03-03 17:14:50,566 - Knowledge - INFO - [LLM_CALL] Completed: fa.js:chunk1, Duration: 15801ms, PromptTokens: 3210, CompletionTokens: 194, Cost: $0.00040
2026-03-03 17:14:50,693 - Knowledge - INFO - process ingested knowledge for /app/data/T0015/327978/b5857iz/shopizer-327978/sm-shop/src/main/webapp/resources/js/ckeditor/plugins/forms/dialogs/checkbox.js
2026-03-03 17:14:50,788 - Knowledge - INFO - Worker kw15 processing /app/data/T0015/327978/b5857iz/shopizer-327978/sm-shop/src/main/webapp/resources/smart-client/skins/SmartClient/skin_styles.css
2026-03-03 17:14:51,008 - Knowledge - INFO - Batch sizing: calculated=4, max_allowed=10, queue=73, active_workers=20/20
2026-03-03 17:14:51,099 - Knowledge - INFO - Batch sizing: calculated=4, max_allowed=10, queue=73, active_workers=20/20
2026-03-03 17:14:51,172 - Knowledge - INFO - Batch sizing: calculated=4, max_allowed=10, queue=73, active_workers=20/20
2026-03-03 17:14:51,391 - Knowledge - INFO - Fast-tracked /app/data/T0015/327978/b5857iz/shopizer-327978/sm-shop/src/main/webapp/resources/js/shop-functions.js (small file (2023 bytes))
2026-03-03 17:14:51,415 - Knowledge - INFO - Worker kw3 processing /app/data/T0015/327978/b5857iz/shopizer-327978/sm-shop/src/main/webapp/resources/smart-client/skins/Enterprise/load_skin.js
2026-03-03 17:14:51,580 - Knowledge - INFO - Worker kw7 processing /app/data/T0015/327978/b5857iz/shopizer-327978/sm-shop/src/main/webapp/resources/smart-client/skins/EnterpriseBlue/load_skin.js
2026-03-03 17:14:51,694 - Knowledge - INFO - Worker kw4 processing /app/data/T0015/327978/b5857iz/shopizer-327978/sm-shop/src/main/webapp/resources/smart-client/components/components/backButton.html
2026-03-03 17:14:51,768 - Knowledge - INFO - done ingest for /app/data/T0015/327978/b5857iz/shopizer-327978/sm-shop/src/main/webapp/resources/js/ckeditor/plugins/specialchar/lang/fa.js
2026-03-03 17:14:51,769 - Knowledge - INFO - Async storing batch of 6 embeddings
2026-03-03 17:14:51,770 - Knowledge - INFO - [kw12] Queue=65, InProgress=0, PendingWorkers=20/20, Completed=1047/1167 (89.7%)
2026-03-03 17:14:51,770 - Knowledge - INFO - [kw1] Queue=65, InProgress=0, PendingWorkers=20/20, Completed=1049/1167 (89.9%)
2026-03-03 17:14:51,773 - Knowledge - INFO - Async storing batch of 6 embeddings
2026-03-03 17:14:51,774 - Knowledge - INFO - [LLM_CALL] Completed: tr.js:chunk1, Duration: 16299ms, PromptTokens: 3668, CompletionTokens: 190, Cost: $0.00044
2026-03-03 17:14:51,847 - Knowledge - INFO - process ingested knowledge for /app/data/T0015/327978/b5857iz/shopizer-327978/sm-shop/src/main/webapp/resources/js/ckeditor/plugins/forms/dialogs/radio.js
2026-03-03 17:14:51,926 - Knowledge - INFO - Fast-tracked /app/data/T0015/327978/b5857iz/shopizer-327978/sm-shop/src/main/webapp/resources/smart-client/skins/SmartClient/skin_styles.css (ext=.css, size=55643)
2026-03-03 17:14:52,354 - Knowledge - INFO - Async storage completed for 5 embeddings
2026-03-03 17:14:52,438 - Knowledge - INFO - Worker kw3 processing /app/data/T0015/327978/b5857iz/shopizer-327978/sm-shop/src/main/webapp/resources/smart-client/skins/Enterprise/unsupported_browser.html
2026-03-03 17:14:52,544 - Knowledge - INFO - Fast-tracked /app/data/T0015/327978/b5857iz/shopizer-327978/sm-shop/src/main/webapp/resources/smart-client/skins/Graphite/unsupported_browser.html (small file (2210 bytes))
2026-03-03 17:14:52,549 - Knowledge - INFO - Worker kw7 processing /app/data/T0015/327978/b5857iz/shopizer-327978/sm-shop/src/main/webapp/resources/smart-client/skins/EnterpriseBlue/unsupported_browser.html
2026-03-03 17:14:52,662 - Knowledge - INFO - Worker kw4 processing /app/data/T0015/327978/b5857iz/shopizer-327978/sm-shop/src/main/webapp/resources/smart-client/components/components/listGrid_init.html
2026-03-03 17:14:52,931 - Knowledge - INFO - Worker kw13 processing /app/data/T0015/327978/b5857iz/shopizer-327978/sm-shop/src/main/webapp/resources/smart-client/components/components/button_selection.html
2026-03-03 17:14:53,002 - Knowledge - INFO - Batch sizing: calculated=4, max_allowed=10, queue=65, active_workers=20/20
2026-03-03 17:14:53,106 - Knowledge - INFO - Batch sizing: calculated=4, max_allowed=10, queue=65, active_workers=20/20
2026-03-03 17:14:53,186 - Knowledge - INFO - Worker kw5 processing /app/data/T0015/327978/b5857iz/shopizer-327978/sm-shop/src/main/webapp/resources/smart-client/components/components/dynamicForm_validators.html
2026-03-03 17:14:53,271 - Knowledge - INFO - done ingest for /app/data/T0015/327978/b5857iz/shopizer-327978/sm-shop/src/main/webapp/resources/js/ckeditor/plugins/specialchar/lang/tr.js
2026-03-03 17:14:53,272 - Knowledge - INFO - Processing batch of 5 files
2026-03-03 17:14:53,275 - Knowledge - INFO - Async storing batch of 6 embeddings
2026-03-03 17:14:53,275 - Knowledge - INFO - Async storing batch of 6 embeddings
2026-03-03 17:14:53,275 - Knowledge - INFO - [LLM_CALL] Completed: en.js:chunk1, Duration: 11161ms, PromptTokens: 3082, CompletionTokens: 163, Cost: $0.00037
2026-03-03 17:14:53,358 - Knowledge - INFO - process ingested knowledge for /app/data/T0015/327978/b5857iz/shopizer-327978/sm-shop/src/main/webapp/resources/js/ckeditor/plugins/forms/dialogs/textarea.js
2026-03-03 17:14:53,362 - Knowledge - INFO - Async storage completed for 5 embeddings
2026-03-03 17:14:53,431 - Knowledge - INFO - Worker kw15 processing /app/data/T0015/327978/b5857iz/shopizer-327978/sm-shop/src/main/webapp/resources/smart-client/skins/Enterprise/images/readme.txt
2026-03-03 17:14:53,626 - Knowledge - INFO - Worker kw3 processing /app/data/T0015/327978/b5857iz/shopizer-327978/sm-shop/src/main/webapp/resources/smart-client/skins/Enterprise/skin_styles.css
2026-03-03 17:14:53,698 - Knowledge - INFO - Async storage completed for 5 embeddings
2026-03-03 17:14:53,771 - Knowledge - INFO - Worker kw7 processing /app/data/T0015/327978/b5857iz/shopizer-327978/sm-shop/src/main/webapp/resources/smart-client/skins/EnterpriseBlue/skin_styles.css
2026-03-03 17:14:53,848 - Knowledge - INFO - Worker kw4 processing /app/data/T0015/327978/b5857iz/shopizer-327978/sm-shop/src/main/webapp/resources/smart-client/components/components/event_propagation.html
2026-03-03 17:14:53,926 - Knowledge - INFO - Worker kw13 processing /app/data/T0015/327978/b5857iz/shopizer-327978/sm-shop/src/main/webapp/resources/smart-client/components/components/canvas_clip_scroll.html
2026-03-03 17:14:54,214 - Knowledge - INFO - Worker kw5 processing /app/data/T0015/327978/b5857iz/shopizer-327978/sm-shop/src/main/webapp/resources/smart-client/components/components/treeGrid_init.html
2026-03-03 17:14:54,473 - Knowledge - INFO - process ingested knowledge for /app/data/T0015/327978/b5857iz/shopizer-327978/sm-shop/src/main/webapp/resources/js/ckeditor/plugins/specialchar/lang/_translationstatus.txt
2026-03-03 17:14:54,594 - Knowledge - INFO - Worker kw8 processing /app/data/T0015/327978/b5857iz/shopizer-327978/sm-shop/src/main/webapp/resources/smart-client/components/components/editableListGrid_init.html
2026-03-03 17:14:54,713 - Knowledge - INFO - Worker kw20 processing /app/data/T0015/327978/b5857iz/shopizer-327978/sm-shop/src/main/webapp/resources/smart-client/components/components/dialog_globals.html
2026-03-03 17:14:54,826 - Knowledge - INFO - done ingest for /app/data/T0015/327978/b5857iz/shopizer-327978/sm-shop/src/main/webapp/resources/js/ckeditor/plugins/specialchar/lang/en.js
2026-03-03 17:14:54,836 - Knowledge - INFO - Processing batch of 5 files
2026-03-03 17:14:54,841 - Knowledge - INFO - Async storing batch of 6 embeddings
2026-03-03 17:14:54,868 - Knowledge - INFO - Async storing batch of 6 embeddings
2026-03-03 17:14:54,877 - Knowledge - INFO - Async storing batch of 6 embeddings
2026-03-03 17:14:54,951 - Knowledge - INFO - process ingested knowledge for /app/data/T0015/327978/b5857iz/shopizer-327978/sm-shop/src/main/webapp/resources/js/ckeditor/plugins/forms/dialogs/select.js
2026-03-03 17:14:55,258 - Knowledge - INFO - [LLM_CALL] Completed: fr.js:chunk1, Duration: 11350ms, PromptTokens: 3218, CompletionTokens: 192, Cost: $0.00040
2026-03-03 17:14:55,278 - Knowledge - INFO - Fast-tracked /app/data/T0015/327978/b5857iz/shopizer-327978/sm-shop/src/main/webapp/resources/smart-client/skins/Enterprise/images/readme.txt (ext=.txt, size=174)
2026-03-03 17:14:55,336 - Knowledge - INFO - Fast-tracked /app/data/T0015/327978/b5857iz/shopizer-327978/sm-shop/src/main/webapp/resources/smart-client/skins/Enterprise/skin_styles.css (ext=.css, size=65873)
2026-03-03 17:14:55,554 - Knowledge - INFO - Fast-tracked /app/data/T0015/327978/b5857iz/shopizer-327978/sm-shop/src/main/webapp/resources/smart-client/skins/EnterpriseBlue/skin_styles.css (ext=.css, size=190049)
2026-03-03 17:14:55,663 - Knowledge - INFO - Worker kw4 processing /app/data/T0015/327978/b5857iz/shopizer-327978/sm-shop/src/main/webapp/resources/smart-client/components/components/event_logger.html
2026-03-03 17:14:55,768 - Knowledge - INFO - Worker kw13 processing /app/data/T0015/327978/b5857iz/shopizer-327978/sm-shop/src/main/webapp/resources/smart-client/components/components/toolbar_features.html
2026-03-03 17:14:55,829 - Knowledge - INFO - Worker kw5 processing /app/data/T0015/327978/b5857iz/shopizer-327978/sm-shop/src/main/webapp/resources/smart-client/components/components/listGrid_drag.html
2026-03-03 17:14:55,910 - Knowledge - INFO - process ingested knowledge for /app/data/T0015/327978/b5857iz/shopizer-327978/sm-shop/src/main/webapp/resources/js/ckeditor/plugins/specialchar/lang/it.js
2026-03-03 17:14:56,031 - Knowledge - INFO - Worker kw8 processing /app/data/T0015/327978/b5857iz/shopizer-327978/sm-shop/src/main/webapp/resources/smart-client/components/components/replaceFromServer.html
2026-03-03 17:14:56,165 - Knowledge - INFO - Worker kw20 processing /app/data/T0015/327978/b5857iz/shopizer-327978/sm-shop/src/main/webapp/resources/smart-client/components/components/window_init.html
2026-03-03 17:14:56,228 - Knowledge - INFO - Async storage completed for 5 embeddings
2026-03-03 17:14:56,394 - Knowledge - INFO - process ingested knowledge for /app/data/T0015/327978/b5857iz/shopizer-327978/sm-shop/src/main/webapp/resources/js/ckeditor/plugins/colordialog/dialogs/colordialog.js
2026-03-03 17:14:56,553 - Knowledge - INFO - Worker kw17 processing /app/data/T0015/327978/b5857iz/shopizer-327978/sm-shop/src/main/webapp/resources/smart-client/components/components/widget_layering.html
2026-03-03 17:14:56,656 - Knowledge - INFO - Worker kw1 processing /app/data/T0015/327978/b5857iz/shopizer-327978/sm-shop/src/main/webapp/resources/smart-client/components/components/widget_position_size.html
2026-03-03 17:14:56,827 - Knowledge - INFO - Worker kw12 processing /app/data/T0015/327978/b5857iz/shopizer-327978/sm-shop/src/main/webapp/resources/smart-client/components/components/dynamicForm_annotations.html
2026-03-03 17:14:57,092 - Knowledge - INFO - done ingest for /app/data/T0015/327978/b5857iz/shopizer-327978/sm-shop/src/main/webapp/resources/js/ckeditor/plugins/specialchar/lang/fr.js
2026-03-03 17:14:57,226 - Knowledge - INFO - [LLM_CALL] Completed: specialchar.js:chunk1, Duration: 11615ms, PromptTokens: 3866, CompletionTokens: 271, Cost: $0.00049
2026-03-03 17:14:57,352 - Knowledge - INFO - Worker kw3 processing /app/data/T0015/327978/b5857iz/shopizer-327978/sm-shop/src/main/webapp/resources/smart-client/skins/EnterpriseBlue/images/readme.txt
2026-03-03 17:14:57,459 - Knowledge - INFO - Worker kw7 processing /app/data/T0015/327978/b5857iz/shopizer-327978/sm-shop/src/main/webapp/resources/smart-client/components/components/refresh_response.html
2026-03-03 17:14:57,747 - Knowledge - INFO - Worker kw13 processing /app/data/T0015/327978/b5857iz/shopizer-327978/sm-shop/src/main/webapp/resources/smart-client/components/components/img_rollover.html
2026-03-03 17:14:57,933 - Knowledge - INFO - Worker kw5 processing /app/data/T0015/327978/b5857iz/shopizer-327978/sm-shop/src/main/webapp/resources/smart-client/components/components/skin_custom.html
2026-03-03 17:14:58,260 - Knowledge - INFO - Fast-tracked /app/data/T0015/327978/b5857iz/shopizer-327978/sm-shop/src/main/webapp/resources/smart-client/components/components/replaceFromServer.html (ext=.html, size=1488)
2026-03-03 17:14:58,287 - Knowledge - INFO - process ingested knowledge for /app/data/T0015/327978/b5857iz/shopizer-327978/sm-shop/src/main/webapp/resources/js/ckeditor/plugins/specialchar/lang/he.js
2026-03-03 17:14:58,371 - Knowledge - INFO - Worker kw20 processing /app/data/T0015/327978/b5857iz/shopizer-327978/sm-shop/src/main/webapp/resources/smart-client/components/components/stretchImgButton_selection.html
2026-03-03 17:14:58,658 - Knowledge - INFO - process ingested knowledge for /app/data/T0015/327978/b5857iz/shopizer-327978/sm-shop/src/main/webapp/resources/js/ckeditor/plugins/bbcode/plugin.js
2026-03-03 17:14:58,704 - Knowledge - INFO - Worker kw17 processing /app/data/T0015/327978/b5857iz/shopizer-327978/sm-shop/src/main/webapp/resources/smart-client/components/components/scrollBar_custom.html
2026-03-03 17:14:58,852 - Knowledge - INFO - Worker kw1 processing /app/data/T0015/327978/b5857iz/shopizer-327978/sm-shop/src/main/webapp/resources/smart-client/components/components/widget_drag_resize.html
2026-03-03 17:14:58,938 - Knowledge - INFO - Worker kw12 processing /app/data/T0015/327978/b5857iz/shopizer-327978/sm-shop/src/main/webapp/resources/smart-client/components/components/dynamicForm_layout.html
2026-03-03 17:14:59,162 - Knowledge - INFO - done ingest for /app/data/T0015/327978/b5857iz/shopizer-327978/sm-shop/src/main/webapp/resources/js/ckeditor/plugins/specialchar/dialogs/specialchar.js
2026-03-03 17:14:59,181 - Knowledge - INFO - [LLM_CALL] Completed: fi.js:chunk1, Duration: 19866ms, PromptTokens: 3226, CompletionTokens: 190, Cost: $0.00040
2026-03-03 17:14:59,329 - Knowledge - INFO - Fast-tracked /app/data/T0015/327978/b5857iz/shopizer-327978/sm-shop/src/main/webapp/resources/smart-client/skins/EnterpriseBlue/images/readme.txt (ext=.txt, size=174)
2026-03-03 17:14:59,468 - Knowledge - INFO - Fast-tracked /app/data/T0015/327978/b5857iz/shopizer-327978/sm-shop/src/main/webapp/resources/smart-client/components/components/refresh_response.html (ext=.html, size=204)
2026-03-03 17:14:59,620 - Knowledge - INFO - Fast-tracked /app/data/T0015/327978/b5857iz/shopizer-327978/sm-shop/src/main/webapp/resources/smart-client/components/components/img_rollover.html (ext=.html, size=1327)
2026-03-03 17:15:00,023 - Knowledge - INFO - Worker kw8 processing /app/data/T0015/327978/b5857iz/shopizer-327978/sm-shop/src/main/webapp/resources/smart-client/components/components/event_details.html
2026-03-03 17:15:00,141 - Knowledge - INFO - process ingested knowledge for /app/data/T0015/327978/b5857iz/shopizer-327978/sm-shop/src/main/webapp/resources/js/ckeditor/plugins/specialchar/lang/no.js
2026-03-03 17:15:00,323 - Knowledge - INFO - Worker kw20 processing /app/data/T0015/327978/b5857iz/shopizer-327978/sm-shop/src/main/webapp/resources/smart-client/components/components/dynamicForm_item_types.html
2026-03-03 17:15:00,453 - Knowledge - INFO - process ingested knowledge for /app/data/T0015/327978/b5857iz/shopizer-327978/sm-shop/src/main/webapp/resources/js/ckeditor/plugins/templates/dialogs/templates.js
2026-03-03 17:15:00,595 - Knowledge - INFO - Worker kw17 processing /app/data/T0015/327978/b5857iz/shopizer-327978/sm-shop/src/main/webapp/resources/smart-client/components/components/imgButton_selection.html
2026-03-03 17:15:00,664 - Knowledge - INFO - Worker kw1 processing /app/data/T0015/327978/b5857iz/shopizer-327978/sm-shop/src/main/webapp/resources/smart-client/components/components/replace_response.html
2026-03-03 17:15:00,665 - Knowledge - INFO - Fast-tracked /app/data/T0015/327978/b5857iz/shopizer-327978/sm-shop/src/main/webapp/resources/smart-client/skins/SmartClient/unsupported_browser.html (small file (2241 bytes))
2026-03-03 17:15:00,759 - Knowledge - INFO - Worker kw12 processing /app/data/T0015/327978/b5857iz/shopizer-327978/sm-shop/src/main/webapp/resources/smart-client/components/components/tabSet_init.html
2026-03-03 17:15:00,956 - Knowledge - INFO - done ingest for /app/data/T0015/327978/b5857iz/shopizer-327978/sm-shop/src/main/webapp/resources/js/ckeditor/plugins/specialchar/lang/fi.js
2026-03-03 17:15:00,964 - Knowledge - INFO - [LLM_CALL] Completed: jquery.formatCurrency-1.4.0.js:chunk1, Duration: 13979ms, PromptTokens: 4756, CompletionTokens: 320, Cost: $0.00060
2026-03-03 17:15:01,367 - Knowledge - INFO - Fast-tracked /app/data/T0015/327978/b5857iz/shopizer-327978/sm-shop/src/main/webapp/resources/smart-client/components/components/button_selection.html (small file (2941 bytes))
2026-03-03 17:15:01,547 - Knowledge - INFO - Worker kw8 processing /app/data/T0015/327978/b5857iz/shopizer-327978/sm-shop/src/main/webapp/resources/smart-client/components/components/menu_features.html
2026-03-03 17:15:01,678 - Knowledge - INFO - process ingested knowledge for /app/data/T0015/327978/b5857iz/shopizer-327978/sm-shop/src/main/webapp/resources/js/ckeditor/plugins/specialchar/lang/et.js
2026-03-03 17:15:01,996 - Knowledge - INFO - Fast-tracked /app/data/T0015/327978/b5857iz/shopizer-327978/sm-shop/src/main/webapp/resources/smart-client/components/components/dialog_globals.html (small file (2689 bytes))
2026-03-03 17:15:02,004 - Knowledge - INFO - process ingested knowledge for /app/data/T0015/327978/b5857iz/shopizer-327978/sm-shop/src/main/webapp/resources/js/ckeditor/plugins/templates/templates/default.js
2026-03-03 17:15:02,138 - Knowledge - INFO - Worker kw17 processing /app/data/T0015/327978/b5857iz/shopizer-327978/sm-shop/src/main/webapp/resources/smart-client/components/components/slider_colormixer.html
2026-03-03 17:15:02,346 - Knowledge - INFO - Fast-tracked /app/data/T0015/327978/b5857iz/shopizer-327978/sm-shop/src/main/webapp/resources/smart-client/components/components/replace_response.html (ext=.html, size=204)
2026-03-03 17:15:02,519 - Knowledge - INFO - Async storage completed for 6 embeddings
2026-03-03 17:15:02,657 - Knowledge - INFO - Fast-tracked /app/data/T0015/327978/b5857iz/shopizer-327978/sm-shop/src/main/webapp/resources/smart-client/components/components/tabSet_init.html (ext=.html, size=1834)
2026-03-03 17:15:03,043 - Knowledge - INFO - done ingest for /app/data/T0015/327978/b5857iz/shopizer-327978/sm-shop/src/main/webapp/resources/js/jquery.formatCurrency-1.4.0.js
2026-03-03 17:15:03,055 - Knowledge - INFO - [LLM_CALL] Completed: cs.js:chunk1, Duration: 30567ms, PromptTokens: 4352, CompletionTokens: 187, Cost: $0.00051
2026-03-03 17:15:03,769 - Knowledge - INFO - Fast-tracked /app/data/T0015/327978/b5857iz/shopizer-327978/sm-shop/src/main/webapp/resources/smart-client/components/components/window_init.html (small file (2839 bytes))
2026-03-03 17:15:04,089 - Knowledge - INFO - Fast-tracked /app/data/T0015/327978/b5857iz/shopizer-327978/sm-shop/src/main/webapp/resources/smart-client/components/components/widget_layering.html (small file (2356 bytes))
2026-03-03 17:15:04,090 - Knowledge - INFO - process ingested knowledge for /app/data/T0015/327978/b5857iz/shopizer-327978/sm-shop/src/main/webapp/resources/js/ckeditor/plugins/specialchar/lang/pt-br.js
2026-03-03 17:15:04,130 - Knowledge - INFO - Worker kw1 processing /app/data/T0015/327978/b5857iz/shopizer-327978/sm-shop/src/main/webapp/resources/smart-client/components/components/refreshFromServer.html
2026-03-03 17:15:04,407 - Knowledge - INFO - Worker kw12 processing /app/data/T0015/327978/b5857iz/shopizer-327978/sm-shop/src/main/webapp/resources/smart-client/components/components/treeGrid_init_connectors.html
2026-03-03 17:15:04,759 - Knowledge - INFO - done ingest for /app/data/T0015/327978/b5857iz/shopizer-327978/sm-shop/src/main/webapp/resources/js/ckeditor/plugins/specialchar/lang/cs.js
2026-03-03 17:15:04,809 - Knowledge - INFO - [LLM_CALL] Completed: eo.js:chunk1, Duration: 9975ms, PromptTokens: 3734, CompletionTokens: 161, Cost: $0.00044
2026-03-03 17:15:05,078 - Knowledge - INFO - [kw16] Queue=45, InProgress=0, PendingWorkers=20/20, Completed=1049/1167 (89.9%)
2026-03-03 17:15:05,132 - Knowledge - INFO - Fast-tracked /app/data/T0015/327978/b5857iz/shopizer-327978/sm-shop/src/main/webapp/resources/smart-client/components/components/scrollBar_custom.html (small file (2740 bytes))
2026-03-03 17:15:05,285 - Knowledge - INFO - Fast-tracked /app/data/T0015/327978/b5857iz/shopizer-327978/sm-shop/src/main/webapp/resources/smart-client/components/components/refreshFromServer.html (ext=.html, size=1539)
2026-03-03 17:15:05,456 - Knowledge - INFO - Fast-tracked /app/data/T0015/327978/b5857iz/shopizer-327978/sm-shop/src/main/webapp/resources/smart-client/components/components/dynamicForm_annotations.html (small file (2728 bytes))
2026-03-03 17:15:05,679 - Knowledge - INFO - done ingest for /app/data/T0015/327978/b5857iz/shopizer-327978/sm-shop/src/main/webapp/resources/js/ckeditor/plugins/specialchar/lang/eo.js
2026-03-03 17:15:05,728 - Knowledge - INFO - [LLM_CALL] Completed: el.js:chunk1, Duration: 33617ms, PromptTokens: 3290, CompletionTokens: 191, Cost: $0.00041
2026-03-03 17:15:05,848 - Knowledge - INFO - Batch sizing: calculated=4, max_allowed=10, queue=45, active_workers=20/20
2026-03-03 17:15:06,959 - Knowledge - INFO - Fast-tracked /app/data/T0015/327978/b5857iz/shopizer-327978/sm-shop/src/main/webapp/resources/smart-client/components/components/dynamicForm_layout.html (small file (2003 bytes))
2026-03-03 17:15:07,038 - Knowledge - INFO - done ingest for /app/data/T0015/327978/b5857iz/shopizer-327978/sm-shop/src/main/webapp/resources/js/ckeditor/plugins/specialchar/lang/el.js
2026-03-03 17:15:07,058 - Knowledge - INFO - [LLM_CALL] Completed: json2.js:chunk1, Duration: 15285ms, PromptTokens: 8472, CompletionTokens: 269, Cost: $0.00095
2026-03-03 17:15:07,733 - Knowledge - INFO - done ingest for /app/data/T0015/327978/b5857iz/shopizer-327978/sm-shop/src/main/webapp/resources/js/json2.js
2026-03-03 17:15:07,739 - Knowledge - INFO - [LLM_CALL] Completed: hr.js:chunk1, Duration: 26080ms, PromptTokens: 3180, CompletionTokens: 200, Cost: $0.00040
2026-03-03 17:15:08,324 - Knowledge - INFO - done ingest for /app/data/T0015/327978/b5857iz/shopizer-327978/sm-shop/src/main/webapp/resources/js/ckeditor/plugins/specialchar/lang/hr.js
2026-03-03 17:15:08,364 - Knowledge - INFO - [kw19] Queue=41, InProgress=0, PendingWorkers=20/20, Completed=1050/1167 (90.0%)
2026-03-03 17:15:08,364 - Knowledge - INFO - Async storing batch of 5 embeddings
2026-03-03 17:15:08,465 - Knowledge - INFO - [LLM_CALL] Completed: de.js:chunk1, Duration: 39795ms, PromptTokens: 3840, CompletionTokens: 165, Cost: $0.00045
2026-03-03 17:15:08,728 - Knowledge - INFO - Batch sizing: calculated=4, max_allowed=10, queue=41, active_workers=20/20
2026-03-03 17:15:09,013 - Knowledge - INFO - Worker kw16 processing /app/data/T0015/327978/b5857iz/shopizer-327978/sm-shop/src/main/webapp/resources/smart-client/components/components/progressbar.html
2026-03-03 17:15:09,087 - Knowledge - INFO - Fast-tracked /app/data/T0015/327978/b5857iz/shopizer-327978/sm-shop/src/main/webapp/resources/smart-client/skins/EnterpriseBlue/unsupported_browser.html (small file (2210 bytes))
2026-03-03 17:15:09,154 - Knowledge - INFO - done ingest for /app/data/T0015/327978/b5857iz/shopizer-327978/sm-shop/src/main/webapp/resources/js/ckeditor/plugins/specialchar/lang/de.js
2026-03-03 17:15:09,221 - Knowledge - INFO - [LLM_CALL] Completed: nb.js:chunk1, Duration: 27107ms, PromptTokens: 3228, CompletionTokens: 165, Cost: $0.00039
2026-03-03 17:15:09,526 - Knowledge - INFO - Fast-tracked /app/data/T0015/327978/b5857iz/shopizer-327978/sm-shop/src/main/webapp/resources/smart-client/components/components/progressbar.html (ext=.html, size=1352)
2026-03-03 17:15:09,653 - Knowledge - INFO - Async storage completed for 6 embeddings
2026-03-03 17:15:09,904 - Knowledge - INFO - done ingest for /app/data/T0015/327978/b5857iz/shopizer-327978/sm-shop/src/main/webapp/resources/js/ckeditor/plugins/specialchar/lang/nb.js
2026-03-03 17:15:09,925 - Knowledge - INFO - [kw6] Queue=37, InProgress=0, PendingWorkers=20/20, Completed=1051/1167 (90.1%)
2026-03-03 17:15:09,971 - Knowledge - INFO - Async storing batch of 5 embeddings
2026-03-03 17:15:10,028 - Knowledge - INFO - Worker kw16 processing /app/data/T0015/327978/b5857iz/shopizer-327978/sm-shop/src/main/webapp/resources/smart-client/components/components/keypress_handling.html
2026-03-03 17:15:10,539 - Knowledge - INFO - Batch sizing: calculated=4, max_allowed=10, queue=37, active_workers=20/20
2026-03-03 17:15:10,547 - Knowledge - INFO - [LLM_CALL] Completed: cy.js:chunk1, Duration: 20002ms, PromptTokens: 4464, CompletionTokens: 162, Cost: $0.00051
2026-03-03 17:15:10,662 - Knowledge - INFO - Worker kw19 processing /app/data/T0015/327978/b5857iz/shopizer-327978/sm-shop/src/main/webapp/resources/smart-client/components/components/detailViewer_init.html
2026-03-03 17:15:10,844 - Knowledge - INFO - Fast-tracked /app/data/T0015/327978/b5857iz/shopizer-327978/sm-shop/src/main/webapp/resources/smart-client/components/components/keypress_handling.html (ext=.html, size=1769)
2026-03-03 17:15:11,108 - Knowledge - INFO - done ingest for /app/data/T0015/327978/b5857iz/shopizer-327978/sm-shop/src/main/webapp/resources/js/ckeditor/plugins/specialchar/lang/cy.js
2026-03-03 17:15:11,127 - Knowledge - INFO - Processing batch of 5 files
2026-03-03 17:15:11,127 - Knowledge - INFO - Async storing batch of 5 embeddings
2026-03-03 17:15:11,223 - Knowledge - INFO - Processing batch of 5 files
2026-03-03 17:15:11,261 - Knowledge - INFO - Worker kw19 processing /app/data/T0015/327978/b5857iz/shopizer-327978/sm-shop/src/main/webapp/resources/smart-client/components/components/menu_init.html
2026-03-03 17:15:11,261 - Knowledge - INFO - Processing batch of 5 files
2026-03-03 17:15:11,320 - Knowledge - INFO - Worker kw16 processing /app/data/T0015/327978/b5857iz/shopizer-327978/sm-shop/src/main/webapp/resources/smart-client/components/components/widget_drag_appearance.html
2026-03-03 17:15:11,620 - Knowledge - INFO - process ingested knowledge for /app/data/T0015/327978/b5857iz/shopizer-327978/sm-shop/src/main/webapp/resources/js/jquery.raty.min.js
2026-03-03 17:15:11,705 - Knowledge - INFO - Worker kw6 processing /app/data/T0015/327978/b5857iz/shopizer-327978/sm-shop/src/main/webapp/resources/smart-client/components/components/widget_attachment.html
2026-03-03 17:15:11,868 - Knowledge - INFO - process ingested knowledge for /app/data/T0015/327978/b5857iz/shopizer-327978/sm-shop/src/main/webapp/resources/js/ckeditor/plugins/specialchar/lang/cs.js
2026-03-03 17:15:11,969 - Knowledge - INFO - [LLM_CALL] Completed: ug.js:chunk1, Duration: 26256ms, PromptTokens: 3454, CompletionTokens: 190, Cost: $0.00042
2026-03-03 17:15:12,069 - Knowledge - INFO - Fast-tracked /app/data/T0015/327978/b5857iz/shopizer-327978/sm-shop/src/main/webapp/resources/smart-client/components/components/menu_init.html (ext=.html, size=1791)
2026-03-03 17:15:12,268 - Knowledge - INFO - process ingested knowledge for /app/data/T0015/327978/b5857iz/shopizer-327978/sm-shop/src/main/webapp/resources/js/ckeditor/plugins/specialchar/lang/de.js
2026-03-03 17:15:12,413 - Knowledge - INFO - Worker kw16 processing /app/data/T0015/327978/b5857iz/shopizer-327978/sm-shop/src/main/webapp/resources/smart-client/components/components/label.html
2026-03-03 17:15:12,487 - Knowledge - INFO - process ingested knowledge for /app/data/T0015/327978/b5857iz/shopizer-327978/sm-shop/src/main/webapp/resources/js/jquery.formatCurrency-1.4.0.js
2026-03-03 17:15:12,712 - Knowledge - INFO - Worker kw6 processing /app/data/T0015/327978/b5857iz/shopizer-327978/sm-shop/src/main/webapp/resources/smart-client/components/components/dynamicForm_init.html
2026-03-03 17:15:12,804 - Knowledge - INFO - process ingested knowledge for /app/data/T0015/327978/b5857iz/shopizer-327978/sm-shop/src/main/webapp/resources/js/ckeditor/plugins/specialchar/lang/tr.js
2026-03-03 17:15:12,964 - Knowledge - INFO - done ingest for /app/data/T0015/327978/b5857iz/shopizer-327978/sm-shop/src/main/webapp/resources/js/ckeditor/plugins/specialchar/lang/ug.js
2026-03-03 17:15:13,065 - Knowledge - INFO - Worker kw19 processing /app/data/T0015/327978/b5857iz/shopizer-327978/sm-shop/src/main/webapp/resources/smart-client/components/components/index.html
2026-03-03 17:15:13,218 - Knowledge - INFO - process ingested knowledge for /app/data/T0015/327978/b5857iz/shopizer-327978/sm-shop/src/main/webapp/resources/js/ckeditor/plugins/specialchar/lang/el.js
2026-03-03 17:15:13,419 - Knowledge - INFO - Fast-tracked /app/data/T0015/327978/b5857iz/shopizer-327978/sm-shop/src/main/webapp/resources/smart-client/components/components/label.html (ext=.html, size=1352)
2026-03-03 17:15:13,479 - Knowledge - INFO - process ingested knowledge for /app/data/T0015/327978/b5857iz/shopizer-327978/sm-shop/src/main/webapp/resources/js/json2.js
2026-03-03 17:15:13,697 - Knowledge - INFO - Fast-tracked /app/data/T0015/327978/b5857iz/shopizer-327978/sm-shop/src/main/webapp/resources/smart-client/components/components/dynamicForm_init.html (ext=.html, size=1834)
2026-03-03 17:15:13,735 - Knowledge - INFO - process ingested knowledge for /app/data/T0015/327978/b5857iz/shopizer-327978/sm-shop/src/main/webapp/resources/js/ckeditor/plugins/specialchar/lang/nl.js
2026-03-03 17:15:14,123 - Knowledge - INFO - Worker kw19 processing /app/data/T0015/327978/b5857iz/shopizer-327978/sm-shop/src/main/webapp/resources/smart-client/components/components/menubar_features.html
2026-03-03 17:15:14,204 - Knowledge - INFO - process ingested knowledge for /app/data/T0015/327978/b5857iz/shopizer-327978/sm-shop/src/main/webapp/resources/js/ckeditor/plugins/specialchar/lang/fa.js
2026-03-03 17:15:14,480 - Knowledge - INFO - process ingested knowledge for /app/data/T0015/327978/b5857iz/shopizer-327978/sm-shop/src/main/webapp/resources/js/jquery-sort-filter-plugin.js
2026-03-03 17:15:14,727 - Knowledge - INFO - Worker kw6 processing /app/data/T0015/327978/b5857iz/shopizer-327978/sm-shop/src/main/webapp/resources/smart-client/system/modules/ISC_SalesForce.js
2026-03-03 17:15:14,818 - Knowledge - INFO - process ingested knowledge for /app/data/T0015/327978/b5857iz/shopizer-327978/sm-shop/src/main/webapp/resources/js/ckeditor/plugins/specialchar/lang/hr.js
2026-03-03 17:15:14,846 - Knowledge - INFO - Processing batch of 5 files
2026-03-03 17:15:15,138 - Knowledge - INFO - Fast-tracked /app/data/T0015/327978/b5857iz/shopizer-327978/sm-shop/src/main/webapp/resources/smart-client/components/components/detailViewer_init.html (small file (2464 bytes))
2026-03-03 17:15:15,174 - Knowledge - INFO - process ingested knowledge for /app/data/T0015/327978/b5857iz/shopizer-327978/sm-shop/src/main/webapp/resources/js/ckeditor/plugins/specialchar/lang/fi.js
2026-03-03 17:15:15,322 - Knowledge - INFO - process ingested knowledge for /app/data/T0015/327978/b5857iz/shopizer-327978/sm-shop/src/main/webapp/resources/js/jquery.alphanumeric.pack.js
2026-03-03 17:15:15,497 - Knowledge - INFO - Worker kw6 processing /app/data/T0015/327978/b5857iz/shopizer-327978/sm-shop/src/main/webapp/resources/smart-client/system/modules/ISC_Forms.js
2026-03-03 17:15:15,582 - Knowledge - INFO - process ingested knowledge for /app/data/T0015/327978/b5857iz/shopizer-327978/sm-shop/src/main/webapp/resources/js/ckeditor/plugins/specialchar/lang/fr.js
2026-03-03 17:15:15,749 - Knowledge - INFO - process ingested knowledge for /app/data/T0015/327978/b5857iz/shopizer-327978/sm-shop/src/main/webapp/resources/js/ckeditor/plugins/specialchar/lang/nb.js
2026-03-03 17:15:16,081 - Knowledge - INFO - process ingested knowledge for /app/data/T0015/327978/b5857iz/shopizer-327978/sm-shop/src/main/webapp/resources/js/ckeditor/plugins/specialchar/lang/en.js
2026-03-03 17:15:16,322 - Knowledge - INFO - [LLM_CALL] Completed: load_skin.js:chunk1, Duration: 11539ms, PromptTokens: 14104, CompletionTokens: 1857, Cost: $0.00215
2026-03-03 17:15:16,456 - Knowledge - INFO - Fast-tracked /app/data/T0015/327978/b5857iz/shopizer-327978/sm-shop/src/main/webapp/resources/smart-client/system/modules/ISC_Forms.js (ext=.js, size=634734)
2026-03-03 17:15:16,849 - Knowledge - INFO - process ingested knowledge for /app/data/T0015/327978/b5857iz/shopizer-327978/sm-shop/src/main/webapp/resources/js/ckeditor/plugins/specialchar/lang/zh-cn.js
2026-03-03 17:15:16,902 - Knowledge - INFO - done ingest for /app/data/T0015/327978/b5857iz/shopizer-327978/sm-shop/src/main/webapp/resources/smart-client/skins/Graphite/load_skin.js
2026-03-03 17:15:17,328 - Knowledge - INFO - Fast-tracked /app/data/T0015/327978/b5857iz/shopizer-327978/sm-shop/src/main/webapp/resources/smart-client/skins/Enterprise/unsupported_browser.html (small file (2210 bytes))
2026-03-03 17:15:17,477 - Knowledge - INFO - process ingested knowledge for /app/data/T0015/327978/b5857iz/shopizer-327978/sm-shop/src/main/webapp/resources/js/ckeditor/plugins/specialchar/lang/ug.js
2026-03-03 17:15:17,592 - Knowledge - INFO - Async storage completed for 6 embeddings
2026-03-03 17:15:18,286 - Knowledge - INFO - Fast-tracked /app/data/T0015/327978/b5857iz/shopizer-327978/sm-shop/src/main/webapp/resources/smart-client/components/components/toolbar_features.html (small file (2615 bytes))
2026-03-03 17:15:18,374 - Knowledge - INFO - process ingested knowledge for /app/data/T0015/327978/b5857iz/shopizer-327978/sm-shop/src/main/webapp/resources/js/ckeditor/plugins/specialchar/lang/cy.js
2026-03-03 17:15:18,545 - Knowledge - INFO - Async storage completed for 6 embeddings
2026-03-03 17:15:19,173 - Knowledge - INFO - process ingested knowledge for /app/data/T0015/327978/b5857iz/shopizer-327978/sm-shop/src/main/webapp/resources/js/ckeditor/plugins/specialchar/lang/eo.js
2026-03-03 17:15:19,190 - Knowledge - INFO - Processing batch of 4 files
2026-03-03 17:15:19,509 - Knowledge - INFO - process ingested knowledge for /app/data/T0015/327978/b5857iz/shopizer-327978/sm-shop/src/main/webapp/resources/smart-client/skins/Graphite/images/readme.txt
2026-03-03 17:15:19,705 - Knowledge - INFO - [WEBSOCKET] Sent: Type=progress_update, Size: 296, Duration: 0ms
2026-03-03 17:15:19,942 - Knowledge - INFO - [WEBSOCKET] Sent: Type=unknown, Size: ?, Duration: 237ms
2026-03-03 17:15:19,962 - Knowledge - INFO - process ingested knowledge for /app/data/T0015/327978/b5857iz/shopizer-327978/sm-shop/src/main/webapp/resources/smart-client/skins/Graphite/load_skin.js
2026-03-03 17:15:20,158 - Knowledge - INFO - Progress: 91.9% | Files: 1073/1167 | Rate: 1.67 files/sec | Queue: 33
2026-03-03 17:15:20,159 - Knowledge - INFO - [kw18] Queue=33, InProgress=0, PendingWorkers=20/20, Completed=1073/1167 (91.9%)
2026-03-03 17:15:20,164 - Knowledge - INFO - [kw14] Queue=33, InProgress=0, PendingWorkers=20/20, Completed=1073/1167 (91.9%)
2026-03-03 17:15:20,282 - Knowledge - INFO - process ingested knowledge for /app/data/T0015/327978/b5857iz/shopizer-327978/sm-shop/src/main/webapp/resources/smart-client/skins/Graphite/unsupported_browser.html
2026-03-03 17:15:20,357 - Knowledge - INFO - [kw2] Queue=33, InProgress=0, PendingWorkers=20/20, Completed=1073/1167 (91.9%)
2026-03-03 17:15:20,506 - Knowledge - INFO - Batch sizing: calculated=4, max_allowed=10, queue=33, active_workers=20/20
2026-03-03 17:15:20,706 - Knowledge - INFO - Batch sizing: calculated=4, max_allowed=10, queue=33, active_workers=20/20
2026-03-03 17:15:20,816 - Knowledge - INFO - process ingested knowledge for /app/data/T0015/327978/b5857iz/shopizer-327978/sm-shop/src/main/webapp/resources/smart-client/skins/Graphite/skin_styles.css
2026-03-03 17:15:20,994 - Knowledge - INFO - Batch sizing: calculated=4, max_allowed=10, queue=33, active_workers=20/20
2026-03-03 17:15:21,135 - Knowledge - INFO - Async storing batch of 5 embeddings
2026-03-03 17:15:21,215 - Knowledge - INFO - Async storing batch of 5 embeddings
2026-03-03 17:15:21,248 - Knowledge - INFO - [kw10] Queue=25, InProgress=0, PendingWorkers=20/20, Completed=1073/1167 (91.9%)
2026-03-03 17:15:21,587 - Knowledge - INFO - Worker kw18 processing /app/data/T0015/327978/b5857iz/shopizer-327978/sm-shop/src/main/webapp/resources/smart-client/system/modules/ISC_Foundation.js
2026-03-03 17:15:21,706 - Knowledge - INFO - Async storing batch of 5 embeddings
2026-03-03 17:15:21,727 - Knowledge - INFO - Worker kw14 processing /app/data/T0015/327978/b5857iz/shopizer-327978/sm-shop/src/main/webapp/resources/smart-client/system/modules/ISC_Workflow.js
2026-03-03 17:15:21,850 - Knowledge - INFO - Batch sizing: calculated=4, max_allowed=10, queue=25, active_workers=20/20
2026-03-03 17:15:22,034 - Knowledge - INFO - Fast-tracked /app/data/T0015/327978/b5857iz/shopizer-327978/sm-shop/src/main/webapp/resources/smart-client/system/modules/ISC_Foundation.js (ext=.js, size=233559)
2026-03-03 17:15:22,155 - Knowledge - INFO - Worker kw2 processing /app/data/T0015/327978/b5857iz/shopizer-327978/sm-shop/src/main/webapp/resources/smart-client/system/modules/ISC_DataBinding.js
2026-03-03 17:15:22,190 - Knowledge - INFO - Fast-tracked /app/data/T0015/327978/b5857iz/shopizer-327978/sm-shop/src/main/webapp/resources/smart-client/components/components/slider_colormixer.html (small file (3026 bytes))
2026-03-03 17:15:22,279 - Knowledge - INFO - Worker kw14 processing /app/data/T0015/327978/b5857iz/shopizer-327978/sm-shop/src/main/webapp/resources/smart-client/system/modules/ISC_Grids.js
2026-03-03 17:15:22,500 - Knowledge - INFO - Async storage completed for 6 embeddings
2026-03-03 17:15:22,557 - Knowledge - INFO - [LLM_CALL] Completed: canvas_clip_scroll.html:chunk1, Duration: 16866ms, PromptTokens: 2958, CompletionTokens: 248, Cost: $0.00039
2026-03-03 17:15:22,565 - Knowledge - INFO - Worker kw18 processing /app/data/T0015/327978/b5857iz/shopizer-327978/sm-shop/src/main/webapp/resources/smart-client/system/modules/ISC_PluginBridges.js
2026-03-03 17:15:22,690 - Knowledge - INFO - Fast-tracked /app/data/T0015/327978/b5857iz/shopizer-327978/sm-shop/src/main/webapp/resources/smart-client/system/modules/ISC_DataBinding.js (ext=.js, size=551979)
2026-03-03 17:15:22,829 - Knowledge - INFO - Async storage completed for 6 embeddings
2026-03-03 17:15:22,948 - Knowledge - INFO - Fast-tracked /app/data/T0015/327978/b5857iz/shopizer-327978/sm-shop/src/main/webapp/resources/smart-client/system/modules/ISC_Grids.js (ext=.js, size=754418)
2026-03-03 17:15:23,532 - Knowledge - INFO - done ingest for /app/data/T0015/327978/b5857iz/shopizer-327978/sm-shop/src/main/webapp/resources/smart-client/components/components/canvas_clip_scroll.html
2026-03-03 17:15:23,566 - Knowledge - INFO - Async storing batch of 5 embeddings
2026-03-03 17:15:23,662 - Knowledge - INFO - [kw9] Queue=17, InProgress=0, PendingWorkers=20/20, Completed=1073/1167 (91.9%)
2026-03-03 17:15:23,718 - Knowledge - INFO - Worker kw18 processing /app/data/T0015/327978/b5857iz/shopizer-327978/sm-shop/src/main/webapp/resources/smart-client/system/modules/ISC_Scheduler.js
2026-03-03 17:15:23,860 - Knowledge - INFO - Worker kw2 processing /app/data/T0015/327978/b5857iz/shopizer-327978/sm-shop/src/main/webapp/resources/smart-client/system/modules/ISC_Drawing.js
2026-03-03 17:15:24,121 - Knowledge - INFO - Worker kw14 processing /app/data/T0015/327978/b5857iz/shopizer-327978/sm-shop/src/main/webapp/resources/smart-client/system/modules/ISC_Core.js
2026-03-03 17:15:24,293 - Knowledge - INFO - Processing batch of 4 files
2026-03-03 17:15:24,454 - Knowledge - INFO - Worker kw10 processing /app/data/T0015/327978/b5857iz/shopizer-327978/sm-shop/src/main/webapp/resources/smart-client/system/modules/ISC_ClassBrowser.js
2026-03-03 17:15:24,536 - Knowledge - INFO - Batch sizing: calculated=4, max_allowed=10, queue=17, active_workers=20/20
2026-03-03 17:15:24,659 - Knowledge - INFO - Worker kw18 processing /app/data/T0015/327978/b5857iz/shopizer-327978/sm-shop/src/main/webapp/resources/smart-client/system/modules/ISC_DSBrowser.js
2026-03-03 17:15:24,960 - Knowledge - INFO - Fast-tracked /app/data/T0015/327978/b5857iz/shopizer-327978/sm-shop/src/main/webapp/resources/smart-client/system/modules/ISC_Drawing.js (ext=.js, size=108864)
2026-03-03 17:15:25,136 - Knowledge - INFO - Fast-tracked /app/data/T0015/327978/b5857iz/shopizer-327978/sm-shop/src/main/webapp/resources/smart-client/system/modules/ISC_Core.js (ext=.js, size=703896)
2026-03-03 17:15:25,212 - Knowledge - INFO - process ingested knowledge for /app/data/T0015/327978/b5857iz/shopizer-327978/sm-shop/src/main/webapp/resources/smart-client/components/components/button_selection.html
2026-03-03 17:15:25,383 - Knowledge - INFO - done ingest for /app/data/T0015/327978/b5857iz/shopizer-327978/sm-shop/src/main/webapp/resources/smart-client/skins/SmartClient/load_skin.js
2026-03-03 17:15:25,433 - Knowledge - INFO - Worker kw10 processing /app/data/T0015/327978/b5857iz/shopizer-327978/sm-shop/src/main/webapp/resources/smart-client/system/modules/ISC_History.js
2026-03-03 17:15:25,559 - Knowledge - INFO - Async storing batch of 4 embeddings
2026-03-03 17:15:25,738 - Knowledge - INFO - Worker kw2 processing /app/data/T0015/327978/b5857iz/shopizer-327978/sm-shop/src/main/webapp/resources/smart-client/system/modules/ISC_SQLBrowser.js
2026-03-03 17:15:25,833 - Knowledge - INFO - Worker kw14 processing /app/data/T0015/327978/b5857iz/shopizer-327978/sm-shop/src/main/webapp/resources/smart-client/system/modules/ISC_EBay.js
2026-03-03 17:15:25,961 - Knowledge - INFO - process ingested knowledge for /app/data/T0015/327978/b5857iz/shopizer-327978/sm-shop/src/main/webapp/resources/smart-client/components/components/canvas_clip_scroll.html
2026-03-03 17:15:26,222 - Knowledge - INFO - Async storage completed for 5 embeddings
2026-03-03 17:15:26,358 - Knowledge - INFO - Worker kw10 processing /app/data/T0015/327978/b5857iz/shopizer-327978/sm-shop/src/main/webapp/resources/smart-client/system/modules/ISC_Kapow.js
2026-03-03 17:15:26,367 - Knowledge - INFO - Processing batch of 4 files
2026-03-03 17:15:26,499 - Knowledge - INFO - Worker kw9 processing /app/data/T0015/327978/b5857iz/shopizer-327978/sm-shop/src/main/webapp/resources/smart-client/system/modules/ISC_Containers.js
2026-03-03 17:15:26,641 - Knowledge - INFO - Worker kw2 processing /app/data/T0015/327978/b5857iz/shopizer-327978/sm-shop/src/main/webapp/resources/smart-client/system/modules/ISC_Calendar.js
2026-03-03 17:15:26,895 - Knowledge - INFO - Fast-tracked /app/data/T0015/327978/b5857iz/shopizer-327978/sm-shop/src/main/webapp/resources/smart-client/system/modules/ISC_EBay.js (ext=.js, size=475079)
2026-03-03 17:15:26,953 - Knowledge - INFO - process ingested knowledge for /app/data/T0015/327978/b5857iz/shopizer-327978/sm-shop/src/main/webapp/resources/smart-client/components/components/toolbar_features.html
2026-03-03 17:15:27,287 - Knowledge - INFO - Worker kw10 processing /app/data/T0015/327978/b5857iz/shopizer-327978/sm-shop/src/main/webapp/resources/smart-client/system/modules/ISC_RichTextEditor.js
2026-03-03 17:15:27,391 - Knowledge - INFO - process ingested knowledge for /app/data/T0015/327978/b5857iz/shopizer-327978/sm-shop/src/main/webapp/resources/smart-client/skins/SmartClient/load_skin.js
2026-03-03 17:15:27,501 - Knowledge - INFO - Fast-tracked /app/data/T0015/327978/b5857iz/shopizer-327978/sm-shop/src/main/webapp/resources/smart-client/system/modules/ISC_Containers.js (ext=.js, size=128658)
2026-03-03 17:15:27,675 - Knowledge - INFO - Fast-tracked /app/data/T0015/327978/b5857iz/shopizer-327978/sm-shop/src/main/webapp/resources/smart-client/system/modules/ISC_Calendar.js (ext=.js, size=102214)
2026-03-03 17:15:27,918 - Knowledge - INFO - process ingested knowledge for /app/data/T0015/327978/b5857iz/shopizer-327978/sm-shop/src/main/webapp/resources/smart-client/components/components/img_rollover.html
2026-03-03 17:15:28,249 - Knowledge - INFO - process ingested knowledge for /app/data/T0015/327978/b5857iz/shopizer-327978/sm-shop/src/main/webapp/resources/smart-client/skins/SmartClient/unsupported_browser.html
2026-03-03 17:15:28,331 - Knowledge - INFO - Worker kw9 processing /app/data/T0015/327978/b5857iz/shopizer-327978/sm-shop/src/main/webapp/resources/templates/bootstrap/css/bootstrap-responsive.min.css
2026-03-03 17:15:28,958 - Knowledge - INFO - Fast-tracked /app/data/T0015/327978/b5857iz/shopizer-327978/sm-shop/src/main/webapp/resources/templates/bootstrap/css/bootstrap-responsive.min.css (ext=.css, size=10518)
2026-03-03 17:15:28,959 - Knowledge - INFO - process ingested knowledge for /app/data/T0015/327978/b5857iz/shopizer-327978/sm-shop/src/main/webapp/resources/smart-client/skins/SmartClient/skin_styles.css
2026-03-03 17:15:28,996 - Knowledge - INFO - [LLM_CALL] Completed: treeGrid_init_connectors.html:chunk1, Duration: 20631ms, PromptTokens: 3610, CompletionTokens: 316, Cost: $0.00049
2026-03-03 17:15:29,213 - Knowledge - INFO - Worker kw9 processing /app/data/T0015/327978/b5857iz/shopizer-327978/sm-shop/src/main/webapp/resources/templates/bootstrap/css/theme.css
2026-03-03 17:15:29,316 - Knowledge - INFO - Split /app/data/T0015/327978/b5857iz/shopizer-327978/sm-shop/src/main/webapp/resources/smart-client/system/modules/ISC_SalesForce.js (70729 bytes) into 3 chunks of ~32KB
2026-03-03 17:15:29,344 - Knowledge - INFO - process ingested knowledge for /app/data/T0015/327978/b5857iz/shopizer-327978/sm-shop/src/main/webapp/resources/smart-client/skins/Enterprise/images/readme.txt
2026-03-03 17:15:29,478 - Knowledge - INFO - done ingest for /app/data/T0015/327978/b5857iz/shopizer-327978/sm-shop/src/main/webapp/resources/smart-client/components/components/treeGrid_init_connectors.html
2026-03-03 17:15:29,668 - Knowledge - INFO - Fast-tracked /app/data/T0015/327978/b5857iz/shopizer-327978/sm-shop/src/main/webapp/resources/templates/bootstrap/css/theme.css (ext=.css, size=9969)
2026-03-03 17:15:30,122 - Knowledge - INFO - Worker kw9 processing /app/data/T0015/327978/b5857iz/shopizer-327978/sm-shop/src/main/webapp/resources/templates/bootstrap/css/bootstrap.min.css
2026-03-03 17:15:30,399 - Knowledge - INFO - Fast-tracked /app/data/T0015/327978/b5857iz/shopizer-327978/sm-shop/src/main/webapp/resources/templates/bootstrap/css/bootstrap.min.css (ext=.css, size=81939)
2026-03-03 17:15:30,407 - Knowledge - INFO - [kw13] Queue=13, InProgress=0, PendingWorkers=20/20, Completed=1082/1167 (92.7%)
2026-03-03 17:15:30,408 - Knowledge - INFO - Processing batch of 4 files
2026-03-03 17:15:30,662 - Knowledge - INFO - Async storage completed for 4 embeddings
2026-03-03 17:15:30,796 - Knowledge - INFO - Batch sizing: calculated=4, max_allowed=10, queue=13, active_workers=20/20
2026-03-03 17:15:30,947 - Knowledge - INFO - process ingested knowledge for /app/data/T0015/327978/b5857iz/shopizer-327978/sm-shop/src/main/webapp/resources/smart-client/components/components/dynamicForm_annotations.html
2026-03-03 17:15:31,202 - Knowledge - INFO - Async storing batch of 4 embeddings
2026-03-03 17:15:31,272 - Knowledge - INFO - Processing batch of 4 files
2026-03-03 17:15:31,418 - Knowledge - INFO - Worker kw13 processing /app/data/T0015/327978/b5857iz/shopizer-327978/sm-shop/src/main/webapp/resources/templates/bootstrap/js/bootstrap-carousel.js
2026-03-03 17:15:31,565 - Knowledge - INFO - process ingested knowledge for /app/data/T0015/327978/b5857iz/shopizer-327978/sm-shop/src/main/webapp/resources/smart-client/components/components/dynamicForm_layout.html
2026-03-03 17:15:31,593 - Knowledge - INFO - [LLM_CALL] Completed: widget_drag_appearance.html:chunk1, Duration: 17065ms, PromptTokens: 3442, CompletionTokens: 327, Cost: $0.00047
2026-03-03 17:15:31,596 - Knowledge - INFO - process ingested knowledge for /app/data/T0015/327978/b5857iz/shopizer-327978/sm-shop/src/main/webapp/resources/smart-client/system/modules/ISC_Containers.js
2026-03-03 17:15:31,680 - Knowledge - INFO - Worker kw13 processing /app/data/T0015/327978/b5857iz/shopizer-327978/sm-shop/src/main/webapp/resources/templates/bootstrap/js/bootstrap-button.js
2026-03-03 17:15:31,794 - Knowledge - INFO - process ingested knowledge for /app/data/T0015/327978/b5857iz/shopizer-327978/sm-shop/src/main/webapp/resources/smart-client/components/components/tabSet_init.html
2026-03-03 17:15:31,891 - Knowledge - INFO - Async storage completed for 6 embeddings
2026-03-03 17:15:31,896 - Knowledge - INFO - done ingest for /app/data/T0015/327978/b5857iz/shopizer-327978/sm-shop/src/main/webapp/resources/smart-client/components/components/widget_drag_appearance.html
2026-03-03 17:15:31,898 - Knowledge - INFO - [kw15] Queue=9, InProgress=0, PendingWorkers=20/20, Completed=1089/1167 (93.3%)
2026-03-03 17:15:31,986 - Knowledge - INFO - process ingested knowledge for /app/data/T0015/327978/b5857iz/shopizer-327978/sm-shop/src/main/webapp/resources/templates/bootstrap/css/bootstrap-responsive.min.css
2026-03-03 17:15:32,107 - Knowledge - INFO - Worker kw13 processing /app/data/T0015/327978/b5857iz/shopizer-327978/sm-shop/src/main/webapp/resources/templates/bootstrap/js/bootstrap-alert.js
2026-03-03 17:15:32,180 - Knowledge - INFO - process ingested knowledge for /app/data/T0015/327978/b5857iz/shopizer-327978/sm-shop/src/main/webapp/resources/smart-client/components/components/treeGrid_init_connectors.html
2026-03-03 17:15:32,362 - Knowledge - INFO - Processing batch of 4 files
2026-03-03 17:15:32,514 - Knowledge - INFO - Batch sizing: calculated=4, max_allowed=10, queue=9, active_workers=20/20
2026-03-03 17:15:32,593 - Knowledge - INFO - process ingested knowledge for /app/data/T0015/327978/b5857iz/shopizer-327978/sm-shop/src/main/webapp/resources/templates/bootstrap/css/theme.css
2026-03-03 17:15:32,679 - Knowledge - INFO - Worker kw13 processing /app/data/T0015/327978/b5857iz/shopizer-327978/sm-shop/src/main/webapp/resources/templates/bootstrap/js/bootstrap-popover.js
2026-03-03 17:15:32,809 - Knowledge - INFO - Fast-tracked /app/data/T0015/327978/b5857iz/shopizer-327978/sm-shop/src/main/webapp/resources/smart-client/components/components/menu_features.html (small file (3017 bytes))
2026-03-03 17:15:32,868 - Knowledge - INFO - process ingested knowledge for /app/data/T0015/327978/b5857iz/shopizer-327978/sm-shop/src/main/webapp/resources/smart-client/components/components/progressbar.html
2026-03-03 17:15:33,101 - Knowledge - INFO - Async storing batch of 4 embeddings
2026-03-03 17:15:33,132 - Knowledge - INFO - process ingested knowledge for /app/data/T0015/327978/b5857iz/shopizer-327978/sm-shop/src/main/webapp/resources/templates/bootstrap/css/bootstrap.min.css
2026-03-03 17:15:33,243 - Knowledge - INFO - Async storage completed for 6 embeddings
2026-03-03 17:15:33,351 - Knowledge - INFO - Async storage completed for 6 embeddings
2026-03-03 17:15:33,460 - Knowledge - INFO - [kw12] Queue=5, InProgress=0, PendingWorkers=20/20, Completed=1093/1167 (93.7%)
2026-03-03 17:15:33,461 - Knowledge - INFO - process ingested knowledge for /app/data/T0015/327978/b5857iz/shopizer-327978/sm-shop/src/main/webapp/resources/smart-client/components/components/keypress_handling.html
2026-03-03 17:15:33,592 - Knowledge - INFO - Worker kw15 processing /app/data/T0015/327978/b5857iz/shopizer-327978/sm-shop/src/main/webapp/resources/templates/bootstrap/js/bootstrap-tooltip.js
2026-03-03 17:15:34,038 - Knowledge - INFO - Batch sizing: calculated=4, max_allowed=10, queue=5, active_workers=20/20
2026-03-03 17:15:34,228 - Knowledge - INFO - Worker kw15 processing /app/data/T0015/327978/b5857iz/shopizer-327978/sm-shop/src/main/webapp/resources/templates/bootstrap/js/bootstrap-transition.js
2026-03-03 17:15:34,330 - Knowledge - INFO - process ingested knowledge for /app/data/T0015/327978/b5857iz/shopizer-327978/sm-shop/src/main/webapp/resources/smart-client/components/components/widget_drag_appearance.html
2026-03-03 17:15:34,330 - Knowledge - INFO - Async storing batch of 4 embeddings
2026-03-03 17:15:34,461 - Knowledge - INFO - Fast-tracked /app/data/T0015/327978/b5857iz/shopizer-327978/sm-shop/src/main/webapp/resources/templates/bootstrap/js/bootstrap-transition.js (ext=.js, size=1801)
2026-03-03 17:15:34,590 - Knowledge - INFO - process ingested knowledge for /app/data/T0015/327978/b5857iz/shopizer-327978/sm-shop/src/main/webapp/resources/smart-client/components/components/label.html
2026-03-03 17:15:34,690 - Knowledge - INFO - Worker kw12 processing /app/data/T0015/327978/b5857iz/shopizer-327978/sm-shop/src/main/webapp/resources/templates/bootstrap/js/bootstrap-tab.js
2026-03-03 17:15:34,793 - Knowledge - INFO - Worker kw15 processing /app/data/T0015/327978/b5857iz/shopizer-327978/sm-shop/src/main/webapp/resources/templates/bootstrap/js/bootstrap-scrollspy.js
2026-03-03 17:15:34,851 - Knowledge - INFO - [kw9] Queue=1, InProgress=0, PendingWorkers=20/20, Completed=1093/1167 (93.7%)
2026-03-03 17:15:34,966 - Knowledge - INFO - Worker kw12 processing /app/data/T0015/327978/b5857iz/shopizer-327978/sm-shop/src/main/webapp/resources/templates/bootstrap/js/bootstrap-dropdown.js
2026-03-03 17:15:35,047 - Knowledge - INFO - Worker kw15 processing /app/data/T0015/327978/b5857iz/shopizer-327978/sm-shop/src/main/webapp/resources/templates/bootstrap/js/bootstrap-collapse.js
2026-03-03 17:15:35,181 - Knowledge - INFO - Batch sizing: calculated=1, max_allowed=10, queue=1, active_workers=20/20
2026-03-03 17:15:35,286 - Knowledge - INFO - Worker kw12 processing /app/data/T0015/327978/b5857iz/shopizer-327978/sm-shop/src/main/webapp/resources/templates/bootstrap/js/bootstrap-modal.js
2026-03-03 17:15:35,772 - Knowledge - INFO - Worker kw12 processing /app/data/T0015/327978/b5857iz/shopizer-327978/sm-shop/src/main/webapp/resources/templates/bootstrap/js/bootstrap-typeahead.js
2026-03-03 17:15:35,776 - Knowledge - INFO - Async storing batch of 4 embeddings
2026-03-03 17:15:36,154 - Knowledge - INFO - Worker kw9 processing /app/data/T0015/327978/b5857iz/shopizer-327978/sm-shop/pom.xml
2026-03-03 17:15:36,238 - Knowledge - INFO - [LLM_CALL] Completed: imgButton_selection.html:chunk1, Duration: 27892ms, PromptTokens: 2856, CompletionTokens: 289, Cost: $0.00040
2026-03-03 17:15:36,483 - Knowledge - INFO - Fast-tracked /app/data/T0015/327978/b5857iz/shopizer-327978/sm-shop/pom.xml (ext=.xml, size=12473)
2026-03-03 17:15:36,530 - Knowledge - INFO - done ingest for /app/data/T0015/327978/b5857iz/shopizer-327978/sm-shop/src/main/webapp/resources/smart-client/components/components/imgButton_selection.html
2026-03-03 17:15:36,725 - Knowledge - INFO - Async storage completed for 4 embeddings
2026-03-03 17:15:37,101 - Knowledge - INFO - Processing batch of 4 files
2026-03-03 17:15:37,244 - Knowledge - INFO - Processing batch of 1 files
2026-03-03 17:15:37,332 - Knowledge - INFO - process ingested knowledge for /app/data/T0015/327978/b5857iz/shopizer-327978/sm-shop/src/main/webapp/resources/smart-client/components/components/widget_layering.html
2026-03-03 17:15:37,639 - Knowledge - INFO - process ingested knowledge for /app/data/T0015/327978/b5857iz/shopizer-327978/sm-shop/pom.xml
2026-03-03 17:15:37,768 - Knowledge - INFO - process ingested knowledge for /app/data/T0015/327978/b5857iz/shopizer-327978/sm-shop/src/main/webapp/resources/smart-client/components/components/scrollBar_custom.html
2026-03-03 17:15:38,227 - Knowledge - INFO - process ingested knowledge for /app/data/T0015/327978/b5857iz/shopizer-327978/sm-shop/src/main/webapp/resources/smart-client/components/components/imgButton_selection.html
2026-03-03 17:15:38,275 - Knowledge - INFO - [WEBSOCKET] Sent: Type=progress_update, Size: 296, Duration: 0ms
2026-03-03 17:15:38,499 - Knowledge - INFO - Async storage completed for 6 embeddings
2026-03-03 17:15:38,523 - Knowledge - INFO - process ingested knowledge for /app/data/T0015/327978/b5857iz/shopizer-327978/sm-shop/src/main/webapp/resources/smart-client/components/components/slider_colormixer.html
2026-03-03 17:15:38,615 - Knowledge - INFO - [WEBSOCKET] Sent: Type=unknown, Size: ?, Duration: 340ms
2026-03-03 17:15:39,106 - Knowledge - INFO - Progress: 94.1% | Files: 1098/1167 | Rate: 1.66 files/sec | Queue: 0
2026-03-03 17:15:40,362 - Knowledge - INFO - [LLM_CALL] Completed: stretchImgButton_selection.html:chunk1, Duration: 33315ms, PromptTokens: 2932, CompletionTokens: 278, Cost: $0.00040
2026-03-03 17:15:40,639 - Knowledge - INFO - done ingest for /app/data/T0015/327978/b5857iz/shopizer-327978/sm-shop/src/main/webapp/resources/smart-client/components/components/stretchImgButton_selection.html
2026-03-03 17:15:41,712 - Knowledge - INFO - [LLM_CALL] Completed: dynamicForm_item_types.html:chunk1, Duration: 23729ms, PromptTokens: 2594, CompletionTokens: 254, Cost: $0.00036
2026-03-03 17:15:42,002 - Knowledge - INFO - done ingest for /app/data/T0015/327978/b5857iz/shopizer-327978/sm-shop/src/main/webapp/resources/smart-client/components/components/dynamicForm_item_types.html
2026-03-03 17:15:42,473 - Knowledge - INFO - Processing batch of 4 files
2026-03-03 17:15:42,697 - Knowledge - INFO - process ingested knowledge for /app/data/T0015/327978/b5857iz/shopizer-327978/sm-shop/src/main/webapp/resources/smart-client/components/components/dialog_globals.html
2026-03-03 17:15:42,736 - Knowledge - INFO - Fast-tracked /app/data/T0015/327978/b5857iz/shopizer-327978/sm-shop/src/main/webapp/resources/smart-client/components/components/skin_custom.html (small file (2943 bytes))
2026-03-03 17:15:43,050 - Knowledge - INFO - process ingested knowledge for /app/data/T0015/327978/b5857iz/shopizer-327978/sm-shop/src/main/webapp/resources/smart-client/components/components/window_init.html
2026-03-03 17:15:43,235 - Knowledge - INFO - Async storage completed for 6 embeddings
2026-03-03 17:15:43,238 - Knowledge - INFO - Async storage completed for 5 embeddings
2026-03-03 17:15:43,464 - Knowledge - INFO - process ingested knowledge for /app/data/T0015/327978/b5857iz/shopizer-327978/sm-shop/src/main/webapp/resources/smart-client/components/components/stretchImgButton_selection.html
2026-03-03 17:15:43,924 - Knowledge - INFO - process ingested knowledge for /app/data/T0015/327978/b5857iz/shopizer-327978/sm-shop/src/main/webapp/resources/smart-client/components/components/dynamicForm_item_types.html
2026-03-03 17:15:44,003 - Knowledge - INFO - Async storage completed for 5 embeddings
2026-03-03 17:15:44,806 - Knowledge - INFO - Async storage completed for 5 embeddings
2026-03-03 17:15:45,262 - Knowledge - INFO - [LLM_CALL] Completed: event_details.html:chunk1, Duration: 27800ms, PromptTokens: 2610, CompletionTokens: 461, Cost: $0.00045
2026-03-03 17:15:45,485 - Knowledge - INFO - done ingest for /app/data/T0015/327978/b5857iz/shopizer-327978/sm-shop/src/main/webapp/resources/smart-client/components/components/event_details.html
2026-03-03 17:15:45,604 - Knowledge - INFO - [LLM_CALL] Completed: widget_position_size.html:chunk1, Duration: 37241ms, PromptTokens: 3424, CompletionTokens: 230, Cost: $0.00043
2026-03-03 17:15:45,863 - Knowledge - INFO - done ingest for /app/data/T0015/327978/b5857iz/shopizer-327978/sm-shop/src/main/webapp/resources/smart-client/components/components/widget_position_size.html
2026-03-03 17:15:47,121 - Knowledge - INFO - Fast-tracked /app/data/T0015/327978/b5857iz/shopizer-327978/sm-shop/src/main/webapp/resources/templates/bootstrap/js/bootstrap-button.js (small file (2713 bytes))
2026-03-03 17:15:47,441 - Knowledge - INFO - [LLM_CALL] Completed: editableListGrid_init.html:chunk1, Duration: 41747ms, PromptTokens: 3096, CompletionTokens: 280, Cost: $0.00042
2026-03-03 17:15:47,747 - Knowledge - INFO - Fast-tracked /app/data/T0015/327978/b5857iz/shopizer-327978/sm-shop/src/main/webapp/resources/templates/bootstrap/js/bootstrap-alert.js (small file (2392 bytes))
2026-03-03 17:15:47,880 - Knowledge - INFO - done ingest for /app/data/T0015/327978/b5857iz/shopizer-327978/sm-shop/src/main/webapp/resources/smart-client/components/components/editableListGrid_init.html
2026-03-03 17:15:48,173 - Knowledge - INFO - Fast-tracked /app/data/T0015/327978/b5857iz/shopizer-327978/sm-shop/src/main/webapp/resources/templates/bootstrap/js/bootstrap-popover.js (small file (2874 bytes))
2026-03-03 17:15:48,590 - Knowledge - INFO - Fast-tracked /app/data/T0015/327978/b5857iz/shopizer-327978/sm-shop/src/main/webapp/resources/templates/bootstrap/js/bootstrap-dropdown.js (small file (2728 bytes))
2026-03-03 17:15:48,595 - Knowledge - INFO - Async storage completed for 4 embeddings
2026-03-03 17:15:48,766 - Knowledge - INFO - Processing batch of 4 files
2026-03-03 17:15:49,218 - Knowledge - INFO - Async storage completed for 5 embeddings
2026-03-03 17:15:49,435 - Knowledge - INFO - process ingested knowledge for /app/data/T0015/327978/b5857iz/shopizer-327978/sm-shop/src/main/webapp/resources/smart-client/components/components/editableListGrid_init.html
2026-03-03 17:15:49,523 - Knowledge - INFO - [LLM_CALL] Completed: widget_drag_resize.html:chunk1, Duration: 29870ms, PromptTokens: 2920, CompletionTokens: 347, Cost: $0.00043
2026-03-03 17:15:49,957 - Knowledge - INFO - process ingested knowledge for /app/data/T0015/327978/b5857iz/shopizer-327978/sm-shop/src/main/webapp/resources/smart-client/components/components/replaceFromServer.html
2026-03-03 17:15:50,144 - Knowledge - INFO - done ingest for /app/data/T0015/327978/b5857iz/shopizer-327978/sm-shop/src/main/webapp/resources/smart-client/components/components/widget_drag_resize.html
2026-03-03 17:15:50,165 - Knowledge - INFO - [LLM_CALL] Completed: listGrid_init.html:chunk1, Duration: 45363ms, PromptTokens: 6938, CompletionTokens: 59, Cost: $0.00072
2026-03-03 17:15:50,390 - Knowledge - INFO - process ingested knowledge for /app/data/T0015/327978/b5857iz/shopizer-327978/sm-shop/src/main/webapp/resources/smart-client/components/components/event_details.html
2026-03-03 17:15:50,709 - Knowledge - INFO - done ingest for /app/data/T0015/327978/b5857iz/shopizer-327978/sm-shop/src/main/webapp/resources/smart-client/components/components/listGrid_init.html
2026-03-03 17:15:51,000 - Knowledge - INFO - Processing batch of 4 files
2026-03-03 17:15:51,302 - Knowledge - INFO - process ingested knowledge for /app/data/T0015/327978/b5857iz/shopizer-327978/sm-shop/src/main/webapp/resources/smart-client/components/components/menu_features.html
2026-03-03 17:15:51,348 - Knowledge - INFO - process ingested knowledge for /app/data/T0015/327978/b5857iz/shopizer-327978/sm-shop/src/main/webapp/resources/smart-client/components/components/widget_position_size.html
2026-03-03 17:15:51,531 - Knowledge - INFO - Fast-tracked /app/data/T0015/327978/b5857iz/shopizer-327978/sm-shop/src/main/webapp/resources/smart-client/system/modules/ISC_Kapow.js (small file (2668 bytes))
2026-03-03 17:15:52,504 - Knowledge - INFO - process ingested knowledge for /app/data/T0015/327978/b5857iz/shopizer-327978/sm-shop/src/main/webapp/resources/smart-client/components/components/widget_drag_resize.html
2026-03-03 17:15:52,508 - Knowledge - INFO - [LLM_CALL] Completed: index.html:chunk1, Duration: 36501ms, PromptTokens: 3278, CompletionTokens: 59, Cost: $0.00035
2026-03-03 17:15:52,974 - Knowledge - INFO - done ingest for /app/data/T0015/327978/b5857iz/shopizer-327978/sm-shop/src/main/webapp/resources/smart-client/components/components/index.html
2026-03-03 17:15:52,984 - Knowledge - INFO - [LLM_CALL] Completed: event_logger.html:chunk1, Duration: 27335ms, PromptTokens: 7116, CompletionTokens: 59, Cost: $0.00074
2026-03-03 17:15:53,445 - Knowledge - INFO - done ingest for /app/data/T0015/327978/b5857iz/shopizer-327978/sm-shop/src/main/webapp/resources/smart-client/components/components/event_logger.html
2026-03-03 17:15:53,472 - Knowledge - INFO - process ingested knowledge for /app/data/T0015/327978/b5857iz/shopizer-327978/sm-shop/src/main/webapp/resources/smart-client/components/components/replace_response.html
2026-03-03 17:15:54,329 - Knowledge - INFO - [LLM_CALL] Completed: widget_attachment.html:chunk1, Duration: 37248ms, PromptTokens: 3720, CompletionTokens: 245, Cost: $0.00047
2026-03-03 17:15:54,593 - Knowledge - INFO - done ingest for /app/data/T0015/327978/b5857iz/shopizer-327978/sm-shop/src/main/webapp/resources/smart-client/components/components/widget_attachment.html
2026-03-03 17:15:54,682 - Knowledge - INFO - process ingested knowledge for /app/data/T0015/327978/b5857iz/shopizer-327978/sm-shop/src/main/webapp/resources/smart-client/components/components/refreshFromServer.html
2026-03-03 17:15:58,054 - Knowledge - INFO - [LLM_CALL] Completed: bootstrap-carousel.js:chunk1, Duration: 24757ms, PromptTokens: 3222, CompletionTokens: 380, Cost: $0.00047
2026-03-03 17:15:58,772 - Knowledge - INFO - done ingest for /app/data/T0015/327978/b5857iz/shopizer-327978/sm-shop/src/main/webapp/resources/templates/bootstrap/js/bootstrap-carousel.js
2026-03-03 17:15:58,863 - Knowledge - INFO - Async storage completed for 5 embeddings
2026-03-03 17:16:01,279 - Knowledge - INFO - Async storage completed for 5 embeddings
2026-03-03 17:16:02,961 - Knowledge - INFO - [LLM_CALL] Completed: dynamicForm_validators.html:chunk1, Duration: 58191ms, PromptTokens: 3660, CompletionTokens: 274, Cost: $0.00048
2026-03-03 17:16:03,321 - Knowledge - INFO - done ingest for /app/data/T0015/327978/b5857iz/shopizer-327978/sm-shop/src/main/webapp/resources/smart-client/components/components/dynamicForm_validators.html
2026-03-03 17:16:03,515 - Knowledge - INFO - Async storage completed for 4 embeddings
2026-03-03 17:16:03,939 - Knowledge - INFO - Async storage completed for 4 embeddings
2026-03-03 17:16:04,181 - Knowledge - INFO - Processing batch of 4 files
2026-03-03 17:16:04,264 - Knowledge - INFO - [LLM_CALL] Completed: backButton.html:chunk1, Duration: 63308ms, PromptTokens: 2684, CompletionTokens: 436, Cost: $0.00044
2026-03-03 17:16:04,659 - Knowledge - INFO - process ingested knowledge for /app/data/T0015/327978/b5857iz/shopizer-327978/sm-shop/src/main/webapp/resources/templates/bootstrap/js/bootstrap-carousel.js
2026-03-03 17:16:04,773 - Knowledge - INFO - done ingest for /app/data/T0015/327978/b5857iz/shopizer-327978/sm-shop/src/main/webapp/resources/smart-client/components/components/backButton.html
2026-03-03 17:16:04,774 - Knowledge - INFO - done ingest for /app/data/T0015/327978/b5857iz/shopizer-327978/sm-shop/src/main/webapp/resources/smart-client/skins/Enterprise/load_skin.js
2026-03-03 17:16:04,779 - Knowledge - INFO - [LLM_CALL] Completed: menubar_features.html:chunk1, Duration: 36033ms, PromptTokens: 2904, CompletionTokens: 505, Cost: $0.00049
2026-03-03 17:16:04,968 - Knowledge - INFO - process ingested knowledge for /app/data/T0015/327978/b5857iz/shopizer-327978/sm-shop/src/main/webapp/resources/templates/bootstrap/js/bootstrap-button.js
2026-03-03 17:16:05,453 - Knowledge - INFO - done ingest for /app/data/T0015/327978/b5857iz/shopizer-327978/sm-shop/src/main/webapp/resources/smart-client/components/components/menubar_features.html
2026-03-03 17:16:05,864 - Knowledge - INFO - process ingested knowledge for /app/data/T0015/327978/b5857iz/shopizer-327978/sm-shop/src/main/webapp/resources/templates/bootstrap/js/bootstrap-alert.js
2026-03-03 17:16:05,969 - Knowledge - INFO - [LLM_CALL] Completed: listGrid_drag.html:chunk1, Duration: 39091ms, PromptTokens: 6266, CompletionTokens: 368, Cost: $0.00077
2026-03-03 17:16:06,338 - Knowledge - INFO - done ingest for /app/data/T0015/327978/b5857iz/shopizer-327978/sm-shop/src/main/webapp/resources/smart-client/components/components/listGrid_drag.html
2026-03-03 17:16:06,475 - Knowledge - INFO - Processing batch of 4 files
2026-03-03 17:16:06,573 - Knowledge - INFO - Processing batch of 4 files
2026-03-03 17:16:06,828 - Knowledge - INFO - process ingested knowledge for /app/data/T0015/327978/b5857iz/shopizer-327978/sm-shop/src/main/webapp/resources/templates/bootstrap/js/bootstrap-popover.js
2026-03-03 17:16:06,928 - Knowledge - INFO - process ingested knowledge for /app/data/T0015/327978/b5857iz/shopizer-327978/sm-shop/src/main/webapp/resources/smart-client/components/components/detailViewer_init.html
2026-03-03 17:16:07,307 - Knowledge - INFO - process ingested knowledge for /app/data/T0015/327978/b5857iz/shopizer-327978/sm-shop/src/main/webapp/resources/smart-client/skins/Enterprise/load_skin.js
2026-03-03 17:16:07,725 - Knowledge - INFO - [LLM_CALL] Completed: event_propagation.html:chunk1, Duration: 54751ms, PromptTokens: 2384, CompletionTokens: 367, Cost: $0.00039
2026-03-03 17:16:07,845 - Knowledge - INFO - process ingested knowledge for /app/data/T0015/327978/b5857iz/shopizer-327978/sm-shop/src/main/webapp/resources/smart-client/components/components/menu_init.html
2026-03-03 17:16:08,149 - Knowledge - INFO - done ingest for /app/data/T0015/327978/b5857iz/shopizer-327978/sm-shop/src/main/webapp/resources/smart-client/components/components/event_propagation.html
2026-03-03 17:16:08,828 - Knowledge - INFO - process ingested knowledge for /app/data/T0015/327978/b5857iz/shopizer-327978/sm-shop/src/main/webapp/resources/smart-client/skins/Enterprise/unsupported_browser.html
2026-03-03 17:16:09,483 - Knowledge - INFO - [LLM_CALL] Completed: treeGrid_init.html:chunk1, Duration: 53178ms, PromptTokens: 2908, CompletionTokens: 277, Cost: $0.00040
2026-03-03 17:16:09,763 - Knowledge - INFO - done ingest for /app/data/T0015/327978/b5857iz/shopizer-327978/sm-shop/src/main/webapp/resources/smart-client/components/components/treeGrid_init.html
2026-03-03 17:16:09,889 - Knowledge - INFO - process ingested knowledge for /app/data/T0015/327978/b5857iz/shopizer-327978/sm-shop/src/main/webapp/resources/smart-client/components/components/index.html
2026-03-03 17:16:11,297 - Knowledge - INFO - process ingested knowledge for /app/data/T0015/327978/b5857iz/shopizer-327978/sm-shop/src/main/webapp/resources/smart-client/skins/Enterprise/skin_styles.css
2026-03-03 17:16:11,460 - Knowledge - INFO - process ingested knowledge for /app/data/T0015/327978/b5857iz/shopizer-327978/sm-shop/src/main/webapp/resources/smart-client/components/components/menubar_features.html
2026-03-03 17:16:13,064 - Knowledge - INFO - process ingested knowledge for /app/data/T0015/327978/b5857iz/shopizer-327978/sm-shop/src/main/webapp/resources/smart-client/skins/EnterpriseBlue/images/readme.txt
2026-03-03 17:16:13,130 - Knowledge - INFO - Processing batch of 4 files
2026-03-03 17:16:13,811 - Knowledge - INFO - process ingested knowledge for /app/data/T0015/327978/b5857iz/shopizer-327978/sm-shop/src/main/webapp/resources/smart-client/components/components/dynamicForm_validators.html
2026-03-03 17:16:14,564 - Knowledge - INFO - [LLM_CALL] Completed: ISC_Workflow.js:chunk1, Duration: 46743ms, PromptTokens: 8054, CompletionTokens: 1152, Cost: $0.00127
2026-03-03 17:16:14,907 - Knowledge - INFO - done ingest for /app/data/T0015/327978/b5857iz/shopizer-327978/sm-shop/src/main/webapp/resources/smart-client/system/modules/ISC_Workflow.js
2026-03-03 17:16:15,604 - Knowledge - INFO - [LLM_CALL] Completed: ISC_SalesForce.js:chunk1, Duration: 45879ms, PromptTokens: 18648, CompletionTokens: 1179, Cost: $0.00234
2026-03-03 17:16:15,746 - Knowledge - INFO - process ingested knowledge for /app/data/T0015/327978/b5857iz/shopizer-327978/sm-shop/src/main/webapp/resources/smart-client/components/components/treeGrid_init.html
2026-03-03 17:16:15,844 - Knowledge - INFO - [LLM_CALL] Completed: ISC_SQLBrowser.js:chunk1, Duration: 47267ms, PromptTokens: 10590, CompletionTokens: 902, Cost: $0.00142
2026-03-03 17:16:16,087 - Knowledge - INFO - done ingest for /app/data/T0015/327978/b5857iz/shopizer-327978/sm-shop/src/main/webapp/resources/smart-client/system/modules/ISC_SQLBrowser.js
2026-03-03 17:16:16,091 - Knowledge - INFO - Processing batch of 4 files
2026-03-03 17:16:16,092 - Knowledge - INFO - [WEBSOCKET] Sent: Type=progress_update, Size: 276, Duration: 2ms
2026-03-03 17:16:16,228 - Knowledge - INFO - process ingested knowledge for /app/data/T0015/327978/b5857iz/shopizer-327978/sm-shop/src/main/webapp/resources/smart-client/components/components/listGrid_drag.html
2026-03-03 17:16:16,499 - Knowledge - INFO - process ingested knowledge for /app/data/T0015/327978/b5857iz/shopizer-327978/sm-shop/src/main/webapp/resources/smart-client/components/components/backButton.html
2026-03-03 17:16:16,747 - Knowledge - INFO - [WEBSOCKET] Sent: Type=unknown, Size: ?, Duration: 658ms
2026-03-03 17:16:17,244 - Knowledge - INFO - Progress: 96.7% | Files: 1132/1167 | Rate: 1.62 files/sec | Queue: 0
2026-03-03 17:16:17,539 - Knowledge - INFO - [LLM_CALL] Completed: ISC_Scheduler.js:chunk1, Duration: 43215ms, PromptTokens: 5888, CompletionTokens: 359, Cost: $0.00073
2026-03-03 17:16:17,643 - Knowledge - INFO - process ingested knowledge for /app/data/T0015/327978/b5857iz/shopizer-327978/sm-shop/src/main/webapp/resources/smart-client/components/components/skin_custom.html
2026-03-03 17:16:17,678 - Knowledge - INFO - process ingested knowledge for /app/data/T0015/327978/b5857iz/shopizer-327978/sm-shop/src/main/webapp/resources/smart-client/components/components/listGrid_init.html
2026-03-03 17:16:17,784 - Knowledge - INFO - done ingest for /app/data/T0015/327978/b5857iz/shopizer-327978/sm-shop/src/main/webapp/resources/smart-client/system/modules/ISC_Scheduler.js
2026-03-03 17:16:18,350 - Knowledge - INFO - process ingested knowledge for /app/data/T0015/327978/b5857iz/shopizer-327978/sm-shop/src/main/webapp/resources/smart-client/components/components/event_propagation.html
2026-03-03 17:16:18,993 - Knowledge - INFO - Processing batch of 4 files
2026-03-03 17:16:19,252 - Knowledge - INFO - process ingested knowledge for /app/data/T0015/327978/b5857iz/shopizer-327978/sm-shop/src/main/webapp/resources/smart-client/system/modules/ISC_Workflow.js
2026-03-03 17:16:20,969 - Knowledge - INFO - process ingested knowledge for /app/data/T0015/327978/b5857iz/shopizer-327978/sm-shop/src/main/webapp/resources/smart-client/components/components/event_logger.html
2026-03-03 17:16:22,129 - Knowledge - INFO - process ingested knowledge for /app/data/T0015/327978/b5857iz/shopizer-327978/sm-shop/src/main/webapp/resources/smart-client/system/modules/ISC_Grids.js
2026-03-03 17:16:22,203 - Knowledge - INFO - Processing batch of 4 files
2026-03-03 17:16:22,552 - Knowledge - INFO - [LLM_CALL] Completed: bootstrap-tab.js:chunk1, Duration: 46420ms, PromptTokens: 2354, CompletionTokens: 320, Cost: $0.00036
2026-03-03 17:16:22,693 - Knowledge - INFO - process ingested knowledge for /app/data/T0015/327978/b5857iz/shopizer-327978/sm-shop/src/main/webapp/resources/smart-client/system/modules/ISC_DataBinding.js
2026-03-03 17:16:22,842 - Knowledge - INFO - done ingest for /app/data/T0015/327978/b5857iz/shopizer-327978/sm-shop/src/main/webapp/resources/templates/bootstrap/js/bootstrap-tab.js
2026-03-03 17:16:23,819 - Knowledge - INFO - process ingested knowledge for /app/data/T0015/327978/b5857iz/shopizer-327978/sm-shop/src/main/webapp/resources/smart-client/system/modules/ISC_Core.js
2026-03-03 17:16:23,883 - Knowledge - INFO - [LLM_CALL] Completed: ISC_History.js:chunk1, Duration: 42886ms, PromptTokens: 11250, CompletionTokens: 458, Cost: $0.00131
2026-03-03 17:16:24,081 - Knowledge - INFO - process ingested knowledge for /app/data/T0015/327978/b5857iz/shopizer-327978/sm-shop/src/main/webapp/resources/smart-client/system/modules/ISC_Drawing.js
2026-03-03 17:16:24,349 - Knowledge - INFO - done ingest for /app/data/T0015/327978/b5857iz/shopizer-327978/sm-shop/src/main/webapp/resources/smart-client/system/modules/ISC_History.js
2026-03-03 17:16:24,624 - Knowledge - INFO - process ingested knowledge for /app/data/T0015/327978/b5857iz/shopizer-327978/sm-shop/src/main/webapp/resources/smart-client/system/modules/ISC_EBay.js
2026-03-03 17:16:24,665 - Knowledge - INFO - process ingested knowledge for /app/data/T0015/327978/b5857iz/shopizer-327978/sm-shop/src/main/webapp/resources/smart-client/system/modules/ISC_SQLBrowser.js
2026-03-03 17:16:24,781 - Knowledge - INFO - [LLM_CALL] Completed: ISC_PluginBridges.js:chunk1, Duration: 59043ms, PromptTokens: 10234, CompletionTokens: 746, Cost: $0.00132
2026-03-03 17:16:25,254 - Knowledge - INFO - done ingest for /app/data/T0015/327978/b5857iz/shopizer-327978/sm-shop/src/main/webapp/resources/smart-client/system/modules/ISC_PluginBridges.js
2026-03-03 17:16:25,321 - Knowledge - INFO - [LLM_CALL] Completed: bootstrap-scrollspy.js:chunk1, Duration: 36813ms, PromptTokens: 2846, CompletionTokens: 444, Cost: $0.00046
2026-03-03 17:16:25,604 - Knowledge - INFO - process ingested knowledge for /app/data/T0015/327978/b5857iz/shopizer-327978/sm-shop/src/main/webapp/resources/smart-client/system/modules/ISC_Calendar.js
2026-03-03 17:16:25,683 - Knowledge - INFO - done ingest for /app/data/T0015/327978/b5857iz/shopizer-327978/sm-shop/src/main/webapp/resources/templates/bootstrap/js/bootstrap-scrollspy.js
2026-03-03 17:16:29,466 - Knowledge - INFO - [LLM_CALL] Completed: bootstrap-collapse.js:chunk1, Duration: 30647ms, PromptTokens: 2842, CompletionTokens: 415, Cost: $0.00045
2026-03-03 17:16:29,924 - Knowledge - INFO - done ingest for /app/data/T0015/327978/b5857iz/shopizer-327978/sm-shop/src/main/webapp/resources/templates/bootstrap/js/bootstrap-collapse.js
2026-03-03 17:16:31,982 - Knowledge - INFO - [LLM_CALL] Completed: ISC_ClassBrowser.js:chunk1, Duration: 63872ms, PromptTokens: 4854, CompletionTokens: 757, Cost: $0.00079
2026-03-03 17:16:32,296 - Knowledge - INFO - done ingest for /app/data/T0015/327978/b5857iz/shopizer-327978/sm-shop/src/main/webapp/resources/smart-client/system/modules/ISC_ClassBrowser.js
2026-03-03 17:16:36,220 - Knowledge - INFO - [LLM_CALL] Completed: ISC_DSBrowser.js:chunk1, Duration: 46874ms, PromptTokens: 8978, CompletionTokens: 636, Cost: $0.00115
2026-03-03 17:16:36,557 - Knowledge - INFO - done ingest for /app/data/T0015/327978/b5857iz/shopizer-327978/sm-shop/src/main/webapp/resources/smart-client/system/modules/ISC_DSBrowser.js
2026-03-03 17:16:36,971 - Knowledge - INFO - [LLM_CALL] Completed: bootstrap-tooltip.js:chunk1, Duration: 61367ms, PromptTokens: 4562, CompletionTokens: 794, Cost: $0.00077
2026-03-03 17:16:37,352 - Knowledge - INFO - done ingest for /app/data/T0015/327978/b5857iz/shopizer-327978/sm-shop/src/main/webapp/resources/templates/bootstrap/js/bootstrap-tooltip.js
2026-03-03 17:16:39,883 - Knowledge - INFO - Processing batch of 4 files
2026-03-03 17:16:40,078 - Knowledge - WARNING - Timeout processing /app/data/T0015/327978/b5857iz/shopizer-327978/sm-shop/src/main/webapp/resources/js/ckeditor/themes/default/theme.js after 90s - using fallback metadata
2026-03-03 17:16:40,121 - Knowledge - INFO - process ingested knowledge for /app/data/T0015/327978/b5857iz/shopizer-327978/sm-shop/src/main/webapp/resources/templates/bootstrap/js/bootstrap-tooltip.js
2026-03-03 17:16:40,269 - Knowledge - INFO - Processing batch of 4 files
2026-03-03 17:16:40,338 - Knowledge - INFO - [LLM_CALL] Completed: ISC_SalesForce.js:chunk2, Duration: 24250ms, PromptTokens: 19292, CompletionTokens: 1179, Cost: $0.00240
2026-03-03 17:16:40,521 - Knowledge - INFO - process ingested knowledge for /app/data/T0015/327978/b5857iz/shopizer-327978/sm-shop/src/main/webapp/resources/templates/bootstrap/js/bootstrap-transition.js
2026-03-03 17:16:40,572 - Knowledge - INFO - process ingested knowledge for /app/data/T0015/327978/b5857iz/shopizer-327978/sm-shop/src/main/webapp/resources/smart-client/system/modules/ISC_Foundation.js
2026-03-03 17:16:40,843 - Knowledge - INFO - process ingested knowledge for /app/data/T0015/327978/b5857iz/shopizer-327978/sm-shop/src/main/webapp/resources/templates/bootstrap/js/bootstrap-scrollspy.js
2026-03-03 17:16:41,141 - Knowledge - INFO - process ingested knowledge for /app/data/T0015/327978/b5857iz/shopizer-327978/sm-shop/src/main/webapp/resources/smart-client/system/modules/ISC_PluginBridges.js
2026-03-03 17:16:42,245 - Knowledge - INFO - process ingested knowledge for /app/data/T0015/327978/b5857iz/shopizer-327978/sm-shop/src/main/webapp/resources/smart-client/system/modules/ISC_Scheduler.js
2026-03-03 17:16:42,308 - Knowledge - INFO - process ingested knowledge for /app/data/T0015/327978/b5857iz/shopizer-327978/sm-shop/src/main/webapp/resources/templates/bootstrap/js/bootstrap-collapse.js
2026-03-03 17:16:43,239 - Knowledge - INFO - process ingested knowledge for /app/data/T0015/327978/b5857iz/shopizer-327978/sm-shop/src/main/webapp/resources/smart-client/system/modules/ISC_DSBrowser.js
2026-03-03 17:16:43,319 - Knowledge - INFO - Processing batch of 5 files
2026-03-03 17:16:43,675 - Knowledge - INFO - process ingested knowledge for /app/data/T0015/327978/b5857iz/shopizer-327978/sm-shop/src/main/webapp/resources/js/ckeditor/plugins/specialchar/dialogs/specialchar.js
2026-03-03 17:16:44,979 - Knowledge - INFO - process ingested knowledge for /app/data/T0015/327978/b5857iz/shopizer-327978/sm-shop/src/main/webapp/resources/js/ckeditor/themes/default/theme.js
2026-03-03 17:16:46,106 - Knowledge - WARNING - Timeout processing /app/data/T0015/327978/b5857iz/shopizer-327978/sm-shop/src/main/webapp/resources/smart-client/skins/EnterpriseBlue/load_skin.js after 90s - using fallback metadata
2026-03-03 17:16:46,214 - Knowledge - WARNING - Timeout processing /app/data/T0015/327978/b5857iz/shopizer-327978/sm-shop/src/main/webapp/resources/smart-client/system/modules/ISC_SalesForce.js after 90s - using fallback metadata
2026-03-03 17:16:46,813 - Knowledge - INFO - process ingested knowledge for /app/data/T0015/327978/b5857iz/shopizer-327978/sm-shop/src/main/webapp/resources/js/ckeditor/config.js
2026-03-03 17:16:47,706 - Knowledge - INFO - [WEBSOCKET] Sent: Type=progress_update, Size: 276, Duration: 0ms
2026-03-03 17:16:47,817 - Knowledge - INFO - process ingested knowledge for /app/data/T0015/327978/b5857iz/shopizer-327978/sm-shop/src/main/webapp/resources/js/adminFunctions.js
2026-03-03 17:16:47,923 - Knowledge - INFO - [WEBSOCKET] Sent: Type=unknown, Size: ?, Duration: 217ms
2026-03-03 17:16:48,226 - Knowledge - INFO - process ingested knowledge for /app/data/T0015/327978/b5857iz/shopizer-327978/sm-shop/src/main/webapp/resources/js/shop-functions.js
2026-03-03 17:16:48,246 - Knowledge - INFO - Progress: 98.8% | Files: 1154/1167 | Rate: 1.58 files/sec | Queue: 0
2026-03-03 17:16:48,902 - Knowledge - INFO - Processing batch of 4 files
2026-03-03 17:16:49,125 - Knowledge - INFO - process ingested knowledge for /app/data/T0015/327978/b5857iz/shopizer-327978/sm-shop/src/main/webapp/resources/smart-client/components/components/widget_attachment.html
2026-03-03 17:16:49,298 - Knowledge - INFO - Processing batch of 4 files
2026-03-03 17:16:49,558 - Knowledge - INFO - process ingested knowledge for /app/data/T0015/327978/b5857iz/shopizer-327978/sm-shop/src/main/webapp/resources/smart-client/skins/EnterpriseBlue/load_skin.js
2026-03-03 17:16:50,399 - Knowledge - INFO - process ingested knowledge for /app/data/T0015/327978/b5857iz/shopizer-327978/sm-shop/src/main/webapp/resources/smart-client/components/components/dynamicForm_init.html
2026-03-03 17:16:51,208 - Knowledge - INFO - process ingested knowledge for /app/data/T0015/327978/b5857iz/shopizer-327978/sm-shop/src/main/webapp/resources/smart-client/system/modules/ISC_SalesForce.js
2026-03-03 17:16:51,377 - Knowledge - INFO - process ingested knowledge for /app/data/T0015/327978/b5857iz/shopizer-327978/sm-shop/src/main/webapp/resources/smart-client/skins/EnterpriseBlue/unsupported_browser.html
2026-03-03 17:16:51,928 - Knowledge - INFO - process ingested knowledge for /app/data/T0015/327978/b5857iz/shopizer-327978/sm-shop/src/main/webapp/resources/smart-client/skins/EnterpriseBlue/skin_styles.css
2026-03-03 17:16:52,825 - Knowledge - INFO - process ingested knowledge for /app/data/T0015/327978/b5857iz/shopizer-327978/sm-shop/src/main/webapp/resources/smart-client/components/components/refresh_response.html
2026-03-03 17:16:52,829 - Knowledge - INFO - process ingested knowledge for /app/data/T0015/327978/b5857iz/shopizer-327978/sm-shop/src/main/webapp/resources/smart-client/system/modules/ISC_Forms.js
2026-03-03 17:17:04,732 - Knowledge - WARNING - Timeout processing /app/data/T0015/327978/b5857iz/shopizer-327978/sm-shop/src/main/webapp/resources/smart-client/system/modules/ISC_RichTextEditor.js after 90s - using fallback metadata
2026-03-03 17:17:10,825 - Knowledge - INFO - Processing batch of 4 files
2026-03-03 17:17:11,239 - Knowledge - INFO - process ingested knowledge for /app/data/T0015/327978/b5857iz/shopizer-327978/sm-shop/src/main/webapp/resources/smart-client/system/modules/ISC_ClassBrowser.js
2026-03-03 17:17:12,038 - Knowledge - INFO - process ingested knowledge for /app/data/T0015/327978/b5857iz/shopizer-327978/sm-shop/src/main/webapp/resources/smart-client/system/modules/ISC_History.js
2026-03-03 17:17:12,837 - Knowledge - INFO - process ingested knowledge for /app/data/T0015/327978/b5857iz/shopizer-327978/sm-shop/src/main/webapp/resources/smart-client/system/modules/ISC_Kapow.js
2026-03-03 17:17:13,672 - Knowledge - INFO - process ingested knowledge for /app/data/T0015/327978/b5857iz/shopizer-327978/sm-shop/src/main/webapp/resources/smart-client/system/modules/ISC_RichTextEditor.js
2026-03-03 17:17:13,731 - Knowledge - WARNING - Timeout processing /app/data/T0015/327978/b5857iz/shopizer-327978/sm-shop/src/main/webapp/resources/templates/bootstrap/js/bootstrap-modal.js after 90s - using fallback metadata
2026-03-03 17:17:13,962 - Knowledge - WARNING - Timeout processing /app/data/T0015/327978/b5857iz/shopizer-327978/sm-shop/src/main/webapp/resources/templates/bootstrap/js/bootstrap-typeahead.js after 90s - using fallback metadata
2026-03-03 17:17:14,198 - Knowledge - INFO - Processing batch of 4 files
2026-03-03 17:17:14,384 - Knowledge - INFO - process ingested knowledge for /app/data/T0015/327978/b5857iz/shopizer-327978/sm-shop/src/main/webapp/resources/templates/bootstrap/js/bootstrap-tab.js
2026-03-03 17:17:14,583 - Knowledge - INFO - process ingested knowledge for /app/data/T0015/327978/b5857iz/shopizer-327978/sm-shop/src/main/webapp/resources/templates/bootstrap/js/bootstrap-dropdown.js
2026-03-03 17:17:14,751 - Knowledge - INFO - process ingested knowledge for /app/data/T0015/327978/b5857iz/shopizer-327978/sm-shop/src/main/webapp/resources/templates/bootstrap/js/bootstrap-modal.js
2026-03-03 17:17:14,956 - Knowledge - INFO - process ingested knowledge for /app/data/T0015/327978/b5857iz/shopizer-327978/sm-shop/src/main/webapp/resources/templates/bootstrap/js/bootstrap-typeahead.js
2026-03-03 17:17:15,556 - Knowledge - INFO - Knowledge creation complete
2026-03-03 17:17:15,730 - Knowledge - INFO - ==================================================
2026-03-03 17:17:15,916 - Knowledge - INFO - KNOWLEDGE GRAPH GENERATION PERFORMANCE SUMMARY
2026-03-03 17:17:16,104 - Knowledge - INFO - ==================================================
2026-03-03 17:17:16,266 - Knowledge - INFO - Total processing time: 757.44 seconds (12.62 minutes)
2026-03-03 17:17:16,489 - Knowledge - INFO - Files processed: 0
2026-03-03 17:17:16,668 - Knowledge - INFO - Processing rate: 0.00 files/second
2026-03-03 17:17:16,856 - Knowledge - INFO - 
[TIME_BREAKDOWN]
2026-03-03 17:17:17,064 - Knowledge - INFO - File Reading: 0.00s (0.0%)
2026-03-03 17:17:17,260 - Knowledge - INFO - LLM Processing: 13840.28s (1827.2%)
2026-03-03 17:17:17,452 - Knowledge - INFO - MongoDB Operations: 0.00s (0.0%)
2026-03-03 17:17:17,634 - Knowledge - INFO - Redis Operations: 0.00s (0.0%)
2026-03-03 17:17:17,813 - Knowledge - INFO - WebSocket Communication: 64.93s (8.6%)
2026-03-03 17:17:17,989 - Knowledge - INFO - 
[LLM_STATS]
2026-03-03 17:17:18,161 - Knowledge - INFO - Total LLM calls: 299
2026-03-03 17:17:18,339 - Knowledge - INFO - Average LLM response time: 46289ms
2026-03-03 17:17:18,488 - Knowledge - INFO - Average prompt tokens: 6038.0
2026-03-03 17:17:18,694 - Knowledge - INFO - Average completion tokens: 532.0
2026-03-03 17:17:18,863 - Knowledge - INFO - Total prompt tokens: 1805350
2026-03-03 17:17:19,098 - Knowledge - INFO - Total completion tokens: 159062
2026-03-03 17:17:19,290 - Knowledge - INFO - Total LLM cost: $0.2442
2026-03-03 17:17:19,492 - Knowledge - INFO - 
[DATABASE_STATS]
2026-03-03 17:17:19,675 - Knowledge - INFO - MongoDB operations: 0
2026-03-03 17:17:19,859 - Knowledge - INFO - Redis operations: 0
2026-03-03 17:17:20,086 - Knowledge - INFO - 
[COMMUNICATION_STATS]
2026-03-03 17:17:20,267 - Knowledge - INFO - WebSocket messages sent: 67
2026-03-03 17:17:20,454 - Knowledge - INFO - Average message size: 146.4 bytes
2026-03-03 17:17:20,641 - Knowledge - INFO - 
[WORKER_STATS]
2026-03-03 17:17:20,832 - Knowledge - INFO - 
[FILE_TYPE_STATS]
2026-03-03 17:17:21,011 - Knowledge - INFO - 
[SLOWEST_FILES]
2026-03-03 17:17:21,207 - Knowledge - INFO - ==================================================
2026-03-03 17:17:21,408 - Knowledge - INFO - ==================================================
2026-03-03 17:17:21,587 - Knowledge - INFO - KNOWLEDGE GRAPH GENERATION PERFORMANCE SUMMARY
2026-03-03 17:17:21,756 - Knowledge - INFO - ==================================================
2026-03-03 17:17:21,916 - Knowledge - INFO - Total processing time: 763.29 seconds (12.72 minutes)
2026-03-03 17:17:22,136 - Knowledge - INFO - Files processed: 1167 of 1167
2026-03-03 17:17:22,319 - Knowledge - INFO - Processing rate: 1.53 files/second
2026-03-03 17:17:22,487 - Knowledge - INFO - WebSocket messages sent: 33
2026-03-03 17:17:22,696 - Knowledge - INFO - MongoDB operations: 1167
2026-03-03 17:17:22,897 - Knowledge - INFO - Average MongoDB ops per file: 1.00
2026-03-03 17:17:23,076 - Knowledge - INFO - LLM costs: $0.2483
2026-03-03 17:17:23,271 - Knowledge - INFO - Prompt tokens: 1828540
2026-03-03 17:17:23,497 - Knowledge - INFO - Completion tokens: 163591
2026-03-03 17:17:23,678 - Knowledge - INFO - Updating org costs, total cost: 0.24829039999999994
2026-03-03 17:17:24,856 - Knowledge - INFO - [WEBSOCKET] Sent: Type=progress_update, Size: 271, Duration: 0ms
2026-03-03 17:17:25,007 - Knowledge - INFO - Saving knowledge to Redis...
2026-03-03 17:17:26,165 - Knowledge - INFO - Knowledge saved to Redis successfully
